latitude,longitude,elevation,utc_offset_seconds,timezone,timezone_abbreviation
-33.899998,18.40001,24.0,0,GMT,GMT

time,pm10 (μg/m³),pm2_5 (μg/m³),carbon_monoxide (μg/m³),nitrogen_dioxide (μg/m³),sulphur_dioxide (μg/m³),ozone (μg/m³)
2023-01-01T00:00,9.4,6.1,81.0,2.3,4.3,34.0
2023-01-01T01:00,9.0,5.9,81.0,2.3,4.3,34.0
2023-01-01T02:00,8.8,5.8,81.0,2.2,4.4,33.0
2023-01-01T03:00,8.8,5.8,87.0,2.3,4.7,33.0
2023-01-01T04:00,9.0,6.0,99.0,2.8,5.2,33.0
2023-01-01T05:00,10.0,6.7,116.0,3.5,5.8,34.0
2023-01-01T06:00,11.6,7.9,136.0,4.1,6.6,40.0
2023-01-01T07:00,15.3,10.4,148.0,3.8,6.9,52.0
2023-01-01T08:00,20.1,13.7,158.0,3.2,7.2,68.0
2023-01-01T09:00,25.0,17.1,168.0,2.5,7.7,86.0
2023-01-01T10:00,29.2,19.8,172.0,2.3,8.1,94.0
2023-01-01T11:00,31.4,21.1,173.0,2.3,8.8,99.0
2023-01-01T12:00,20.4,13.4,139.0,2.0,6.8,90.0
2023-01-01T13:00,22.2,14.3,132.0,2.2,6.4,85.0
2023-01-01T14:00,20.5,12.8,122.0,2.4,5.8,78.0
2023-01-01T15:00,18.5,11.3,112.0,3.0,5.0,67.0
2023-01-01T16:00,16.5,10.0,112.0,4.1,4.7,57.0
2023-01-01T17:00,14.7,8.9,115.0,5.4,4.6,46.0
2023-01-01T18:00,13.2,8.1,118.0,6.7,4.4,35.0
2023-01-01T19:00,12.0,7.5,117.0,6.6,4.4,32.0
2023-01-01T20:00,11.6,7.3,115.0,5.9,4.4,31.0
2023-01-01T21:00,11.5,7.3,108.0,4.9,4.4,32.0
2023-01-01T22:00,11.2,7.1,97.0,4.1,4.3,33.0
2023-01-01T23:00,10.9,6.9,83.0,3.2,4.2,34.0
2023-01-02T00:00,10.9,7.3,79.0,2.8,4.9,34.0
2023-01-02T01:00,11.4,7.6,79.0,2.7,5.0,33.0
2023-01-02T02:00,11.8,8.0,80.0,2.6,5.1,32.0
2023-01-02T03:00,12.4,8.4,87.0,2.8,5.4,32.0
2023-01-02T04:00,13.1,9.0,102.0,3.8,6.2,31.0
2023-01-02T05:00,14.8,10.2,121.0,5.1,7.2,30.0
2023-01-02T06:00,19.0,13.0,147.0,5.9,8.1,36.0
2023-01-02T07:00,27.4,18.8,163.0,5.0,8.2,53.0
2023-01-02T08:00,39.0,26.8,177.0,3.2,8.1,77.0
2023-01-02T09:00,52.4,36.1,195.0,1.3,7.9,101.0
2023-01-02T10:00,67.5,46.4,207.0,0.8,7.9,105.0
2023-01-02T11:00,80.1,55.1,218.0,0.7,7.9,103.0
2023-01-02T12:00,78.9,53.9,249.0,1.4,10.8,122.0
2023-01-02T13:00,70.8,48.0,258.0,3.0,11.9,110.0
2023-01-02T14:00,58.8,39.5,270.0,5.3,13.5,93.0
2023-01-02T15:00,47.5,31.7,281.0,8.2,15.0,74.0
2023-01-02T16:00,40.5,26.8,281.0,9.9,15.1,66.0
2023-01-02T17:00,36.0,24.0,277.0,11.6,14.7,61.0
2023-01-02T18:00,33.6,22.7,269.0,12.8,13.9,54.0
2023-01-02T19:00,36.4,24.9,261.0,12.6,13.1,48.0
2023-01-02T20:00,40.4,27.8,252.0,11.7,12.3,41.0
2023-01-02T21:00,48.8,33.6,238.0,10.4,11.1,36.0
2023-01-02T22:00,59.8,41.4,228.0,9.6,10.1,36.0
2023-01-02T23:00,61.0,42.0,217.0,8.7,9.1,38.0
2023-01-03T00:00,63.6,43.9,228.0,7.5,8.6,35.0
2023-01-03T01:00,55.4,38.3,215.0,6.8,9.1,37.0
2023-01-03T02:00,43.5,30.2,196.0,5.8,9.9,41.0
2023-01-03T03:00,36.6,25.4,177.0,4.8,10.7,44.0
2023-01-03T04:00,29.4,20.5,170.0,5.0,10.6,42.0
2023-01-03T05:00,21.8,15.3,168.0,5.6,10.1,39.0
2023-01-03T06:00,17.9,12.6,174.0,6.0,9.8,43.0
2023-01-03T07:00,17.5,12.2,192.0,5.8,9.9,59.0
2023-01-03T08:00,22.5,15.3,217.0,5.4,10.4,82.0
2023-01-03T09:00,26.1,17.7,239.0,4.7,10.4,107.0
2023-01-03T10:00,27.4,18.5,234.0,3.8,9.8,114.0
2023-01-03T11:00,26.7,18.0,218.0,2.8,8.8,116.0
2023-01-03T12:00,39.5,26.6,651.0,15.6,43.3,202.0
2023-01-03T13:00,35.6,24.0,644.0,15.9,41.0,197.0
2023-01-03T14:00,37.4,25.3,633.0,16.4,37.8,189.0
2023-01-03T15:00,40.9,27.6,607.0,16.8,32.8,173.0
2023-01-03T16:00,45.8,31.2,576.0,16.9,28.6,154.0
2023-01-03T17:00,49.2,33.6,538.0,16.8,24.0,132.0
2023-01-03T18:00,48.5,33.1,474.0,15.9,18.7,102.0
2023-01-03T19:00,41.7,28.1,410.0,14.1,15.9,82.0
2023-01-03T20:00,31.2,20.7,337.0,11.7,13.7,63.0
2023-01-03T21:00,32.7,21.2,254.0,9.1,11.4,43.0
2023-01-03T22:00,39.3,25.3,217.0,8.1,10.0,33.0
2023-01-03T23:00,41.2,26.4,192.0,7.7,9.0,27.0
2023-01-04T00:00,37.0,23.6,170.0,7.2,7.3,21.0
2023-01-04T01:00,30.2,19.1,156.0,6.6,6.7,21.0
2023-01-04T02:00,28.1,17.8,136.0,5.8,5.8,21.0
2023-01-04T03:00,29.2,18.2,115.0,4.7,4.9,22.0
2023-01-04T04:00,31.8,19.6,109.0,4.0,4.7,24.0
2023-01-04T05:00,36.9,22.2,108.0,3.3,4.7,26.0
2023-01-04T06:00,44.7,26.6,115.0,2.9,5.2,32.0
2023-01-04T07:00,44.0,26.0,121.0,3.0,5.8,37.0
2023-01-04T08:00,42.0,24.6,132.0,3.4,6.5,43.0
2023-01-04T09:00,42.7,25.2,174.0,4.7,9.9,57.0
2023-01-04T10:00,44.8,26.9,256.0,6.8,16.5,78.0
2023-01-04T11:00,50.5,30.7,364.0,9.6,25.2,105.0
2023-01-04T12:00,67.5,42.4,559.0,14.1,39.3,149.0
2023-01-04T13:00,59.6,37.3,511.0,13.1,35.2,136.0
2023-01-04T14:00,54.4,33.3,441.0,11.6,29.4,116.0
2023-01-04T15:00,45.8,27.4,341.0,9.3,21.2,89.0
2023-01-04T16:00,36.3,21.2,260.0,7.3,15.2,68.0
2023-01-04T17:00,33.2,19.0,172.0,5.2,9.1,47.0
2023-01-04T18:00,31.9,18.1,85.0,2.8,3.0,26.0
2023-01-04T19:00,30.4,17.2,61.0,2.0,1.2,22.0
2023-01-04T20:00,31.3,17.5,61.0,1.5,1.2,23.0
2023-01-04T21:00,31.4,17.5,66.0,1.2,1.5,27.0
2023-01-04T22:00,30.7,17.1,63.0,1.0,1.4,28.0
2023-01-04T23:00,30.4,16.8,62.0,0.9,1.3,28.0
2023-01-05T00:00,34.5,19.0,62.0,0.9,1.5,28.0
2023-01-05T01:00,33.5,18.5,61.0,0.9,1.4,28.0
2023-01-05T02:00,31.2,17.3,60.0,0.8,1.2,28.0
2023-01-05T03:00,29.0,15.9,59.0,0.7,1.1,28.0
2023-01-05T04:00,28.2,15.4,59.0,0.6,1.1,28.0
2023-01-05T05:00,28.2,15.5,59.0,0.6,1.0,27.0
2023-01-05T06:00,27.8,15.5,63.0,0.6,1.3,28.0
2023-01-05T07:00,27.4,15.4,66.0,0.6,1.5,29.0
2023-01-05T08:00,27.2,15.4,70.0,0.7,2.0,32.0
2023-01-05T09:00,28.3,16.2,91.0,1.4,3.7,37.0
2023-01-05T10:00,30.6,17.9,133.0,2.8,7.2,45.0
2023-01-05T11:00,33.9,20.3,188.0,4.7,11.8,56.0
2023-01-05T12:00,35.0,21.2,227.0,5.9,14.4,63.0
2023-01-05T13:00,34.7,21.1,220.0,6.6,13.7,54.0
2023-01-05T14:00,31.7,19.0,209.0,7.5,12.6,42.0
2023-01-05T15:00,27.7,16.4,186.0,7.8,10.4,29.0
2023-01-05T16:00,24.3,14.1,157.0,6.5,8.1,26.0
2023-01-05T17:00,21.9,12.5,121.0,4.4,5.2,25.0
2023-01-05T18:00,19.7,11.3,84.0,2.2,2.2,26.0
2023-01-05T19:00,18.0,10.4,74.0,1.6,1.5,26.0
2023-01-05T20:00,17.2,10.0,74.0,1.6,1.5,26.0
2023-01-05T21:00,17.1,9.9,76.0,1.7,1.8,26.0
2023-01-05T22:00,17.0,9.9,75.0,1.6,1.8,26.0
2023-01-05T23:00,16.4,9.5,75.0,1.6,1.9,25.0
2023-01-06T00:00,17.3,10.1,77.0,2.0,2.2,24.0
2023-01-06T01:00,16.8,9.8,77.0,2.0,2.2,24.0
2023-01-06T02:00,16.5,9.7,76.0,2.0,2.2,24.0
2023-01-06T03:00,16.1,9.5,76.0,1.9,2.2,24.0
2023-01-06T04:00,16.0,9.5,75.0,1.7,2.2,24.0
2023-01-06T05:00,16.0,9.7,74.0,1.4,2.2,25.0
2023-01-06T06:00,17.1,10.5,81.0,1.4,2.7,28.0
2023-01-06T07:00,18.9,11.7,90.0,1.5,3.4,33.0
2023-01-06T08:00,21.2,13.4,103.0,2.0,4.4,40.0
2023-01-06T09:00,26.9,17.2,150.0,3.5,7.8,53.0
2023-01-06T10:00,36.0,23.5,239.0,6.1,13.9,72.0
2023-01-06T11:00,45.5,29.9,355.0,9.6,21.6,95.0
2023-01-06T12:00,57.5,38.6,477.0,13.8,28.3,112.0
2023-01-06T13:00,52.6,35.3,426.0,13.6,24.9,92.0
2023-01-06T14:00,42.6,28.1,353.0,13.3,19.9,64.0
2023-01-06T15:00,30.0,19.3,260.0,12.0,13.6,34.0
2023-01-06T16:00,21.4,13.2,201.0,9.7,9.6,27.0
2023-01-06T17:00,17.5,10.5,147.0,6.7,5.9,27.0
2023-01-06T18:00,16.2,9.7,95.0,3.6,2.5,28.0
2023-01-06T19:00,15.6,9.4,83.0,3.0,1.7,27.0
2023-01-06T20:00,15.1,9.2,88.0,3.2,2.0,27.0
2023-01-06T21:00,14.3,8.8,95.0,3.5,2.5,26.0
2023-01-06T22:00,13.1,8.1,91.0,3.3,2.6,26.0
2023-01-06T23:00,12.1,7.6,86.0,3.0,2.7,25.0
2023-01-07T00:00,11.6,7.5,90.0,3.5,3.0,24.0
2023-01-07T01:00,11.1,7.1,86.0,3.2,2.9,24.0
2023-01-07T02:00,9.9,6.4,82.0,2.7,2.7,23.0
2023-01-07T03:00,9.4,6.2,80.0,2.2,2.7,24.0
2023-01-07T04:00,9.7,6.4,83.0,2.2,2.7,24.0
2023-01-07T05:00,10.9,7.4,90.0,2.2,2.8,25.0
2023-01-07T06:00,13.8,9.4,111.0,2.7,3.8,31.0
2023-01-07T07:00,18.5,12.7,130.0,3.0,4.8,40.0
2023-01-07T08:00,25.1,17.2,154.0,3.6,6.3,53.0
2023-01-07T09:00,36.7,25.2,234.0,5.7,11.1,76.0
2023-01-07T10:00,56.0,38.5,381.0,9.7,19.6,104.0
2023-01-07T11:00,79.9,54.8,573.0,14.9,30.6,138.0
2023-01-07T12:00,70.8,48.2,616.0,16.7,36.1,146.0
2023-01-07T13:00,67.3,45.3,543.0,16.5,31.5,117.0
2023-01-07T14:00,52.7,34.9,438.0,16.0,25.0,76.0
2023-01-07T15:00,37.1,24.1,309.0,14.7,16.7,33.0
2023-01-07T16:00,26.3,16.8,236.0,12.4,11.9,23.0
2023-01-07T17:00,19.7,12.5,172.0,9.2,7.5,23.0
2023-01-07T18:00,15.9,10.1,114.0,6.1,3.4,26.0
2023-01-07T19:00,14.1,9.1,102.0,5.3,2.3,25.0
2023-01-07T20:00,13.3,8.7,110.0,5.3,2.5,23.0
2023-01-07T21:00,13.6,8.9,123.0,5.7,3.2,22.0
2023-01-07T22:00,13.8,9.1,125.0,5.9,3.3,21.0
2023-01-07T23:00,12.9,8.6,127.0,6.2,3.5,21.0
2023-01-08T00:00,13.0,8.7,136.0,7.2,4.4,19.0
2023-01-08T01:00,13.2,8.8,135.0,7.1,4.5,18.0
2023-01-08T02:00,13.6,9.2,134.0,6.8,4.6,17.0
2023-01-08T03:00,14.0,9.4,136.0,6.3,4.8,18.0
2023-01-08T04:00,14.6,9.8,141.0,5.8,4.8,21.0
2023-01-08T05:00,15.8,10.7,149.0,5.1,4.8,25.0
2023-01-08T06:00,19.3,13.2,168.0,4.6,5.8,37.0
2023-01-08T07:00,26.0,17.8,183.0,4.3,7.2,53.0
2023-01-08T08:00,34.2,23.4,202.0,4.3,9.1,74.0
2023-01-08T09:00,41.3,28.2,261.0,5.5,14.2,102.0
2023-01-08T10:00,45.9,31.0,366.0,8.1,22.6,126.0
2023-01-08T11:00,49.5,32.9,503.0,11.8,33.5,151.0
2023-01-08T12:00,47.5,31.2,613.0,15.1,43.8,172.0
2023-01-08T13:00,46.8,30.2,573.0,15.2,40.2,149.0
2023-01-08T14:00,39.1,24.7,514.0,15.3,35.0,117.0
2023-01-08T15:00,32.8,20.3,420.0,14.4,27.0,79.0
2023-01-08T16:00,30.2,18.2,329.0,12.1,19.9,60.0
2023-01-08T17:00,28.0,16.7,224.0,8.9,12.0,46.0
2023-01-08T18:00,27.0,15.8,118.0,5.5,4.2,33.0
2023-01-08T19:00,26.5,15.4,90.0,4.4,2.2,28.0
2023-01-08T20:00,25.7,14.9,90.0,4.0,2.3,28.0
2023-01-08T21:00,24.9,14.4,97.0,3.8,3.1,28.0
2023-01-08T22:00,23.6,13.8,94.0,3.7,3.2,27.0
2023-01-08T23:00,21.5,12.7,94.0,3.8,3.3,27.0
2023-01-09T00:00,14.8,9.5,114.0,5.4,4.4,27.0
2023-01-09T01:00,13.8,9.2,116.0,5.6,4.6,26.0
2023-01-09T02:00,14.0,9.5,120.0,5.8,4.8,24.0
2023-01-09T03:00,15.1,10.4,130.0,5.9,5.4,25.0
2023-01-09T04:00,17.2,12.0,141.0,5.7,5.6,28.0
2023-01-09T05:00,20.8,14.5,154.0,5.3,5.8,32.0
2023-01-09T06:00,29.0,20.2,185.0,4.9,7.6,47.0
2023-01-09T07:00,42.3,29.3,204.0,4.3,10.2,68.0
2023-01-09T08:00,59.4,41.1,227.0,3.7,13.9,95.0
2023-01-09T09:00,79.6,55.3,333.0,5.0,22.1,134.0
2023-01-09T10:00,104.5,72.4,528.0,9.4,33.8,166.0
2023-01-09T11:00,142.5,98.5,786.0,15.8,48.5,201.0
2023-01-09T12:00,147.6,101.0,1009.0,16.5,64.5,289.0
2023-01-09T13:00,171.8,117.3,1053.0,17.8,61.2,273.0
2023-01-09T14:00,165.3,112.7,1114.0,19.5,56.6,250.0
2023-01-09T15:00,140.2,95.0,1123.0,20.9,49.0,210.0
2023-01-09T16:00,120.6,80.8,1013.0,20.0,41.8,168.0
2023-01-09T17:00,106.4,70.1,842.0,18.1,33.5,120.0
2023-01-09T18:00,99.4,65.0,654.0,16.0,24.9,68.0
2023-01-09T19:00,95.2,62.6,600.0,15.5,22.5,51.0
2023-01-09T20:00,92.7,61.5,583.0,15.4,22.2,45.0
2023-01-09T21:00,91.5,61.2,567.0,15.4,22.3,40.0
2023-01-09T22:00,87.1,58.9,541.0,15.3,21.8,34.0
2023-01-09T23:00,79.2,54.0,515.0,15.3,21.4,30.0
2023-01-10T00:00,59.0,40.6,299.0,8.4,5.5,25.0
2023-01-10T01:00,58.6,40.4,283.0,7.8,5.2,23.0
2023-01-10T02:00,58.2,40.4,260.0,6.9,4.7,21.0
2023-01-10T03:00,56.2,39.1,236.0,5.9,4.4,20.0
2023-01-10T04:00,54.9,38.3,225.0,5.3,5.1,19.0
2023-01-10T05:00,55.8,38.9,218.0,4.8,6.2,20.0
2023-01-10T06:00,65.7,45.8,231.0,4.2,6.7,29.0
2023-01-10T07:00,78.2,54.7,272.0,3.7,5.7,48.0
2023-01-10T08:00,103.8,72.6,330.0,3.2,4.0,75.0
2023-01-10T09:00,130.9,91.5,394.0,2.9,2.0,107.0
2023-01-10T10:00,146.2,102.0,418.0,3.5,1.2,125.0
2023-01-10T11:00,145.8,101.5,431.0,4.3,0.8,140.0
2023-01-10T12:00,129.0,89.9,462.0,3.1,0.2,140.0
2023-01-10T13:00,99.0,68.9,417.0,4.4,0.0,122.0
2023-01-10T14:00,76.6,53.3,354.0,6.4,0.0,97.0
2023-01-10T15:00,66.8,46.6,295.0,9.8,0.2,68.0
2023-01-10T16:00,64.3,44.8,296.0,13.3,2.3,57.0
2023-01-10T17:00,60.1,41.7,319.0,17.4,5.6,50.0
2023-01-10T18:00,52.9,36.7,342.0,21.1,9.2,43.0
2023-01-10T19:00,43.1,29.9,339.0,21.2,11.0,36.0
2023-01-10T20:00,37.8,26.3,327.0,19.9,12.3,29.0
2023-01-10T21:00,32.0,22.2,300.0,17.4,13.1,22.0
2023-01-10T22:00,27.0,18.7,266.0,15.2,12.9,20.0
2023-01-10T23:00,21.9,15.2,223.0,12.6,11.9,20.0
2023-01-11T00:00,18.9,13.0,184.0,10.1,11.2,22.0
2023-01-11T01:00,18.5,12.8,171.0,9.1,10.4,21.0
2023-01-11T02:00,19.0,13.2,153.0,7.7,9.4,19.0
2023-01-11T03:00,20.2,14.0,137.0,5.8,8.3,21.0
2023-01-11T04:00,21.8,15.1,139.0,4.8,8.3,26.0
2023-01-11T05:00,23.7,16.5,149.0,3.8,8.6,34.0
2023-01-11T06:00,29.2,20.3,166.0,2.8,9.1,48.0
2023-01-11T07:00,38.2,26.5,183.0,2.3,9.3,61.0
2023-01-11T08:00,47.6,32.9,202.0,2.0,9.4,77.0
2023-01-11T09:00,52.6,36.3,224.0,1.7,9.9,94.0
2023-01-11T10:00,50.5,34.9,234.0,1.6,10.8,101.0
2023-01-11T11:00,46.3,31.8,241.0,1.5,11.8,106.0
2023-01-11T12:00,44.2,30.2,234.0,1.6,12.5,105.0
2023-01-11T13:00,38.8,26.4,225.0,1.7,12.0,103.0
2023-01-11T14:00,30.7,20.8,212.0,2.0,11.3,101.0
2023-01-11T15:00,26.5,17.8,195.0,3.0,10.2,91.0
2023-01-11T16:00,22.8,15.0,184.0,4.9,9.3,75.0
2023-01-11T17:00,19.6,12.7,175.0,7.6,8.2,54.0
2023-01-11T18:00,17.1,11.0,165.0,10.1,7.2,32.0
2023-01-11T19:00,14.4,9.3,162.0,10.1,7.0,27.0
2023-01-11T20:00,12.1,7.9,162.0,9.4,7.0,28.0
2023-01-11T21:00,12.7,8.4,162.0,8.4,7.1,30.0
2023-01-11T22:00,14.0,9.4,161.0,8.4,7.0,29.0
2023-01-11T23:00,14.3,9.7,161.0,8.6,7.0,28.0
2023-01-12T00:00,24.4,16.9,207.0,12.2,8.7,24.0
2023-01-12T01:00,33.4,23.2,217.0,13.1,9.8,22.0
2023-01-12T02:00,41.7,28.8,231.0,14.1,11.4,20.0
2023-01-12T03:00,45.9,31.9,235.0,14.2,12.2,19.0
2023-01-12T04:00,44.0,30.6,213.0,12.1,10.9,21.0
2023-01-12T05:00,34.6,23.9,179.0,8.8,8.4,24.0
2023-01-12T06:00,31.5,21.4,147.0,5.2,6.4,32.0
2023-01-12T07:00,33.3,22.1,133.0,4.0,6.1,38.0
2023-01-12T08:00,34.9,22.8,127.0,3.5,6.4,46.0
2023-01-12T09:00,38.6,24.9,178.0,4.5,11.4,67.0
2023-01-12T10:00,44.1,28.1,307.0,7.5,22.5,101.0
2023-01-12T11:00,51.2,32.1,486.0,11.9,37.5,145.0
2023-01-12T12:00,61.9,38.9,671.0,16.4,52.2,187.0
2023-01-12T13:00,61.9,38.5,692.0,16.7,52.6,190.0
2023-01-12T14:00,59.8,37.5,720.0,17.2,53.0,193.0
2023-01-12T15:00,52.2,32.6,691.0,16.8,49.0,180.0
2023-01-12T16:00,41.8,26.1,566.0,14.9,38.9,144.0
2023-01-12T17:00,32.7,20.5,385.0,11.9,25.0,95.0
2023-01-12T18:00,28.3,17.8,189.0,8.7,10.1,42.0
2023-01-12T19:00,26.7,16.6,129.0,7.3,5.8,27.0
2023-01-12T20:00,26.5,16.4,109.0,6.5,4.8,24.0
2023-01-12T21:00,27.8,16.9,100.0,5.9,4.8,24.0
2023-01-12T22:00,29.3,17.6,94.0,5.8,4.7,22.0
2023-01-12T23:00,29.7,18.0,97.0,5.9,5.3,22.0
2023-01-13T00:00,34.0,21.2,137.0,9.6,7.8,18.0
2023-01-13T01:00,34.3,22.0,142.0,9.9,8.2,17.0
2023-01-13T02:00,34.6,22.7,148.0,10.5,8.7,15.0
2023-01-13T03:00,38.0,25.1,158.0,10.6,9.5,15.0
2023-01-13T04:00,40.9,27.3,162.0,9.8,9.9,16.0
2023-01-13T05:00,44.9,30.3,166.0,8.4,10.4,19.0
2023-01-13T06:00,54.1,36.7,186.0,6.8,12.0,33.0
2023-01-13T07:00,69.8,46.9,204.0,6.1,13.3,54.0
2023-01-13T08:00,84.3,56.7,229.0,5.6,15.1,82.0
2023-01-13T09:00,101.3,68.0,333.0,6.4,23.1,129.0
2023-01-13T10:00,117.1,78.5,525.0,9.4,38.4,179.0
2023-01-13T11:00,123.4,82.7,778.0,13.4,58.5,238.0
2023-01-13T12:00,118.7,79.2,1032.0,17.6,78.6,292.0
2023-01-13T13:00,107.6,71.5,1096.0,18.5,83.2,299.0
2023-01-13T14:00,96.2,63.1,1094.0,18.2,82.2,287.0
2023-01-13T15:00,82.9,54.0,1006.0,17.0,74.3,252.0
2023-01-13T16:00,71.2,46.3,853.0,15.8,61.3,208.0
2023-01-13T17:00,61.5,39.8,639.0,13.9,43.5,151.0
2023-01-13T18:00,53.8,34.8,390.0,11.4,23.2,86.0
2023-01-13T19:00,46.3,29.9,281.0,9.6,15.1,59.0
2023-01-13T20:00,41.1,26.3,206.0,7.8,10.1,43.0
2023-01-13T21:00,37.0,23.3,135.0,5.7,5.8,29.0
2023-01-13T22:00,32.0,19.6,101.0,4.3,3.8,23.0
2023-01-13T23:00,27.3,16.1,86.0,3.3,3.1,23.0
2023-01-14T00:00,25.0,14.4,76.0,2.2,2.8,23.0
2023-01-14T01:00,22.8,13.1,70.0,1.9,2.4,22.0
2023-01-14T02:00,21.0,12.0,68.0,1.8,2.3,22.0
2023-01-14T03:00,19.6,11.3,69.0,1.8,2.3,23.0
2023-01-14T04:00,18.9,11.0,68.0,1.5,2.2,23.0
2023-01-14T05:00,18.9,11.0,68.0,1.2,2.2,24.0
2023-01-14T06:00,20.5,12.2,75.0,1.2,2.6,27.0
2023-01-14T07:00,21.9,13.2,85.0,1.5,3.3,33.0
2023-01-14T08:00,23.5,14.4,100.0,2.0,4.3,40.0
2023-01-14T09:00,26.1,16.1,140.0,3.2,7.4,53.0
2023-01-14T10:00,29.9,18.5,204.0,5.2,12.6,68.0
2023-01-14T11:00,33.3,20.6,286.0,7.8,19.1,86.0
2023-01-14T12:00,34.3,21.2,356.0,10.3,24.8,99.0
2023-01-14T13:00,32.9,20.3,347.0,11.0,24.0,93.0
2023-01-14T14:00,29.6,17.9,305.0,11.0,20.5,77.0
2023-01-14T15:00,25.5,15.1,238.0,10.0,15.1,58.0
2023-01-14T16:00,21.8,12.6,187.0,8.0,11.1,48.0
2023-01-14T17:00,20.3,11.6,131.0,5.2,6.7,40.0
2023-01-14T18:00,19.0,10.9,74.0,2.3,2.2,32.0
2023-01-14T19:00,17.8,10.2,60.0,1.5,1.1,30.0
2023-01-14T20:00,16.4,9.5,61.0,1.5,1.2,31.0
2023-01-14T21:00,15.3,9.0,65.0,1.5,1.6,32.0
2023-01-14T22:00,13.9,8.2,64.0,1.5,1.6,31.0
2023-01-14T23:00,12.5,7.5,64.0,1.5,1.6,31.0
2023-01-15T00:00,12.0,7.2,64.0,1.5,1.8,30.0
2023-01-15T01:00,12.0,7.2,64.0,1.5,1.8,30.0
2023-01-15T02:00,12.0,7.2,63.0,1.5,1.7,30.0
2023-01-15T03:00,12.0,7.2,63.0,1.4,1.7,30.0
2023-01-15T04:00,11.9,7.2,62.0,1.2,1.6,30.0
2023-01-15T05:00,12.0,7.3,61.0,1.0,1.5,30.0
2023-01-15T06:00,13.0,7.9,66.0,1.0,1.8,32.0
2023-01-15T07:00,13.9,8.7,72.0,1.1,2.2,35.0
2023-01-15T08:00,15.0,9.5,81.0,1.5,3.0,40.0
2023-01-15T09:00,17.6,11.3,115.0,2.7,5.7,49.0
2023-01-15T10:00,21.6,13.8,178.0,5.1,10.8,61.0
2023-01-15T11:00,25.7,16.5,259.0,8.2,17.4,77.0
2023-01-15T12:00,26.8,17.1,149.0,2.2,7.1,77.0
2023-01-15T13:00,24.3,15.2,145.0,3.0,6.9,67.0
2023-01-15T14:00,21.5,13.2,140.0,4.0,6.8,53.0
2023-01-15T15:00,19.6,11.8,132.0,5.1,6.3,37.0
2023-01-15T16:00,17.7,10.6,126.0,5.3,5.8,32.0
2023-01-15T17:00,15.7,9.5,120.0,5.3,5.0,30.0
2023-01-15T18:00,13.6,8.5,112.0,5.0,4.2,28.0
2023-01-15T19:00,12.3,7.8,108.0,4.7,4.1,27.0
2023-01-15T20:00,11.5,7.4,105.0,4.2,4.1,26.0
2023-01-15T21:00,11.3,7.3,100.0,3.5,4.1,26.0
2023-01-15T22:00,11.2,7.4,92.0,3.0,4.0,26.0
2023-01-15T23:00,10.7,7.1,83.0,2.6,4.0,26.0
2023-01-16T00:00,10.4,7.0,75.0,2.2,4.1,26.0
2023-01-16T01:00,10.7,7.2,75.0,2.2,4.2,26.0
2023-01-16T02:00,10.9,7.4,75.0,2.0,4.2,25.0
2023-01-16T03:00,11.1,7.6,80.0,2.2,4.5,26.0
2023-01-16T04:00,11.5,7.9,91.0,2.5,5.1,27.0
2023-01-16T05:00,12.5,8.6,107.0,3.0,5.8,29.0
2023-01-16T06:00,14.9,10.2,128.0,3.5,6.6,36.0
2023-01-16T07:00,19.0,13.0,144.0,3.4,6.9,49.0
2023-01-16T08:00,23.6,16.1,161.0,3.0,7.2,66.0
2023-01-16T09:00,28.2,19.0,178.0,2.7,7.6,86.0
2023-01-16T10:00,32.1,21.5,184.0,2.5,8.1,95.0
2023-01-16T11:00,34.7,23.0,185.0,2.3,8.6,101.0
2023-01-16T12:00,29.9,19.4,174.0,2.4,9.0,100.0
2023-01-16T13:00,28.0,17.6,173.0,2.8,9.1,94.0
2023-01-16T14:00,25.4,15.7,171.0,3.3,9.1,86.0
2023-01-16T15:00,23.3,14.3,164.0,4.1,8.6,73.0
2023-01-16T16:00,21.8,13.2,152.0,4.7,7.7,60.0
2023-01-16T17:00,20.0,12.1,136.0,5.3,6.2,45.0
2023-01-16T18:00,17.8,10.9,119.0,5.8,4.8,31.0
2023-01-16T19:00,16.2,10.1,115.0,5.6,4.5,28.0
2023-01-16T20:00,15.1,9.7,116.0,5.0,4.6,29.0
2023-01-16T21:00,15.1,9.7,115.0,4.2,4.7,31.0
2023-01-16T22:00,14.8,9.6,108.0,3.7,4.8,31.0
2023-01-16T23:00,14.3,9.3,99.0,3.2,4.8,31.0
2023-01-17T00:00,16.2,10.7,98.0,3.1,5.8,31.0
2023-01-17T01:00,16.2,10.7,99.0,3.1,5.8,29.0
2023-01-17T02:00,16.2,10.8,102.0,3.1,5.8,27.0
2023-01-17T03:00,16.3,10.9,110.0,3.2,6.2,27.0
2023-01-17T04:00,16.8,11.3,122.0,3.5,6.9,29.0
2023-01-17T05:00,18.7,12.7,138.0,3.8,7.9,33.0
2023-01-17T06:00,26.3,18.0,163.0,3.8,9.1,44.0
2023-01-17T07:00,39.8,27.4,184.0,3.1,9.2,60.0
2023-01-17T08:00,58.4,40.4,206.0,1.9,9.2,81.0
2023-01-17T09:00,82.7,57.2,237.0,0.7,9.2,103.0
2023-01-17T10:00,102.7,70.8,263.0,0.5,9.6,108.0
2023-01-17T11:00,110.1,75.9,291.0,0.6,10.1,109.0
2023-01-17T12:00,94.1,64.3,305.0,1.1,11.4,115.0
2023-01-17T13:00,79.9,54.2,303.0,1.5,12.4,122.0
2023-01-17T14:00,59.5,39.7,299.0,2.0,13.9,131.0
2023-01-17T15:00,45.1,29.5,289.0,3.4,15.0,133.0
2023-01-17T16:00,35.9,23.2,274.0,5.4,14.4,117.0
2023-01-17T17:00,29.6,19.2,254.0,8.1,13.1,92.0
2023-01-17T18:00,25.1,16.5,228.0,10.4,11.4,63.0
2023-01-17T19:00,24.2,16.2,211.0,10.4,10.2,50.0
2023-01-17T20:00,25.8,17.4,195.0,9.3,9.1,40.0
2023-01-17T21:00,29.5,20.0,179.0,8.0,8.0,31.0
2023-01-17T22:00,34.1,23.2,173.0,7.6,7.7,27.0
2023-01-17T23:00,37.6,25.8,171.0,7.2,7.6,24.0
2023-01-18T00:00,41.6,28.2,164.0,6.3,8.4,28.0
2023-01-18T01:00,47.7,33.1,182.0,6.5,9.9,30.0
2023-01-18T02:00,46.9,32.5,209.0,6.7,12.1,34.0
2023-01-18T03:00,40.9,27.9,237.0,6.8,13.8,39.0
2023-01-18T04:00,36.1,24.3,244.0,6.6,13.3,42.0
2023-01-18T05:00,34.5,23.2,244.0,6.2,11.8,44.0
2023-01-18T06:00,32.0,21.9,250.0,5.8,9.8,53.0
2023-01-18T07:00,34.2,23.7,267.0,5.7,8.8,69.0
2023-01-18T08:00,39.9,27.5,288.0,5.5,7.8,90.0
2023-01-18T09:00,56.2,38.9,308.0,5.1,6.2,111.0
2023-01-18T10:00,75.7,52.4,309.0,4.2,4.4,117.0
2023-01-18T11:00,85.4,59.0,304.0,3.0,2.3,118.0
2023-01-18T12:00,43.4,29.5,225.0,2.2,5.3,117.0
2023-01-18T13:00,41.8,28.5,209.0,2.2,4.3,108.0
2023-01-18T14:00,40.5,27.7,187.0,2.2,3.0,94.0
2023-01-18T15:00,42.8,29.2,167.0,3.0,2.0,77.0
2023-01-18T16:00,48.7,33.1,170.0,4.8,2.0,67.0
2023-01-18T17:00,58.7,40.0,182.0,7.3,2.6,58.0
2023-01-18T18:00,62.2,42.6,197.0,10.2,3.9,47.0
2023-01-18T19:00,58.0,39.6,205.0,11.6,5.5,38.0
2023-01-18T20:00,53.7,36.6,213.0,12.6,7.5,30.0
2023-01-18T21:00,52.3,35.6,216.0,13.2,9.6,21.0
2023-01-18T22:00,52.7,36.1,211.0,12.8,10.1,18.0
2023-01-18T23:00,50.4,34.5,201.0,11.8,10.0,18.0
2023-01-19T00:00,40.7,27.8,170.0,8.2,8.9,20.0
2023-01-19T01:00,37.5,25.8,159.0,7.4,8.4,20.0
2023-01-19T02:00,34.7,23.9,143.0,6.2,7.8,19.0
2023-01-19T03:00,31.8,21.9,125.0,4.7,7.2,20.0
2023-01-19T04:00,29.8,20.5,114.0,3.7,7.0,20.0
2023-01-19T05:00,32.9,22.7,104.0,2.9,6.9,20.0
2023-01-19T06:00,43.2,29.8,114.0,2.1,6.4,28.0
2023-01-19T07:00,55.3,38.2,150.0,2.0,5.4,45.0
2023-01-19T08:00,79.4,54.8,204.0,2.0,4.1,69.0
2023-01-19T09:00,113.2,78.0,277.0,2.2,2.8,98.0
2023-01-19T10:00,129.0,88.9,332.0,2.2,2.7,114.0
2023-01-19T11:00,136.9,94.1,388.0,2.3,3.0,128.0
2023-01-19T12:00,121.5,83.1,323.0,1.7,0.8,115.0
2023-01-19T13:00,111.5,75.9,301.0,1.4,2.1,112.0
2023-01-19T14:00,93.6,63.6,271.0,0.9,4.0,109.0
2023-01-19T15:00,65.0,43.9,238.0,1.5,6.3,99.0
2023-01-19T16:00,46.4,30.6,228.0,4.2,7.8,86.0
2023-01-19T17:00,38.6,25.4,226.0,7.9,9.3,69.0
2023-01-19T18:00,37.6,24.7,225.0,11.8,10.8,49.0
2023-01-19T19:00,35.4,23.2,227.0,12.6,11.6,40.0
2023-01-19T20:00,33.5,22.1,230.0,12.5,12.1,33.0
2023-01-19T21:00,32.1,21.3,226.0,11.6,12.4,27.0
2023-01-19T22:00,29.3,19.6,209.0,10.5,12.1,25.0
2023-01-19T23:00,25.8,17.4,184.0,8.9,11.4,25.0
2023-01-20T00:00,24.0,16.2,142.0,5.9,9.8,27.0
2023-01-20T01:00,26.3,17.9,134.0,5.3,9.2,26.0
2023-01-20T02:00,27.9,19.3,123.0,4.4,8.4,26.0
2023-01-20T03:00,29.8,20.7,112.0,3.3,7.3,25.0
2023-01-20T04:00,32.4,22.6,108.0,2.7,6.8,25.0
2023-01-20T05:00,37.0,26.0,106.0,2.1,6.2,26.0
2023-01-20T06:00,48.4,34.0,113.0,1.8,5.1,27.0
2023-01-20T07:00,66.1,46.3,128.0,1.8,3.8,28.0
2023-01-20T08:00,79.9,55.9,151.0,2.0,2.3,29.0
2023-01-20T09:00,88.9,61.9,190.0,3.0,0.8,34.0
2023-01-20T10:00,95.7,66.4,235.0,4.8,0.3,41.0
2023-01-20T11:00,99.0,68.2,289.0,7.1,0.3,49.0
2023-01-20T12:00,81.5,56.5,273.0,1.9,0.1,115.0
2023-01-20T13:00,68.5,47.4,259.0,3.0,0.0,98.0
2023-01-20T14:00,61.0,42.3,239.0,4.8,0.0,75.0
2023-01-20T15:00,57.7,40.0,228.0,8.0,0.1,49.0
2023-01-20T16:00,58.2,40.4,245.0,11.6,1.5,41.0
2023-01-20T17:00,58.8,40.6,275.0,15.9,3.5,37.0
2023-01-20T18:00,54.4,37.6,311.0,20.3,6.7,33.0
2023-01-20T19:00,47.8,33.2,331.0,22.0,9.6,27.0
2023-01-20T20:00,42.8,29.7,347.0,22.8,13.0,22.0
2023-01-20T21:00,39.9,27.8,349.0,22.2,15.8,16.0
2023-01-20T22:00,37.1,25.9,323.0,20.2,15.4,15.0
2023-01-20T23:00,32.9,23.0,282.0,17.1,13.6,16.0
2023-01-21T00:00,25.0,17.5,230.0,12.1,12.7,19.0
2023-01-21T01:00,23.1,16.1,212.0,10.5,11.4,19.0
2023-01-21T02:00,21.3,14.8,186.0,8.2,9.7,19.0
2023-01-21T03:00,23.4,16.4,164.0,6.2,8.6,19.0
2023-01-21T04:00,22.8,15.9,164.0,6.2,10.1,17.0
2023-01-21T05:00,24.1,16.8,174.0,7.1,12.8,15.0
2023-01-21T06:00,30.4,21.2,207.0,8.4,14.4,17.0
2023-01-21T07:00,47.5,33.2,256.0,9.6,12.1,25.0
2023-01-21T08:00,82.7,57.7,321.0,11.1,8.1,37.0
2023-01-21T09:00,123.4,85.9,399.0,12.2,3.6,51.0
2023-01-21T10:00,147.6,102.4,446.0,11.9,2.0,59.0
2023-01-21T11:00,159.3,110.6,486.0,10.9,1.1,67.0
2023-01-21T12:00,89.2,60.5,376.0,3.3,2.1,147.0
2023-01-21T13:00,79.4,53.9,356.0,4.3,1.4,128.0
2023-01-21T14:00,77.1,52.5,328.0,5.8,0.3,100.0
2023-01-21T15:00,73.8,50.3,306.0,8.7,0.6,69.0
2023-01-21T16:00,69.6,47.3,315.0,12.4,3.3,57.0
2023-01-21T17:00,65.2,44.0,337.0,16.9,7.4,51.0
2023-01-21T18:00,60.8,41.0,363.0,21.8,12.7,43.0
2023-01-21T19:00,55.1,36.8,371.0,23.6,16.0,34.0
2023-01-21T20:00,51.1,33.9,376.0,24.6,19.1,24.0
2023-01-21T21:00,55.1,36.7,376.0,25.0,21.6,14.0
2023-01-21T22:00,58.6,39.3,372.0,24.6,21.3,10.0
2023-01-21T23:00,59.3,39.9,364.0,23.6,19.6,9.0
2023-01-22T00:00,65.9,44.1,406.0,23.8,27.4,14.0
2023-01-22T01:00,67.3,44.8,390.0,22.7,27.6,13.0
2023-01-22T02:00,69.8,46.1,368.0,21.1,28.0,13.0
2023-01-22T03:00,72.6,47.1,337.0,18.5,27.6,14.0
2023-01-22T04:00,71.0,45.6,314.0,15.9,26.3,18.0
2023-01-22T05:00,64.0,41.0,290.0,12.8,24.4,24.0
2023-01-22T06:00,58.6,37.6,270.0,9.7,21.7,32.0
2023-01-22T07:00,55.2,35.9,275.0,9.0,19.7,37.0
2023-01-22T08:00,53.2,34.9,291.0,9.1,17.6,41.0
2023-01-22T09:00,51.5,33.6,299.0,8.7,15.1,50.0
2023-01-22T10:00,48.4,31.4,280.0,6.9,13.6,61.0
2023-01-22T11:00,45.4,29.2,249.0,4.6,12.4,75.0
2023-01-22T12:00,40.5,25.6,189.0,2.2,9.4,88.0
2023-01-22T13:00,36.0,22.5,177.0,3.0,8.9,75.0
2023-01-22T14:00,31.0,19.0,160.0,4.3,8.1,57.0
2023-01-22T15:00,27.4,16.5,141.0,5.7,7.0,37.0
2023-01-22T16:00,25.3,15.1,135.0,6.2,6.2,30.0
2023-01-22T17:00,24.0,14.2,132.0,6.4,5.6,28.0
2023-01-22T18:00,22.8,13.4,130.0,6.4,4.9,26.0
2023-01-22T19:00,20.9,12.3,128.0,6.2,4.8,26.0
2023-01-22T20:00,18.4,11.0,126.0,5.6,5.0,26.0
2023-01-22T21:00,16.4,10.0,122.0,4.8,5.2,27.0
2023-01-22T22:00,15.1,9.5,115.0,4.4,5.4,27.0
2023-01-22T23:00,14.4,9.1,106.0,4.2,5.6,26.0
2023-01-23T00:00,15.8,10.4,109.0,4.7,6.4,25.0
2023-01-23T01:00,17.3,11.4,109.0,4.6,6.3,24.0
2023-01-23T02:00,18.7,12.3,108.0,4.3,6.2,22.0
2023-01-23T03:00,20.9,14.0,114.0,3.8,6.1,23.0
2023-01-23T04:00,25.3,17.2,128.0,3.2,6.0,28.0
2023-01-23T05:00,32.7,22.5,147.0,2.5,5.8,36.0
2023-01-23T06:00,45.4,31.5,167.0,1.6,5.4,44.0
2023-01-23T07:00,62.2,43.3,170.0,1.0,4.3,45.0
2023-01-23T08:00,79.2,55.2,168.0,0.6,3.0,44.0
2023-01-23T09:00,92.9,64.5,176.0,0.3,2.6,48.0
2023-01-23T10:00,92.2,63.3,206.0,0.8,4.8,63.0
2023-01-23T11:00,76.8,51.5,247.0,1.5,8.2,83.0
2023-01-23T12:00,59.8,40.2,312.0,1.8,14.4,121.0
2023-01-23T13:00,50.1,33.1,284.0,2.9,13.6,102.0
2023-01-23T14:00,42.0,26.6,245.0,4.5,12.5,76.0
2023-01-23T15:00,39.1,24.0,206.0,6.8,11.4,48.0
2023-01-23T16:00,39.9,24.4,200.0,8.4,11.1,41.0
2023-01-23T17:00,40.9,25.0,205.0,10.1,11.3,40.0
2023-01-23T18:00,42.4,26.4,216.0,12.1,11.9,38.0
2023-01-23T19:00,45.3,28.6,229.0,13.5,12.9,32.0
2023-01-23T20:00,47.8,30.6,247.0,14.8,14.2,26.0
2023-01-23T21:00,45.3,29.2,249.0,14.9,15.1,20.0
2023-01-23T22:00,37.4,23.8,219.0,12.9,14.1,20.0
2023-01-23T23:00,29.2,18.1,172.0,9.8,12.4,22.0
2023-01-24T00:00,24.5,15.0,132.0,7.4,10.9,22.0
2023-01-24T01:00,23.2,13.7,115.0,5.8,9.2,25.0
2023-01-24T02:00,24.2,13.8,91.0,3.5,6.9,29.0
2023-01-24T03:00,25.6,14.3,71.0,1.4,4.5,33.0
2023-01-24T04:00,28.6,15.7,76.0,1.3,4.1,34.0
2023-01-24T05:00,32.1,17.5,91.0,2.0,4.3,35.0
2023-01-24T06:00,36.1,19.9,110.0,2.9,4.9,36.0
2023-01-24T07:00,43.2,24.0,120.0,3.3,5.4,37.0
2023-01-24T08:00,47.6,26.3,128.0,3.6,5.9,38.0
2023-01-24T09:00,46.7,25.8,132.0,3.7,6.3,40.0
2023-01-24T10:00,43.2,23.9,124.0,3.0,6.1,43.0
2023-01-24T11:00,41.0,22.6,111.0,2.2,5.4,47.0
2023-01-24T12:00,47.7,27.1,139.0,1.8,8.1,66.0
2023-01-24T13:00,43.1,24.1,126.0,2.1,7.2,57.0
2023-01-24T14:00,37.7,21.0,108.0,2.5,5.8,44.0
2023-01-24T15:00,32.6,17.7,89.0,3.0,4.4,30.0
2023-01-24T16:00,30.9,16.6,86.0,3.3,4.0,26.0
2023-01-24T17:00,29.7,16.1,88.0,3.6,3.8,24.0
2023-01-24T18:00,29.1,15.7,90.0,3.8,3.8,24.0
2023-01-24T19:00,27.9,15.2,89.0,3.5,3.8,24.0
2023-01-24T20:00,26.7,14.5,88.0,3.2,3.8,25.0
2023-01-24T21:00,25.7,14.0,84.0,2.6,3.7,26.0
2023-01-24T22:00,24.3,13.2,78.0,2.2,3.5,27.0
2023-01-24T23:00,22.9,12.5,70.0,1.7,3.3,28.0
2023-01-25T00:00,22.5,12.2,62.0,1.2,3.2,29.0
2023-01-25T01:00,21.4,11.7,60.0,1.0,3.0,29.0
2023-01-25T02:00,20.8,11.4,57.0,0.7,2.9,29.0
2023-01-25T03:00,20.4,11.2,57.0,0.6,2.8,30.0
2023-01-25T04:00,20.1,11.0,63.0,0.8,3.2,30.0
2023-01-25T05:00,19.4,10.7,73.0,1.2,3.6,30.0
2023-01-25T06:00,18.7,10.6,86.0,1.8,4.2,32.0
2023-01-25T07:00,18.4,10.8,93.0,1.9,4.4,36.0
2023-01-25T08:00,17.6,10.5,99.0,2.0,4.6,41.0
2023-01-25T09:00,18.0,10.9,108.0,2.0,5.1,49.0
2023-01-25T10:00,20.6,12.8,118.0,2.1,5.8,57.0
2023-01-25T11:00,25.2,15.9,129.0,2.1,6.9,66.0
2023-01-25T12:00,26.4,16.4,135.0,2.2,7.7,72.0
2023-01-25T13:00,26.3,16.0,126.0,2.5,7.1,64.0
2023-01-25T14:00,24.2,14.3,113.0,3.2,6.1,52.0
2023-01-25T15:00,22.1,12.8,101.0,4.0,5.1,39.0
2023-01-25T16:00,21.0,12.0,101.0,4.7,4.7,33.0
2023-01-25T17:00,19.9,11.5,105.0,5.4,4.5,29.0
2023-01-25T18:00,18.7,10.8,109.0,6.0,4.4,26.0
2023-01-25T19:00,17.3,10.1,110.0,5.8,4.6,25.0
2023-01-25T20:00,15.4,9.1,111.0,5.2,4.8,26.0
2023-01-25T21:00,14.1,8.4,107.0,4.4,5.0,27.0
2023-01-25T22:00,13.8,8.3,98.0,3.8,4.9,27.0
2023-01-25T23:00,13.6,8.2,86.0,3.2,4.8,28.0
2023-01-26T00:00,14.5,8.7,83.0,3.3,5.6,28.0
2023-01-26T01:00,14.6,8.8,80.0,3.0,5.5,28.0
2023-01-26T02:00,14.7,8.9,76.0,2.3,5.4,28.0
2023-01-26T03:00,14.6,9.0,77.0,2.1,5.4,28.0
2023-01-26T04:00,14.7,9.1,88.0,2.7,5.8,28.0
2023-01-26T05:00,15.0,9.3,105.0,3.7,6.2,29.0
2023-01-26T06:00,16.5,10.3,127.0,4.9,6.9,30.0
2023-01-26T07:00,18.9,11.9,144.0,5.8,7.5,32.0
2023-01-26T08:00,21.5,13.6,162.0,6.6,8.1,35.0
2023-01-26T09:00,24.2,15.3,174.0,7.0,8.5,38.0
2023-01-26T10:00,26.5,16.9,167.0,6.4,8.4,38.0
2023-01-26T11:00,27.4,17.4,151.0,5.4,8.1,38.0
2023-01-26T12:00,27.0,17.1,146.0,2.0,8.1,77.0
2023-01-26T13:00,25.7,16.2,144.0,3.0,8.1,67.0
2023-01-26T14:00,24.2,15.2,142.0,4.3,8.1,53.0
2023-01-26T15:00,22.5,14.0,140.0,6.1,8.0,37.0
2023-01-26T16:00,21.8,13.4,141.0,7.3,7.7,30.0
2023-01-26T17:00,22.1,13.4,143.0,8.6,7.2,25.0
2023-01-26T18:00,22.3,13.5,144.0,9.4,6.8,21.0
2023-01-26T19:00,21.8,13.2,143.0,8.9,6.8,20.0
2023-01-26T20:00,20.8,12.7,140.0,7.8,7.0,21.0
2023-01-26T21:00,19.0,11.8,132.0,6.3,7.1,22.0
2023-01-26T22:00,17.3,10.8,120.0,5.6,6.9,23.0
2023-01-26T23:00,15.9,10.0,106.0,4.8,6.8,23.0
2023-01-27T00:00,18.3,11.4,88.0,4.0,3.7,25.0
2023-01-27T01:00,17.2,10.8,86.0,3.8,3.5,25.0
2023-01-27T02:00,16.2,10.2,83.0,3.5,3.4,25.0
2023-01-27T03:00,15.5,9.8,81.0,3.2,3.2,25.0
2023-01-27T04:00,14.8,9.4,80.0,3.0,3.0,26.0
2023-01-27T05:00,14.3,9.2,81.0,2.8,2.8,26.0
2023-01-27T06:00,15.6,10.2,92.0,3.2,3.3,28.0
2023-01-27T07:00,18.9,12.6,106.0,3.8,4.3,29.0
2023-01-27T08:00,23.6,15.8,126.0,4.8,5.8,31.0
2023-01-27T09:00,30.3,20.3,182.0,7.7,10.2,35.0
2023-01-27T10:00,38.8,25.8,274.0,12.2,17.3,40.0
2023-01-27T11:00,47.6,31.4,392.0,18.0,26.5,47.0
2023-01-27T12:00,68.9,45.9,585.0,16.4,39.0,152.0
2023-01-27T13:00,65.0,43.2,553.0,18.0,36.3,125.0
2023-01-27T14:00,55.2,36.6,506.0,20.1,32.3,86.0
2023-01-27T15:00,43.4,28.5,424.0,20.6,25.9,44.0
2023-01-27T16:00,34.2,22.1,335.0,17.1,19.5,30.0
2023-01-27T17:00,27.8,17.6,229.0,11.6,12.2,25.0
2023-01-27T18:00,23.5,14.8,122.0,5.6,4.8,21.0
2023-01-27T19:00,20.7,13.2,95.0,4.2,3.0,19.0
2023-01-27T20:00,19.8,12.7,97.0,4.1,3.0,19.0
2023-01-27T21:00,19.2,12.4,105.0,4.3,3.6,20.0
2023-01-27T22:00,19.4,12.6,104.0,4.3,3.7,20.0
2023-01-27T23:00,19.8,12.8,105.0,4.4,4.1,19.0
2023-01-28T00:00,18.0,11.3,97.0,3.5,3.6,20.0
2023-01-28T01:00,20.0,12.3,99.0,3.5,3.7,20.0
2023-01-28T02:00,20.7,12.6,103.0,3.6,3.8,21.0
2023-01-28T03:00,22.0,13.4,105.0,3.5,3.7,22.0
2023-01-28T04:00,24.4,14.6,103.0,3.0,3.4,23.0
2023-01-28T05:00,28.7,16.7,98.0,2.4,3.0,25.0
2023-01-28T06:00,32.4,18.5,96.0,1.8,2.8,28.0
2023-01-28T07:00,32.6,18.4,96.0,1.6,3.0,31.0
2023-01-28T08:00,32.1,17.9,99.0,1.6,3.3,34.0
2023-01-28T09:00,32.7,18.3,116.0,2.2,5.1,40.0
2023-01-28T10:00,33.1,18.9,154.0,3.7,8.6,48.0
2023-01-28T11:00,34.8,20.1,205.0,5.6,13.1,59.0
2023-01-28T12:00,38.6,22.4,237.0,6.9,16.4,64.0
2023-01-28T13:00,38.2,22.0,219.0,6.4,14.9,60.0
2023-01-28T14:00,35.3,20.1,192.0,5.7,12.6,53.0
2023-01-28T15:00,32.1,18.0,156.0,4.6,9.6,45.0
2023-01-28T16:00,29.3,16.3,129.0,3.8,7.2,39.0
2023-01-28T17:00,27.1,15.1,100.0,3.0,4.7,34.0
2023-01-28T18:00,24.2,13.7,73.0,2.2,2.2,29.0
2023-01-28T19:00,22.2,12.7,67.0,1.9,1.6,28.0
2023-01-28T20:00,21.4,12.3,68.0,1.9,1.7,28.0
2023-01-28T21:00,21.1,12.2,71.0,1.9,2.0,29.0
2023-01-28T22:00,20.4,11.9,68.0,1.7,1.9,29.0
2023-01-28T23:00,19.4,11.3,65.0,1.5,1.9,28.0
2023-01-29T00:00,18.5,10.8,60.0,1.2,1.8,30.0
2023-01-29T01:00,18.7,10.9,60.0,1.1,1.8,30.0
2023-01-29T02:00,18.4,10.8,60.0,1.1,1.8,31.0
2023-01-29T03:00,17.9,10.7,61.0,1.1,1.9,31.0
2023-01-29T04:00,17.3,10.4,62.0,1.0,1.9,31.0
2023-01-29T05:00,16.8,10.2,63.0,1.0,1.8,30.0
2023-01-29T06:00,17.3,10.7,73.0,1.2,2.5,32.0
2023-01-29T07:00,17.5,11.1,81.0,1.5,3.2,36.0
2023-01-29T08:00,18.4,12.0,93.0,1.8,4.2,42.0
2023-01-29T09:00,21.8,14.5,143.0,3.4,8.2,57.0
2023-01-29T10:00,29.2,19.7,244.0,6.6,16.2,81.0
2023-01-29T11:00,36.1,24.3,378.0,10.8,26.8,112.0
2023-01-29T12:00,33.8,22.5,391.0,12.1,27.1,109.0
2023-01-29T13:00,31.9,21.1,352.0,11.1,24.0,97.0
2023-01-29T14:00,26.9,17.5,297.0,9.9,19.5,79.0
2023-01-29T15:00,20.4,13.1,225.0,8.1,13.6,58.0
2023-01-29T16:00,16.2,10.3,180.0,6.9,9.9,47.0
2023-01-29T17:00,13.9,8.7,137.0,5.8,6.3,39.0
2023-01-29T18:00,12.0,7.7,97.0,4.5,2.9,31.0
2023-01-29T19:00,11.8,7.6,87.0,4.1,2.0,28.0
2023-01-29T20:00,11.6,7.5,90.0,3.8,2.2,27.0
2023-01-29T21:00,11.5,7.4,93.0,3.6,2.5,27.0
2023-01-29T22:00,11.0,7.1,88.0,3.3,2.5,27.0
2023-01-29T23:00,10.2,6.5,82.0,3.0,2.6,27.0
2023-01-30T00:00,10.1,6.6,82.0,3.0,2.7,26.0
2023-01-30T01:00,10.1,6.6,81.0,3.0,2.8,26.0
2023-01-30T02:00,10.2,6.7,79.0,2.8,2.8,25.0
2023-01-30T03:00,10.3,6.8,81.0,2.7,3.0,25.0
2023-01-30T04:00,10.7,7.2,85.0,2.6,3.0,24.0
2023-01-30T05:00,11.8,8.0,91.0,2.6,3.0,23.0
2023-01-30T06:00,14.3,9.7,112.0,3.0,4.1,29.0
2023-01-30T07:00,19.0,13.0,133.0,3.3,5.4,41.0
2023-01-30T08:00,27.0,18.6,161.0,3.8,7.2,57.0
2023-01-30T09:00,37.4,25.7,240.0,5.8,12.9,86.0
2023-01-30T10:00,51.5,35.4,375.0,9.5,22.5,119.0
2023-01-30T11:00,64.3,44.2,548.0,14.2,35.1,158.0
2023-01-30T12:00,44.2,30.2,515.0,15.1,33.8,146.0
2023-01-30T13:00,44.7,30.4,472.0,15.4,30.5,127.0
2023-01-30T14:00,37.5,25.2,410.0,15.9,26.0,100.0
2023-01-30T15:00,26.3,17.5,322.0,15.2,19.4,68.0
2023-01-30T16:00,18.8,12.3,254.0,13.1,14.2,54.0
2023-01-30T17:00,14.5,9.4,181.0,9.9,8.9,45.0
2023-01-30T18:00,12.5,8.1,111.0,6.4,3.5,37.0
2023-01-30T19:00,11.9,7.8,95.0,5.3,2.1,34.0
2023-01-30T20:00,11.7,7.7,99.0,4.9,2.2,34.0
2023-01-30T21:00,12.2,8.0,106.0,4.7,2.7,35.0
2023-01-30T22:00,12.4,8.1,102.0,4.3,2.7,35.0
2023-01-30T23:00,11.9,7.8,98.0,4.1,2.8,35.0
2023-01-31T00:00,13.2,8.8,115.0,5.4,3.5,32.0
2023-01-31T01:00,13.4,8.9,113.0,5.2,3.5,31.0
2023-01-31T02:00,13.6,9.1,111.0,4.9,3.6,29.0
2023-01-31T03:00,14.2,9.6,116.0,4.8,3.9,29.0
2023-01-31T04:00,15.4,10.5,126.0,4.8,4.0,29.0
2023-01-31T05:00,17.8,12.3,141.0,4.9,4.1,29.0
2023-01-31T06:00,23.4,16.1,174.0,5.2,5.7,39.0
2023-01-31T07:00,33.1,22.9,191.0,5.1,7.1,56.0
2023-01-31T08:00,49.4,34.2,212.0,4.9,9.1,79.0
2023-01-31T09:00,72.2,49.9,327.0,6.5,18.4,125.0
2023-01-31T10:00,101.3,70.3,561.0,10.5,36.2,185.0
2023-01-31T11:00,136.9,95.0,872.0,16.0,59.7,259.0
2023-01-31T12:00,106.9,73.3,911.0,20.6,62.2,256.0
2023-01-31T13:00,110.4,75.0,854.0,19.9,56.5,234.0
2023-01-31T14:00,91.0,61.0,771.0,18.9,48.3,203.0
2023-01-31T15:00,63.3,41.9,630.0,16.8,36.4,158.0
2023-01-31T16:00,41.7,27.3,486.0,14.3,26.6,120.0
2023-01-31T17:00,28.7,18.6,318.0,11.3,16.0,79.0
2023-01-31T18:00,22.8,14.5,146.0,7.9,5.3,38.0
2023-01-31T19:00,20.2,12.7,97.0,6.3,2.2,27.0
2023-01-31T20:00,19.8,12.3,91.0,5.2,1.9,27.0
2023-01-31T21:00,20.9,12.8,93.0,4.1,2.2,30.0
2023-01-31T22:00,21.5,13.0,85.0,3.5,1.9,29.0
2023-01-31T23:00,21.1,12.7,82.0,3.2,2.0,28.0
2023-02-01T00:00,15.5,10.1,84.0,3.3,3.2,29.0
2023-02-01T01:00,15.1,10.0,85.0,3.4,3.2,29.0
2023-02-01T02:00,15.8,10.5,86.0,3.5,3.2,28.0
2023-02-01T03:00,17.8,11.5,87.0,3.5,3.3,28.0
2023-02-01T04:00,22.8,14.2,85.0,3.3,3.2,27.0
2023-02-01T05:00,28.6,17.3,83.0,3.0,3.0,26.0
2023-02-01T06:00,34.2,20.7,90.0,2.9,3.7,28.0
2023-02-01T07:00,40.5,24.7,92.0,2.8,4.1,31.0
2023-02-01T08:00,46.4,28.8,98.0,3.0,4.8,36.0
2023-02-01T09:00,50.6,32.1,179.0,4.7,11.8,62.0
2023-02-01T10:00,59.8,38.6,353.0,8.6,26.2,110.0
2023-02-01T11:00,73.1,48.1,588.0,13.8,45.8,174.0
2023-02-01T12:00,73.6,48.5,744.0,19.0,58.0,207.0
2023-02-01T13:00,75.0,49.8,797.0,24.1,61.8,183.0
2023-02-01T14:00,66.8,44.6,870.0,31.2,66.8,150.0
2023-02-01T15:00,58.8,39.0,879.0,36.0,66.2,109.0
2023-02-01T16:00,53.7,34.9,745.0,31.4,54.2,89.0
2023-02-01T17:00,47.8,30.9,536.0,22.6,36.0,73.0
2023-02-01T18:00,41.7,27.0,299.0,12.4,15.9,55.0
2023-02-01T19:00,35.9,23.5,211.0,8.8,9.3,42.0
2023-02-01T20:00,32.4,21.4,162.0,6.7,6.5,31.0
2023-02-01T21:00,28.5,19.0,121.0,4.8,4.6,21.0
2023-02-01T22:00,25.6,16.8,101.0,3.9,3.5,18.0
2023-02-01T23:00,22.5,14.5,96.0,3.6,3.2,19.0
2023-02-02T00:00,21.8,13.2,88.0,2.8,3.0,23.0
2023-02-02T01:00,22.1,13.5,90.0,3.0,3.0,23.0
2023-02-02T02:00,23.1,14.1,92.0,3.3,3.2,23.0
2023-02-02T03:00,23.2,14.1,95.0,3.5,3.3,23.0
2023-02-02T04:00,22.9,14.1,95.0,3.2,3.3,24.0
2023-02-02T05:00,23.1,14.4,95.0,2.8,3.3,24.0
2023-02-02T06:00,25.8,16.4,102.0,2.5,4.0,28.0
2023-02-02T07:00,29.4,19.0,104.0,2.3,4.2,31.0
2023-02-02T08:00,32.0,20.4,107.0,2.3,4.7,35.0
2023-02-02T09:00,34.8,22.1,162.0,3.9,9.2,51.0
2023-02-02T10:00,40.9,25.9,286.0,7.6,19.5,83.0
2023-02-02T11:00,49.9,31.8,454.0,12.5,33.2,124.0
2023-02-02T12:00,50.6,32.4,183.0,1.9,9.0,89.0
2023-02-02T13:00,48.8,31.1,177.0,2.9,8.9,78.0
2023-02-02T14:00,43.0,27.0,168.0,4.4,8.8,61.0
2023-02-02T15:00,35.7,22.1,158.0,6.3,8.6,43.0
2023-02-02T16:00,32.9,20.0,156.0,7.6,8.2,36.0
2023-02-02T17:00,31.8,19.3,156.0,8.7,7.8,32.0
2023-02-02T18:00,30.6,18.6,153.0,9.4,7.2,29.0
2023-02-02T19:00,28.9,17.5,145.0,8.6,6.9,27.0
2023-02-02T20:00,27.7,16.7,133.0,7.1,6.6,26.0
2023-02-02T21:00,27.0,16.2,116.0,5.2,6.2,25.0
2023-02-02T22:00,25.7,15.4,101.0,4.2,5.8,25.0
2023-02-02T23:00,23.9,14.3,84.0,3.3,5.5,26.0
2023-02-03T00:00,26.0,15.5,78.0,2.9,6.3,27.0
2023-02-03T01:00,24.3,14.5,74.0,2.6,6.0,27.0
2023-02-03T02:00,23.1,13.9,69.0,2.2,5.4,27.0
2023-02-03T03:00,21.5,13.1,69.0,2.0,5.1,27.0
2023-02-03T04:00,19.8,12.3,77.0,2.2,5.2,27.0
2023-02-03T05:00,18.5,11.7,91.0,2.7,5.7,28.0
2023-02-03T06:00,19.8,12.8,111.0,3.2,6.3,33.0
2023-02-03T07:00,22.8,14.8,129.0,3.4,6.8,44.0
2023-02-03T08:00,26.1,17.0,149.0,3.5,7.2,58.0
2023-02-03T09:00,29.8,19.4,167.0,3.3,7.7,73.0
2023-02-03T10:00,33.5,21.8,166.0,3.0,7.8,77.0
2023-02-03T11:00,36.1,23.3,158.0,2.5,7.8,78.0
2023-02-03T12:00,32.5,20.8,149.0,2.0,7.3,75.0
2023-02-03T13:00,31.3,19.7,147.0,2.2,7.2,73.0
2023-02-03T14:00,27.9,17.3,143.0,2.4,7.2,69.0
2023-02-03T15:00,24.5,15.0,137.0,3.0,6.8,62.0
2023-02-03T16:00,21.5,13.1,130.0,3.8,6.1,52.0
2023-02-03T17:00,19.1,11.6,122.0,4.9,5.3,40.0
2023-02-03T18:00,17.1,10.4,112.0,5.8,4.4,27.0
2023-02-03T19:00,14.9,9.3,108.0,5.7,4.3,24.0
2023-02-03T20:00,13.2,8.5,106.0,5.0,4.3,25.0
2023-02-03T21:00,12.5,8.2,101.0,4.2,4.6,27.0
2023-02-03T22:00,12.3,8.2,94.0,3.8,4.8,27.0
2023-02-03T23:00,11.8,8.0,85.0,3.5,5.1,27.0
2023-02-04T00:00,15.1,10.1,85.0,3.7,6.2,26.0
2023-02-04T01:00,15.1,10.3,85.0,3.7,6.1,24.0
2023-02-04T02:00,15.5,10.6,86.0,3.7,6.1,22.0
2023-02-04T03:00,16.1,11.0,91.0,3.5,6.2,21.0
2023-02-04T04:00,18.1,12.5,100.0,3.3,6.6,25.0
2023-02-04T05:00,22.8,15.8,112.0,3.1,7.1,30.0
2023-02-04T06:00,33.9,23.5,130.0,2.7,7.6,38.0
2023-02-04T07:00,50.1,34.8,142.0,2.2,7.8,43.0
2023-02-04T08:00,69.4,48.2,155.0,1.6,7.8,48.0
2023-02-04T09:00,91.7,63.8,177.0,1.0,7.2,54.0
2023-02-04T10:00,112.9,78.7,202.0,0.8,5.7,57.0
2023-02-04T11:00,129.0,89.9,231.0,0.6,3.7,58.0
2023-02-04T12:00,119.2,83.1,258.0,0.4,6.0,90.0
2023-02-04T13:00,113.9,79.2,242.0,0.6,4.4,80.0
2023-02-04T14:00,99.4,69.2,219.0,0.8,2.1,65.0
2023-02-04T15:00,79.4,54.9,195.0,2.0,0.0,48.0
2023-02-04T16:00,66.8,45.6,190.0,4.5,0.2,40.0
2023-02-04T17:00,61.7,41.7,190.0,7.8,1.1,34.0
2023-02-04T18:00,55.8,37.4,188.0,10.8,2.0,27.0
2023-02-04T19:00,45.6,30.4,179.0,10.8,1.5,22.0
2023-02-04T20:00,49.5,33.1,168.0,9.6,0.6,19.0
2023-02-04T21:00,46.2,30.6,149.0,7.6,0.1,16.0
2023-02-04T22:00,34.7,22.1,131.0,6.2,1.2,17.0
2023-02-04T23:00,29.2,17.6,110.0,4.5,3.2,20.0
2023-02-05T00:00,38.0,21.8,91.0,2.5,5.2,24.0
2023-02-05T01:00,36.7,21.2,87.0,2.0,5.2,24.0
2023-02-05T02:00,32.6,19.3,81.0,1.4,5.1,24.0
2023-02-05T03:00,29.7,17.9,78.0,0.9,5.2,25.0
2023-02-05T04:00,27.2,16.9,82.0,1.1,5.3,25.0
2023-02-05T05:00,26.8,16.9,89.0,1.7,5.7,25.0
2023-02-05T06:00,29.7,19.0,105.0,2.5,6.2,28.0
2023-02-05T07:00,33.9,21.5,126.0,3.1,6.8,35.0
2023-02-05T08:00,37.6,23.6,153.0,3.8,7.4,45.0
2023-02-05T09:00,39.8,25.0,179.0,4.2,8.1,58.0
2023-02-05T10:00,43.2,27.2,182.0,3.7,8.4,66.0
2023-02-05T11:00,45.3,28.6,178.0,2.7,8.5,74.0
2023-02-05T12:00,48.9,30.3,143.0,1.8,7.4,71.0
2023-02-05T13:00,43.9,27.0,142.0,1.9,7.3,71.0
2023-02-05T14:00,39.2,24.0,141.0,2.1,7.2,70.0
2023-02-05T15:00,33.6,20.4,141.0,3.0,6.9,64.0
2023-02-05T16:00,28.6,17.4,143.0,4.8,6.7,52.0
2023-02-05T17:00,25.7,15.7,145.0,7.1,6.3,36.0
2023-02-05T18:00,21.9,13.4,147.0,9.1,6.1,20.0
2023-02-05T19:00,19.6,12.2,147.0,8.9,6.1,17.0
2023-02-05T20:00,18.6,11.6,145.0,7.8,6.1,18.0
2023-02-05T21:00,18.2,11.3,138.0,6.3,6.1,20.0
2023-02-05T22:00,17.7,10.9,125.0,5.3,5.8,21.0
2023-02-05T23:00,16.0,9.9,107.0,4.4,5.5,22.0
2023-02-06T00:00,15.6,10.6,121.0,5.9,6.6,21.0
2023-02-06T01:00,13.7,9.3,113.0,5.1,6.1,21.0
2023-02-06T02:00,13.0,8.8,103.0,4.0,5.4,22.0
2023-02-06T03:00,12.7,8.6,99.0,3.0,4.8,23.0
2023-02-06T04:00,12.7,8.7,112.0,3.2,5.0,24.0
2023-02-06T05:00,13.8,9.5,133.0,4.0,5.5,25.0
2023-02-06T06:00,17.2,11.8,161.0,4.5,6.2,33.0
2023-02-06T07:00,22.6,15.4,180.0,4.1,6.9,50.0
2023-02-06T08:00,30.2,20.6,200.0,3.2,7.6,73.0
2023-02-06T09:00,41.9,28.8,218.0,2.2,8.2,96.0
2023-02-06T10:00,57.5,39.5,222.0,1.6,8.1,99.0
2023-02-06T11:00,71.2,49.1,219.0,1.2,7.7,96.0
2023-02-06T12:00,62.4,42.5,200.0,1.2,8.2,91.0
2023-02-06T13:00,54.8,37.1,195.0,1.3,8.3,91.0
2023-02-06T14:00,44.2,29.5,189.0,1.4,8.5,90.0
2023-02-06T15:00,36.7,24.0,181.0,2.5,8.5,84.0
2023-02-06T16:00,31.3,20.1,179.0,4.7,8.2,70.0
2023-02-06T17:00,28.5,17.9,178.0,7.8,7.7,52.0
2023-02-06T18:00,26.1,16.4,176.0,10.6,7.1,32.0
2023-02-06T19:00,25.6,16.0,176.0,10.9,6.8,26.0
2023-02-06T20:00,25.1,15.7,176.0,10.1,6.6,24.0
2023-02-06T21:00,24.6,15.3,168.0,8.6,6.4,24.0
2023-02-06T22:00,23.6,14.7,151.0,7.2,6.1,25.0
2023-02-06T23:00,22.1,13.7,127.0,5.6,5.9,26.0
2023-02-07T00:00,19.4,12.3,98.0,3.6,6.0,32.0
2023-02-07T01:00,19.4,12.3,91.0,2.9,5.6,33.0
2023-02-07T02:00,18.3,11.6,80.0,1.8,5.1,33.0
2023-02-07T03:00,17.6,11.3,74.0,1.0,4.7,34.0
2023-02-07T04:00,17.3,11.1,79.0,1.4,5.0,33.0
2023-02-07T05:00,17.4,11.2,90.0,2.4,5.5,31.0
2023-02-07T06:00,19.7,12.9,112.0,3.4,6.4,34.0
2023-02-07T07:00,24.2,16.1,140.0,3.6,7.2,46.0
2023-02-07T08:00,29.3,19.6,175.0,3.6,8.1,64.0
2023-02-07T09:00,35.0,23.5,206.0,3.5,9.0,82.0
2023-02-07T10:00,38.9,26.1,206.0,3.1,9.1,86.0
2023-02-07T11:00,38.0,25.6,194.0,2.5,8.9,84.0
2023-02-07T12:00,31.2,20.3,155.0,2.0,7.8,75.0
2023-02-07T13:00,29.8,19.3,148.0,2.2,7.5,71.0
2023-02-07T14:00,26.0,16.8,137.0,2.6,7.0,66.0
2023-02-07T15:00,21.9,14.1,127.0,3.5,6.4,57.0
2023-02-07T16:00,19.3,12.3,127.0,5.0,6.1,47.0
2023-02-07T17:00,18.1,11.5,131.0,6.8,5.9,36.0
2023-02-07T18:00,16.7,10.7,134.0,8.4,5.6,24.0
2023-02-07T19:00,16.0,10.3,133.0,8.2,5.6,21.0
2023-02-07T20:00,15.4,9.9,131.0,7.2,5.6,22.0
2023-02-07T21:00,15.0,9.7,123.0,5.8,5.6,24.0
2023-02-07T22:00,14.4,9.3,111.0,4.9,5.5,25.0
2023-02-07T23:00,13.2,8.5,95.0,4.0,5.2,26.0
2023-02-08T00:00,13.2,8.5,84.0,3.4,5.2,27.0
2023-02-08T01:00,11.8,7.6,78.0,2.8,4.9,27.0
2023-02-08T02:00,10.8,7.0,71.0,2.0,4.4,28.0
2023-02-08T03:00,10.2,6.6,68.0,1.4,4.2,29.0
2023-02-08T04:00,10.0,6.6,77.0,1.8,4.4,29.0
2023-02-08T05:00,10.4,6.9,92.0,2.5,4.9,29.0
2023-02-08T06:00,12.8,8.6,116.0,3.3,5.6,34.0
2023-02-08T07:00,16.6,11.2,138.0,3.6,6.3,47.0
2023-02-08T08:00,21.8,14.7,163.0,3.7,7.1,65.0
2023-02-08T09:00,26.7,18.0,183.0,3.6,7.8,83.0
2023-02-08T10:00,29.9,20.1,177.0,3.2,7.7,87.0
2023-02-08T11:00,31.2,20.9,160.0,2.5,7.3,87.0
2023-02-08T12:00,28.9,19.2,199.0,3.0,7.5,93.0
2023-02-08T13:00,39.6,26.6,200.0,3.6,7.4,85.0
2023-02-08T14:00,38.4,25.7,200.0,4.4,7.1,74.0
2023-02-08T15:00,31.7,21.0,193.0,5.5,6.6,59.0
2023-02-08T16:00,24.1,15.8,176.0,6.2,5.9,50.0
2023-02-08T17:00,17.2,11.1,152.0,6.9,5.0,41.0
2023-02-08T18:00,13.1,8.4,127.0,7.3,4.3,32.0
2023-02-08T19:00,10.9,7.1,122.0,7.1,4.3,30.0
2023-02-08T20:00,9.8,6.5,124.0,6.5,4.6,31.0
2023-02-08T21:00,9.9,6.6,126.0,5.9,5.0,32.0
2023-02-08T22:00,10.6,7.1,124.0,5.9,5.3,31.0
2023-02-08T23:00,11.5,7.8,121.0,6.0,5.7,30.0
2023-02-09T00:00,10.7,7.3,101.0,4.6,5.6,30.0
2023-02-09T01:00,13.2,9.1,102.0,4.4,5.6,28.0
2023-02-09T02:00,16.2,11.1,105.0,4.2,5.6,26.0
2023-02-09T03:00,18.7,12.8,115.0,4.1,5.7,25.0
2023-02-09T04:00,19.8,13.5,131.0,4.5,6.0,26.0
2023-02-09T05:00,20.3,13.9,153.0,5.1,6.4,28.0
2023-02-09T06:00,22.5,15.3,183.0,5.5,7.1,38.0
2023-02-09T07:00,27.2,18.6,204.0,5.1,7.7,56.0
2023-02-09T08:00,34.5,23.6,226.0,4.4,8.4,80.0
2023-02-09T09:00,42.4,28.9,249.0,3.6,9.1,105.0
2023-02-09T10:00,49.9,34.1,261.0,3.3,9.2,114.0
2023-02-09T11:00,57.6,39.1,269.0,3.2,9.1,118.0
2023-02-09T12:00,63.1,43.0,247.0,2.3,10.1,122.0
2023-02-09T13:00,63.1,42.4,248.0,4.1,10.0,106.0
2023-02-09T14:00,56.5,37.7,250.0,6.6,9.9,82.0
2023-02-09T15:00,46.2,30.6,242.0,9.3,9.4,56.0
2023-02-09T16:00,34.2,22.5,221.0,10.3,8.4,45.0
2023-02-09T17:00,24.2,15.8,191.0,10.8,7.1,39.0
2023-02-09T18:00,16.6,10.9,160.0,10.8,5.7,33.0
2023-02-09T19:00,13.6,8.9,153.0,10.2,5.4,31.0
2023-02-09T20:00,13.1,8.7,153.0,9.2,5.5,30.0
2023-02-09T21:00,14.3,9.6,153.0,8.0,5.6,30.0
2023-02-09T22:00,14.8,9.9,147.0,7.5,5.6,29.0
2023-02-09T23:00,14.6,9.8,138.0,7.0,5.5,27.0
2023-02-10T00:00,15.8,10.6,140.0,7.2,5.6,25.0
2023-02-10T01:00,16.2,11.0,132.0,6.4,5.3,24.0
2023-02-10T02:00,15.8,10.7,122.0,5.2,5.0,23.0
2023-02-10T03:00,15.1,10.3,117.0,4.1,4.8,23.0
2023-02-10T04:00,14.8,10.1,128.0,4.3,5.1,23.0
2023-02-10T05:00,15.3,10.5,146.0,4.9,5.6,25.0
2023-02-10T06:00,18.0,12.5,173.0,5.3,6.3,34.0
2023-02-10T07:00,24.0,16.6,193.0,4.7,6.8,53.0
2023-02-10T08:00,33.1,22.8,214.0,3.8,7.3,78.0
2023-02-10T09:00,43.1,29.7,236.0,2.7,8.0,106.0
2023-02-10T10:00,54.0,37.3,244.0,2.2,8.6,116.0
2023-02-10T11:00,63.3,43.7,247.0,1.9,9.3,120.0
2023-02-10T12:00,51.5,35.3,215.0,2.0,9.7,116.0
2023-02-10T13:00,47.5,32.2,220.0,2.4,10.1,114.0
2023-02-10T14:00,38.9,26.3,227.0,3.0,10.7,111.0
2023-02-10T15:00,31.2,20.8,231.0,4.6,10.9,101.0
2023-02-10T16:00,24.0,16.0,222.0,7.0,10.2,85.0
2023-02-10T17:00,19.6,13.0,208.0,10.1,9.0,64.0
2023-02-10T18:00,16.3,10.9,198.0,13.1,7.6,43.0
2023-02-10T19:00,16.5,11.1,205.0,13.3,7.1,38.0
2023-02-10T20:00,20.4,13.9,220.0,12.4,6.9,38.0
2023-02-10T21:00,25.7,17.7,240.0,11.5,6.7,39.0
2023-02-10T22:00,30.2,20.8,253.0,11.8,6.8,37.0
2023-02-10T23:00,32.8,22.8,266.0,12.4,7.0,35.0
2023-02-11T00:00,30.6,21.1,241.0,10.4,7.5,35.0
2023-02-11T01:00,31.7,21.8,232.0,9.6,7.2,32.0
2023-02-11T02:00,32.4,22.4,220.0,8.4,6.7,29.0
2023-02-11T03:00,33.2,22.9,213.0,6.9,6.4,28.0
2023-02-11T04:00,34.7,24.0,222.0,6.1,6.6,32.0
2023-02-11T05:00,38.4,26.7,238.0,5.4,7.0,38.0
2023-02-11T06:00,48.8,33.9,263.0,4.3,7.4,51.0
2023-02-11T07:00,66.1,46.1,285.0,3.2,7.6,67.0
2023-02-11T08:00,88.0,61.2,309.0,1.9,7.6,87.0
2023-02-11T09:00,109.4,76.1,327.0,0.7,6.9,105.0
2023-02-11T10:00,125.7,87.8,318.0,0.4,5.1,104.0
2023-02-11T11:00,122.0,85.0,298.0,0.4,2.6,96.0
2023-02-11T12:00,138.8,96.6,302.0,0.4,1.1,89.0
2023-02-11T13:00,115.5,80.3,287.0,1.6,0.6,80.0
2023-02-11T14:00,93.1,64.3,265.0,3.4,0.0,68.0
2023-02-11T15:00,74.0,50.8,237.0,5.9,0.0,53.0
2023-02-11T16:00,62.4,42.5,218.0,7.8,1.3,45.0
2023-02-11T17:00,53.4,36.3,200.0,9.7,3.2,38.0
2023-02-11T18:00,37.0,24.7,182.0,11.4,5.5,31.0
2023-02-11T19:00,32.2,21.5,179.0,11.5,6.5,28.0
2023-02-11T20:00,31.4,21.0,181.0,10.8,7.3,28.0
2023-02-11T21:00,31.4,21.1,180.0,9.7,7.9,27.0
2023-02-11T22:00,31.4,21.2,170.0,8.8,8.1,26.0
2023-02-11T23:00,29.5,20.0,155.0,7.8,8.0,26.0
2023-02-12T00:00,23.9,15.6,102.0,4.4,5.6,27.0
2023-02-12T01:00,24.0,15.6,95.0,3.7,5.8,28.0
2023-02-12T02:00,26.0,16.8,86.0,2.8,6.1,29.0
2023-02-12T03:00,28.2,18.3,77.0,1.9,6.1,29.0
2023-02-12T04:00,42.1,27.9,76.0,1.8,5.7,28.0
2023-02-12T05:00,39.9,26.4,79.0,1.9,5.0,26.0
2023-02-12T06:00,47.6,31.8,87.0,2.1,3.9,24.0
2023-02-12T07:00,62.4,42.3,96.0,2.2,2.7,22.0
2023-02-12T08:00,80.3,54.8,109.0,2.4,1.4,21.0
2023-02-12T09:00,89.9,61.5,133.0,2.5,0.1,25.0
2023-02-12T10:00,95.9,65.7,165.0,2.5,0.0,38.0
2023-02-12T11:00,93.8,64.0,203.0,2.5,0.0,57.0
2023-02-12T12:00,88.2,59.3,242.0,1.6,0.5,92.0
2023-02-12T13:00,68.0,45.8,227.0,2.7,1.9,79.0
2023-02-12T14:00,50.5,33.9,207.0,4.2,4.0,59.0
2023-02-12T15:00,42.0,28.2,197.0,6.7,6.3,38.0
2023-02-12T16:00,45.1,30.5,221.0,9.4,7.2,30.0
2023-02-12T17:00,53.3,36.2,260.0,12.4,7.7,26.0
2023-02-12T18:00,54.0,36.7,292.0,14.8,7.9,22.0
2023-02-12T19:00,50.4,34.2,279.0,14.0,7.8,19.0
2023-02-12T20:00,43.3,29.5,249.0,11.8,7.4,18.0
2023-02-12T21:00,34.8,23.6,205.0,8.9,6.8,17.0
2023-02-12T22:00,27.9,18.8,176.0,7.3,6.4,17.0
2023-02-12T23:00,23.3,15.7,146.0,5.8,6.0,19.0
2023-02-13T00:00,22.7,15.6,127.0,5.2,7.4,18.0
2023-02-13T01:00,20.7,14.3,123.0,5.0,7.2,18.0
2023-02-13T02:00,21.4,14.9,117.0,4.7,7.0,18.0
2023-02-13T03:00,22.7,15.8,115.0,4.6,6.1,17.0
2023-02-13T04:00,24.2,16.9,121.0,5.1,4.4,14.0
2023-02-13T05:00,39.2,27.4,132.0,5.9,2.1,9.0
2023-02-13T06:00,42.4,29.7,152.0,6.5,0.5,12.0
2023-02-13T07:00,40.9,28.6,174.0,6.2,1.6,28.0
2023-02-13T08:00,44.0,30.6,200.0,5.5,3.9,51.0
2023-02-13T09:00,52.6,36.6,233.0,4.7,6.1,79.0
2023-02-13T10:00,65.4,45.4,254.0,4.2,5.6,94.0
2023-02-13T11:00,76.8,53.3,274.0,3.8,4.3,105.0
2023-02-13T12:00,137.4,95.2,444.0,4.4,0.9,141.0
2023-02-13T13:00,147.1,102.0,489.0,7.9,2.4,120.0
2023-02-13T14:00,155.5,107.3,551.0,12.9,4.5,90.0
2023-02-13T15:00,143.4,98.7,582.0,17.7,6.8,55.0
2023-02-13T16:00,121.5,83.1,520.0,18.3,7.4,39.0
2023-02-13T17:00,89.9,61.2,415.0,17.3,7.5,26.0
2023-02-13T18:00,59.8,40.5,287.0,15.1,7.4,16.0
2023-02-13T19:00,39.2,26.3,230.0,12.8,7.1,13.0
2023-02-13T20:00,27.6,18.5,187.0,9.8,6.7,14.0
2023-02-13T21:00,23.1,15.7,147.0,6.7,6.2,17.0
2023-02-13T22:00,22.0,15.1,130.0,5.7,6.1,18.0
2023-02-13T23:00,21.9,15.3,123.0,5.4,6.2,20.0
2023-02-14T00:00,30.3,20.8,140.0,5.6,6.4,18.0
2023-02-14T01:00,34.6,24.0,147.0,5.8,6.2,18.0
2023-02-14T02:00,38.5,26.9,156.0,6.0,6.0,17.0
2023-02-14T03:00,40.3,28.1,169.0,6.3,5.8,17.0
2023-02-14T04:00,40.0,27.8,177.0,6.4,5.8,17.0
2023-02-14T05:00,41.9,28.9,186.0,6.4,6.0,16.0
2023-02-14T06:00,47.0,32.2,200.0,6.3,6.2,22.0
2023-02-14T07:00,51.7,35.0,214.0,6.2,6.4,35.0
2023-02-14T08:00,57.3,38.3,230.0,6.0,6.6,52.0
2023-02-14T09:00,65.7,43.3,255.0,5.7,6.7,73.0
2023-02-14T10:00,77.8,51.1,286.0,5.5,6.6,86.0
2023-02-14T11:00,94.3,62.4,322.0,5.2,6.5,98.0
2023-02-14T12:00,60.1,39.0,203.0,3.0,6.1,81.0
2023-02-14T13:00,53.7,35.0,186.0,3.6,6.1,68.0
2023-02-14T14:00,40.2,25.7,161.0,4.4,6.1,50.0
2023-02-14T15:00,28.1,17.3,134.0,5.4,5.9,30.0
2023-02-14T16:00,22.5,13.5,125.0,5.8,5.5,24.0
2023-02-14T17:00,20.7,12.2,120.0,6.2,4.9,22.0
2023-02-14T18:00,20.1,11.8,116.0,6.2,4.4,22.0
2023-02-14T19:00,19.7,11.5,114.0,5.8,4.4,22.0
2023-02-14T20:00,18.9,11.0,114.0,5.2,4.6,22.0
2023-02-14T21:00,18.5,10.8,109.0,4.3,4.8,23.0
2023-02-14T22:00,18.1,10.6,99.0,3.6,4.7,24.0
2023-02-14T23:00,17.4,10.1,85.0,2.8,4.5,24.0
2023-02-15T00:00,15.3,9.3,76.0,2.4,4.8,24.0
2023-02-15T01:00,15.9,9.6,74.0,2.0,4.6,25.0
2023-02-15T02:00,17.2,10.3,71.0,1.6,4.3,25.0
2023-02-15T03:00,19.2,11.3,71.0,1.3,4.0,26.0
2023-02-15T04:00,21.4,12.3,76.0,1.7,4.0,26.0
2023-02-15T05:00,23.7,13.4,85.0,2.4,4.1,25.0
2023-02-15T06:00,26.2,14.8,99.0,3.5,4.5,25.0
2023-02-15T07:00,28.5,16.4,114.0,4.5,5.1,25.0
2023-02-15T08:00,30.9,18.0,132.0,5.6,5.8,26.0
2023-02-15T09:00,34.2,20.2,147.0,6.4,6.6,28.0
2023-02-15T10:00,37.3,22.2,146.0,6.0,6.7,31.0
2023-02-15T11:00,38.2,23.1,139.0,5.2,6.6,34.0
2023-02-15T12:00,33.9,20.5,112.0,1.7,5.2,57.0
2023-02-15T13:00,31.1,18.7,109.0,2.3,5.1,50.0
2023-02-15T14:00,27.8,16.5,106.0,3.1,4.8,41.0
2023-02-15T15:00,24.9,14.5,102.0,4.1,4.5,31.0
2023-02-15T16:00,22.9,13.3,101.0,4.5,4.2,28.0
2023-02-15T17:00,21.0,12.1,101.0,4.8,3.8,26.0
2023-02-15T18:00,19.5,11.3,101.0,4.8,3.5,25.0
2023-02-15T19:00,18.3,10.7,100.0,4.6,3.5,25.0
2023-02-15T20:00,16.8,9.8,99.0,4.1,3.7,25.0
2023-02-15T21:00,15.2,9.1,94.0,3.4,3.9,25.0
2023-02-15T22:00,14.0,8.4,86.0,2.8,3.8,25.0
2023-02-15T23:00,13.1,7.8,75.0,2.2,3.7,26.0
2023-02-16T00:00,9.8,6.1,66.0,1.6,3.6,26.0
2023-02-16T01:00,9.3,5.8,64.0,1.4,3.4,26.0
2023-02-16T02:00,9.1,5.6,62.0,1.0,3.1,27.0
2023-02-16T03:00,9.6,5.8,63.0,0.8,2.8,27.0
2023-02-16T04:00,10.1,6.1,69.0,1.0,2.8,27.0
2023-02-16T05:00,10.3,6.1,77.0,1.4,2.8,28.0
2023-02-16T06:00,11.4,6.8,89.0,2.0,3.1,28.0
2023-02-16T07:00,13.6,8.1,99.0,2.7,3.5,28.0
2023-02-16T08:00,15.8,9.6,109.0,3.5,4.0,28.0
2023-02-16T09:00,17.9,11.0,118.0,4.1,4.5,29.0
2023-02-16T10:00,18.9,11.9,116.0,3.9,4.5,31.0
2023-02-16T11:00,21.7,13.6,110.0,3.3,4.3,33.0
2023-02-16T12:00,22.0,14.3,103.0,1.7,4.3,54.0
2023-02-16T13:00,20.7,13.3,102.0,2.3,4.2,48.0
2023-02-16T14:00,18.8,11.9,100.0,3.2,4.1,39.0
2023-02-16T15:00,16.6,10.3,98.0,4.2,3.9,30.0
2023-02-16T16:00,14.8,9.1,98.0,4.6,3.7,27.0
2023-02-16T17:00,14.2,8.6,98.0,4.8,3.5,25.0
2023-02-16T18:00,13.7,8.2,97.0,4.7,3.3,24.0
2023-02-16T19:00,13.2,7.9,95.0,4.3,3.4,23.0
2023-02-16T20:00,12.5,7.5,93.0,3.7,3.5,24.0
2023-02-16T21:00,12.7,7.6,88.0,2.9,3.6,24.0
2023-02-16T22:00,12.7,7.5,80.0,2.3,3.5,24.0
2023-02-16T23:00,12.4,7.3,70.0,1.8,3.2,25.0
2023-02-17T00:00,11.5,7.0,66.0,1.9,3.7,24.0
2023-02-17T01:00,12.9,7.7,64.0,1.6,3.5,24.0
2023-02-17T02:00,15.1,8.8,61.0,1.3,3.1,25.0
2023-02-17T03:00,17.1,9.7,61.0,1.0,2.8,26.0
2023-02-17T04:00,18.1,10.2,67.0,1.2,2.8,26.0
2023-02-17T05:00,18.2,10.4,76.0,1.5,2.9,26.0
2023-02-17T06:00,19.1,11.0,89.0,2.0,3.2,29.0
2023-02-17T07:00,21.0,12.3,99.0,2.2,3.6,34.0
2023-02-17T08:00,23.1,13.7,110.0,2.5,4.2,42.0
2023-02-17T09:00,25.8,15.5,122.0,2.6,4.9,51.0
2023-02-17T10:00,28.5,17.3,127.0,2.5,5.4,57.0
2023-02-17T11:00,30.7,18.9,130.0,2.3,5.9,63.0
2023-02-17T12:00,27.4,17.0,132.0,2.2,6.1,68.0
2023-02-17T13:00,27.6,17.1,131.0,3.0,6.1,60.0
2023-02-17T14:00,25.2,15.4,129.0,4.1,6.1,49.0
2023-02-17T15:00,22.9,13.7,125.0,5.2,5.9,36.0
2023-02-17T16:00,21.4,12.6,121.0,5.5,5.4,32.0
2023-02-17T17:00,20.4,12.0,115.0,5.5,4.8,30.0
2023-02-17T18:00,19.6,11.5,109.0,5.3,4.1,29.0
2023-02-17T19:00,18.6,11.0,107.0,5.0,4.0,29.0
2023-02-17T20:00,17.8,10.5,105.0,4.4,4.2,29.0
2023-02-17T21:00,17.8,10.6,101.0,3.7,4.3,30.0
2023-02-17T22:00,17.3,10.3,92.0,3.1,4.1,31.0
2023-02-17T23:00,16.1,9.5,81.0,2.5,3.9,31.0
2023-02-18T00:00,14.4,8.6,71.0,1.9,3.8,31.0
2023-02-18T01:00,13.7,8.3,69.0,1.7,3.7,31.0
2023-02-18T02:00,13.2,8.1,67.0,1.4,3.6,31.0
2023-02-18T03:00,12.9,7.9,69.0,1.4,3.6,31.0
2023-02-18T04:00,12.8,7.9,76.0,1.9,3.8,30.0
2023-02-18T05:00,13.0,8.1,87.0,2.6,4.1,30.0
2023-02-18T06:00,14.4,9.2,104.0,3.6,4.7,30.0
2023-02-18T07:00,16.8,10.9,120.0,4.5,5.3,31.0
2023-02-18T08:00,19.8,12.9,138.0,5.5,6.0,33.0
2023-02-18T09:00,23.4,15.3,154.0,6.1,6.8,38.0
2023-02-18T10:00,27.4,17.9,156.0,5.4,7.1,47.0
2023-02-18T11:00,29.3,19.0,151.0,4.1,7.1,59.0
2023-02-18T12:00,28.6,18.5,129.0,2.2,6.8,75.0
2023-02-18T13:00,25.7,16.4,129.0,3.1,6.9,66.0
2023-02-18T14:00,21.5,13.5,128.0,4.4,7.0,53.0
2023-02-18T15:00,17.8,11.1,125.0,5.7,6.8,39.0
2023-02-18T16:00,15.6,9.5,121.0,6.1,6.2,34.0
2023-02-18T17:00,14.1,8.6,115.0,6.2,5.4,32.0
2023-02-18T18:00,12.9,7.8,108.0,6.0,4.5,30.0
2023-02-18T19:00,11.7,7.2,105.0,5.6,4.4,29.0
2023-02-18T20:00,10.6,6.7,102.0,4.9,4.5,29.0
2023-02-18T21:00,10.4,6.6,97.0,4.1,4.7,29.0
2023-02-18T22:00,10.4,6.8,90.0,3.7,4.9,29.0
2023-02-18T23:00,10.5,6.9,82.0,3.4,5.1,28.0
2023-02-19T00:00,13.8,9.1,89.0,3.8,6.2,28.0
2023-02-19T01:00,14.4,9.5,87.0,3.4,6.1,28.0
2023-02-19T02:00,14.6,9.5,84.0,2.9,5.9,28.0
2023-02-19T03:00,14.7,9.4,87.0,2.7,5.9,28.0
2023-02-19T04:00,14.4,9.2,96.0,3.3,6.1,26.0
2023-02-19T05:00,14.4,9.3,110.0,4.3,6.3,24.0
2023-02-19T06:00,16.5,10.9,134.0,5.1,6.9,29.0
2023-02-19T07:00,21.3,14.3,161.0,4.7,7.7,47.0
2023-02-19T08:00,30.2,20.5,192.0,3.9,8.6,73.0
2023-02-19T09:00,42.0,28.8,223.0,3.1,9.5,95.0
2023-02-19T10:00,52.0,35.7,229.0,3.1,9.7,91.0
2023-02-19T11:00,60.5,41.8,226.0,3.3,9.5,76.0
2023-02-19T12:00,44.4,29.9,195.0,1.3,8.4,91.0
2023-02-19T13:00,46.2,30.7,181.0,2.0,8.1,77.0
2023-02-19T14:00,40.5,26.0,162.0,3.1,7.7,57.0
2023-02-19T15:00,38.1,23.6,147.0,5.2,7.6,35.0
2023-02-19T16:00,35.5,22.0,156.0,7.9,8.2,27.0
2023-02-19T17:00,37.1,22.9,175.0,11.1,9.2,24.0
2023-02-19T18:00,34.1,21.2,192.0,13.8,10.0,21.0
2023-02-19T19:00,31.1,19.3,190.0,13.3,9.9,19.0
2023-02-19T20:00,28.1,17.2,181.0,11.5,9.3,19.0
2023-02-19T21:00,26.5,15.9,160.0,8.7,8.3,19.0
2023-02-19T22:00,25.3,14.8,135.0,6.7,7.2,21.0
2023-02-19T23:00,24.6,14.1,102.0,4.5,5.8,23.0
2023-02-20T00:00,21.5,12.5,71.0,2.4,4.3,27.0
2023-02-20T01:00,20.8,12.0,67.0,1.9,3.8,27.0
2023-02-20T02:00,21.5,12.3,61.0,1.1,3.1,27.0
2023-02-20T03:00,22.8,13.0,58.0,0.6,2.4,28.0
2023-02-20T04:00,25.2,14.2,63.0,0.9,2.3,28.0
2023-02-20T05:00,27.6,15.4,71.0,1.5,2.5,29.0
2023-02-20T06:00,29.9,16.8,84.0,2.5,2.9,30.0
2023-02-20T07:00,31.3,17.6,95.0,3.4,3.5,31.0
2023-02-20T08:00,37.8,21.0,108.0,4.3,4.3,31.0
2023-02-20T09:00,48.4,26.7,117.0,4.9,5.1,35.0
2023-02-20T10:00,50.6,28.0,113.0,4.1,5.1,43.0
2023-02-20T11:00,49.7,27.5,102.0,2.7,4.9,53.0
2023-02-20T12:00,50.3,28.4,101.0,1.4,5.5,69.0
2023-02-20T13:00,45.9,25.7,104.0,1.6,5.7,68.0
2023-02-20T14:00,43.3,23.9,108.0,1.8,5.9,66.0
2023-02-20T15:00,44.1,24.1,114.0,2.7,6.2,61.0
2023-02-20T16:00,44.9,24.4,119.0,4.2,6.2,53.0
2023-02-20T17:00,44.6,24.2,125.0,6.2,6.1,42.0
2023-02-20T18:00,44.4,24.2,134.0,8.3,6.4,31.0
2023-02-20T19:00,43.3,23.8,143.0,8.8,7.1,28.0
2023-02-20T20:00,43.2,24.2,153.0,8.7,8.1,27.0
2023-02-20T21:00,44.9,25.8,163.0,8.5,9.5,27.0
2023-02-20T22:00,47.6,27.8,165.0,8.4,10.5,27.0
2023-02-20T23:00,49.9,29.7,164.0,8.3,11.5,27.0
2023-02-21T00:00,46.4,27.5,128.0,6.0,9.9,30.0
2023-02-21T01:00,45.3,27.1,119.0,5.3,9.8,31.0
2023-02-21T02:00,45.5,27.6,107.0,4.2,9.8,31.0
2023-02-21T03:00,48.2,29.7,96.0,3.0,9.6,32.0
2023-02-21T04:00,53.1,33.4,90.0,2.3,9.1,31.0
2023-02-21T05:00,57.3,37.0,88.0,1.8,8.4,30.0
2023-02-21T06:00,66.1,43.5,106.0,1.9,8.8,31.0
2023-02-21T07:00,74.7,49.6,151.0,3.5,11.3,33.0
2023-02-21T08:00,80.8,53.9,213.0,5.8,15.0,35.0
2023-02-21T09:00,91.7,61.2,288.0,7.6,19.0,47.0
2023-02-21T10:00,102.4,68.2,330.0,6.7,20.2,69.0
2023-02-21T11:00,111.1,74.0,366.0,4.7,20.6,97.0
2023-02-21T12:00,84.8,55.5,335.0,2.0,17.3,144.0
2023-02-21T13:00,75.9,49.2,308.0,2.9,15.8,125.0
2023-02-21T14:00,61.9,39.5,269.0,4.1,13.6,97.0
2023-02-21T15:00,51.6,32.4,230.0,6.2,11.6,67.0
2023-02-21T16:00,48.5,30.4,222.0,8.1,11.6,57.0
2023-02-21T17:00,51.9,32.8,223.0,10.2,12.3,53.0
2023-02-21T18:00,57.9,37.0,237.0,13.1,14.0,48.0
2023-02-21T19:00,64.0,41.3,259.0,15.5,16.0,41.0
2023-02-21T20:00,68.9,44.7,289.0,18.1,18.4,34.0
2023-02-21T21:00,71.0,46.3,318.0,20.2,20.7,26.0
2023-02-21T22:00,71.2,46.8,323.0,20.3,20.9,23.0
2023-02-21T23:00,66.1,43.4,319.0,19.5,20.4,21.0
2023-02-22T00:00,37.5,23.9,193.0,10.0,14.3,30.0
2023-02-22T01:00,34.9,22.4,174.0,8.6,13.1,30.0
2023-02-22T02:00,32.4,20.7,147.0,6.7,11.4,31.0
2023-02-22T03:00,29.7,19.0,121.0,4.7,9.7,33.0
2023-02-22T04:00,27.6,17.6,118.0,4.2,9.4,34.0
2023-02-22T05:00,26.6,16.9,124.0,4.3,9.5,36.0
2023-02-22T06:00,28.9,18.6,142.0,4.3,9.9,44.0
2023-02-22T07:00,33.1,21.6,169.0,4.0,10.3,61.0
2023-02-22T08:00,38.3,25.3,203.0,3.7,10.8,83.0
2023-02-22T09:00,44.1,29.5,235.0,3.2,11.2,106.0
2023-02-22T10:00,49.2,33.2,234.0,2.7,11.0,112.0
2023-02-22T11:00,52.5,35.5,222.0,2.1,10.6,112.0
2023-02-22T12:00,80.6,55.4,266.0,1.1,11.3,116.0
2023-02-22T13:00,62.9,43.2,251.0,2.4,11.2,103.0
2023-02-22T14:00,46.1,31.3,228.0,4.3,11.1,85.0
2023-02-22T15:00,33.2,22.2,201.0,6.6,10.6,63.0
2023-02-22T16:00,25.5,16.8,187.0,8.0,9.9,53.0
2023-02-22T17:00,21.1,13.5,176.0,9.1,8.9,47.0
2023-02-22T18:00,18.2,11.4,160.0,9.7,7.7,41.0
2023-02-22T19:00,16.5,10.2,147.0,8.8,7.0,39.0
2023-02-22T20:00,14.9,9.1,133.0,7.1,6.3,39.0
2023-02-22T21:00,13.0,8.1,115.0,5.0,5.7,40.0
2023-02-22T22:00,11.1,7.1,102.0,4.1,5.5,40.0
2023-02-22T23:00,9.6,6.2,89.0,3.4,5.4,39.0
2023-02-23T00:00,9.1,6.0,89.0,3.9,5.6,38.0
2023-02-23T01:00,8.8,5.8,85.0,3.4,5.5,37.0
2023-02-23T02:00,9.1,6.0,79.0,2.6,5.3,35.0
2023-02-23T03:00,9.5,6.3,80.0,2.2,5.3,33.0
2023-02-23T04:00,10.0,6.7,92.0,2.9,5.6,31.0
2023-02-23T05:00,10.8,7.2,111.0,4.1,6.1,30.0
2023-02-23T06:00,13.1,8.8,138.0,5.7,6.8,30.0
2023-02-23T07:00,16.7,11.3,162.0,6.7,7.5,33.0
2023-02-23T08:00,22.0,15.0,188.0,7.6,8.2,38.0
2023-02-23T09:00,29.0,19.7,207.0,8.1,8.8,44.0
2023-02-23T10:00,33.8,22.9,198.0,7.3,8.6,46.0
2023-02-23T11:00,34.2,23.0,177.0,5.9,8.2,47.0
2023-02-23T12:00,34.9,23.5,147.0,1.9,7.7,90.0
2023-02-23T13:00,30.9,20.6,140.0,2.7,7.4,79.0
2023-02-23T14:00,26.0,17.1,131.0,3.9,7.0,64.0
2023-02-23T15:00,21.2,13.9,123.0,5.7,6.6,46.0
2023-02-23T16:00,18.7,12.1,127.0,7.3,6.5,39.0
2023-02-23T17:00,17.6,11.4,136.0,9.1,6.5,35.0
2023-02-23T18:00,16.5,10.7,144.0,10.4,6.5,32.0
2023-02-23T19:00,16.1,10.5,144.0,9.9,6.5,31.0
2023-02-23T20:00,15.7,10.2,141.0,8.6,6.5,31.0
2023-02-23T21:00,15.4,10.0,131.0,6.7,6.5,32.0
2023-02-23T22:00,14.7,9.4,116.0,5.5,6.4,32.0
2023-02-23T23:00,13.2,8.5,96.0,4.3,6.2,33.0
2023-02-24T00:00,14.6,9.3,81.0,3.1,6.0,33.0
2023-02-24T01:00,14.8,9.6,79.0,2.8,6.1,32.0
2023-02-24T02:00,14.3,9.6,75.0,2.3,6.3,31.0
2023-02-24T03:00,15.1,10.4,77.0,2.0,6.8,31.0
2023-02-24T04:00,16.9,11.7,85.0,2.3,7.5,31.0
2023-02-24T05:00,20.1,13.7,97.0,2.9,8.5,31.0
2023-02-24T06:00,27.8,18.9,122.0,3.4,9.7,37.0
2023-02-24T07:00,41.1,27.7,152.0,3.2,10.7,52.0
2023-02-24T08:00,57.7,38.4,189.0,2.8,11.7,73.0
2023-02-24T09:00,76.6,50.5,226.0,2.2,12.4,94.0
2023-02-24T10:00,89.4,58.9,235.0,1.9,12.2,97.0
2023-02-24T11:00,88.5,58.4,235.0,1.5,11.4,94.0
2023-02-24T12:00,65.2,42.7,214.0,1.7,10.8,91.0
2023-02-24T13:00,57.6,38.0,204.0,2.7,10.4,79.0
2023-02-24T14:00,47.4,31.1,190.0,4.2,9.9,61.0
2023-02-24T15:00,39.7,25.7,176.0,6.4,9.3,41.0
2023-02-24T16:00,35.4,22.6,176.0,8.4,9.2,33.0
2023-02-24T17:00,34.1,21.4,180.0,10.5,9.2,28.0
2023-02-24T18:00,33.4,20.4,181.0,12.1,9.1,25.0
2023-02-24T19:00,33.8,20.1,174.0,11.4,8.7,24.0
2023-02-24T20:00,34.9,20.3,163.0,9.5,8.2,25.0
2023-02-24T21:00,34.7,19.9,145.0,7.1,7.6,27.0
2023-02-24T22:00,32.2,18.5,128.0,5.8,7.3,28.0
2023-02-24T23:00,29.9,17.2,109.0,4.6,7.0,30.0
2023-02-25T00:00,31.5,18.5,96.0,3.8,7.6,31.0
2023-02-25T01:00,31.7,18.5,90.0,3.1,7.3,32.0
2023-02-25T02:00,33.2,19.2,80.0,2.2,6.9,33.0
2023-02-25T03:00,34.5,19.8,76.0,1.4,6.5,34.0
2023-02-25T04:00,35.4,20.3,83.0,1.7,6.6,34.0
2023-02-25T05:00,35.3,20.1,95.0,2.4,6.8,34.0
2023-02-25T06:00,36.1,21.0,118.0,3.3,7.3,39.0
2023-02-25T07:00,38.9,23.1,144.0,3.7,8.0,51.0
2023-02-25T08:00,43.0,26.1,176.0,3.9,8.8,67.0
2023-02-25T09:00,50.3,31.0,203.0,3.9,9.5,84.0
2023-02-25T10:00,55.5,34.5,200.0,3.4,9.3,88.0
2023-02-25T11:00,54.7,34.1,184.0,2.6,8.8,87.0
2023-02-25T12:00,48.2,29.9,149.0,1.9,7.4,81.0
2023-02-25T13:00,43.5,26.5,141.0,2.6,7.0,72.0
2023-02-25T14:00,36.9,21.8,130.0,3.7,6.4,59.0
2023-02-25T15:00,31.8,18.3,118.0,4.9,5.7,45.0
2023-02-25T16:00,29.0,16.5,115.0,5.5,5.2,39.0
2023-02-25T17:00,27.0,15.2,115.0,6.0,4.8,36.0
2023-02-25T18:00,24.4,13.7,114.0,6.2,4.4,33.0
2023-02-25T19:00,21.8,12.3,111.0,5.7,4.2,33.0
2023-02-25T20:00,19.3,10.9,107.0,4.7,4.2,34.0
2023-02-25T21:00,17.1,9.8,99.0,3.5,4.1,36.0
2023-02-25T22:00,15.4,9.0,90.0,2.8,3.9,37.0
2023-02-25T23:00,13.7,8.0,78.0,2.2,3.8,37.0
2023-02-26T00:00,12.8,7.5,71.0,1.6,3.6,37.0
2023-02-26T01:00,12.2,7.3,70.0,1.4,3.6,37.0
2023-02-26T02:00,12.0,7.3,68.0,1.1,3.6,37.0
2023-02-26T03:00,11.8,7.2,71.0,1.1,3.8,37.0
2023-02-26T04:00,11.1,6.9,81.0,1.8,4.1,36.0
2023-02-26T05:00,10.8,6.8,94.0,2.8,4.4,35.0
2023-02-26T06:00,12.3,7.9,116.0,4.2,5.1,34.0
2023-02-26T07:00,14.2,9.4,137.0,5.3,6.0,36.0
2023-02-26T08:00,17.1,11.4,161.0,6.4,7.0,38.0
2023-02-26T09:00,21.4,14.4,180.0,7.2,7.9,42.0
2023-02-26T10:00,26.3,17.8,177.0,6.7,7.9,44.0
2023-02-26T11:00,30.3,20.5,164.0,5.6,7.5,45.0
2023-02-26T12:00,31.9,21.4,156.0,1.8,6.8,87.0
2023-02-26T13:00,27.2,17.9,146.0,2.5,6.3,77.0
2023-02-26T14:00,22.2,14.0,133.0,3.5,5.6,62.0
2023-02-26T15:00,19.0,11.6,120.0,4.7,4.8,46.0
2023-02-26T16:00,17.3,10.3,120.0,5.5,4.5,40.0
2023-02-26T17:00,15.9,9.4,124.0,6.3,4.3,38.0
2023-02-26T18:00,14.5,8.6,128.0,6.8,4.2,36.0
2023-02-26T19:00,13.3,8.0,127.0,6.4,4.2,35.0
2023-02-26T20:00,12.5,7.6,125.0,5.5,4.2,36.0
2023-02-26T21:00,11.9,7.3,118.0,4.4,4.3,36.0
2023-02-26T22:00,10.8,6.6,109.0,3.7,4.3,36.0
2023-02-26T23:00,9.3,5.8,97.0,3.1,4.2,36.0
2023-02-27T00:00,9.8,6.0,79.0,1.9,3.7,38.0
2023-02-27T01:00,9.3,5.9,79.0,1.7,3.8,38.0
2023-02-27T02:00,9.3,6.0,79.0,1.4,3.8,37.0
2023-02-27T03:00,9.5,6.1,84.0,1.5,4.0,36.0
2023-02-27T04:00,9.8,6.3,95.0,2.2,4.1,35.0
2023-02-27T05:00,10.0,6.4,110.0,3.3,4.3,34.0
2023-02-27T06:00,11.2,7.2,128.0,4.5,4.6,35.0
2023-02-27T07:00,12.7,8.2,138.0,5.1,5.0,38.0
2023-02-27T08:00,15.0,9.7,146.0,5.5,5.4,42.0
2023-02-27T09:00,18.3,11.8,150.0,5.6,5.8,47.0
2023-02-27T10:00,22.7,14.6,145.0,5.2,5.8,48.0
2023-02-27T11:00,27.0,17.2,134.0,4.4,5.6,48.0
2023-02-27T12:00,26.2,16.6,120.0,1.9,5.3,74.0
2023-02-27T13:00,27.6,17.2,116.0,2.5,5.1,65.0
2023-02-27T14:00,26.7,16.0,110.0,3.3,4.8,53.0
2023-02-27T15:00,24.7,14.4,105.0,4.4,4.4,40.0
2023-02-27T16:00,22.6,13.0,108.0,5.2,4.3,35.0
2023-02-27T17:00,20.8,12.0,114.0,6.1,4.2,33.0
2023-02-27T18:00,19.4,11.3,119.0,6.6,4.2,32.0
2023-02-27T19:00,18.6,10.8,117.0,6.1,4.2,32.0
2023-02-27T20:00,18.0,10.5,113.0,5.2,4.2,32.0
2023-02-27T21:00,17.6,10.2,104.0,3.9,4.2,33.0
2023-02-27T22:00,16.8,9.7,95.0,3.2,4.1,33.0
2023-02-27T23:00,15.8,9.2,84.0,2.6,4.0,33.0
2023-02-28T00:00,16.2,9.3,72.0,1.7,3.5,34.0
2023-02-28T01:00,15.5,9.1,70.0,1.5,3.5,34.0
2023-02-28T02:00,14.8,8.7,68.0,1.2,3.4,33.0
2023-02-28T03:00,14.5,8.6,72.0,1.1,3.6,33.0
2023-02-28T04:00,14.3,8.6,83.0,1.7,4.0,32.0
2023-02-28T05:00,14.7,9.1,99.0,2.5,4.5,31.0
2023-02-28T06:00,16.7,10.5,122.0,3.5,5.3,34.0
2023-02-28T07:00,19.7,12.7,142.0,3.8,5.9,44.0
2023-02-28T08:00,24.7,16.0,165.0,3.9,6.5,58.0
2023-02-28T09:00,29.7,19.0,181.0,3.8,7.0,72.0
2023-02-28T10:00,32.1,20.5,174.0,3.3,6.9,74.0
2023-02-28T11:00,34.5,21.9,156.0,2.6,6.5,71.0
2023-02-28T12:00,34.9,22.2,130.0,1.8,6.1,68.0
2023-02-28T13:00,31.8,19.8,125.0,2.4,5.8,60.0
2023-02-28T14:00,27.6,17.0,118.0,3.3,5.5,49.0
2023-02-28T15:00,23.1,13.9,112.0,4.5,5.1,36.0
2023-02-28T16:00,21.2,12.6,114.0,5.5,5.0,31.0
2023-02-28T17:00,20.0,11.9,120.0,6.5,4.9,28.0
2023-02-28T18:00,18.6,11.3,125.0,7.2,4.9,26.0
2023-02-28T19:00,17.3,10.7,125.0,6.9,5.0,26.0
2023-02-28T20:00,16.3,10.1,124.0,6.2,5.1,27.0
2023-02-28T21:00,16.4,10.2,117.0,5.1,5.2,28.0
2023-02-28T22:00,15.5,9.7,106.0,4.3,5.1,28.0
2023-02-28T23:00,13.5,8.6,91.0,3.4,4.9,29.0
2023-03-01T00:00,10.5,7.1,83.0,2.9,5.0,28.0
2023-03-01T01:00,10.7,7.2,81.0,2.6,4.9,28.0
2023-03-01T02:00,10.9,7.3,77.0,2.1,4.7,28.0
2023-03-01T03:00,11.2,7.5,79.0,1.9,4.6,28.0
2023-03-01T04:00,11.5,7.7,89.0,2.5,4.8,27.0
2023-03-01T05:00,11.8,7.9,104.0,3.5,5.0,27.0
2023-03-01T06:00,13.0,8.8,125.0,4.8,5.5,27.0
2023-03-01T07:00,15.3,10.4,141.0,5.7,6.0,29.0
2023-03-01T08:00,18.6,12.5,157.0,6.5,6.5,32.0
2023-03-01T09:00,22.9,15.5,168.0,6.8,6.9,38.0
2023-03-01T10:00,27.6,18.7,162.0,5.7,6.8,45.0
2023-03-01T11:00,31.1,20.8,147.0,4.0,6.5,54.0
2023-03-01T12:00,28.8,18.9,140.0,1.8,6.2,71.0
2023-03-01T13:00,27.5,17.9,134.0,2.5,6.0,63.0
2023-03-01T14:00,23.4,14.9,124.0,3.5,5.6,51.0
2023-03-01T15:00,19.6,12.2,117.0,4.9,5.2,38.0
2023-03-01T16:00,16.8,10.4,119.0,6.1,5.0,33.0
2023-03-01T17:00,14.5,9.0,126.0,7.3,4.8,30.0
2023-03-01T18:00,12.9,8.1,134.0,8.4,4.7,28.0
2023-03-01T19:00,11.6,7.4,137.0,8.3,4.8,27.0
2023-03-01T20:00,10.2,6.7,140.0,7.6,5.0,28.0
2023-03-01T21:00,10.0,6.7,141.0,6.8,5.3,28.0
2023-03-01T22:00,10.2,6.9,139.0,6.7,5.4,28.0
2023-03-01T23:00,9.9,6.7,134.0,6.7,5.6,27.0
2023-03-02T00:00,11.0,7.3,128.0,6.6,5.7,27.0
2023-03-02T01:00,11.0,7.4,123.0,6.0,5.6,26.0
2023-03-02T02:00,11.6,7.7,116.0,5.2,5.4,25.0
2023-03-02T03:00,12.1,8.1,118.0,4.6,5.4,25.0
2023-03-02T04:00,12.6,8.6,133.0,5.0,5.8,24.0
2023-03-02T05:00,14.7,10.1,156.0,5.9,6.4,23.0
2023-03-02T06:00,21.5,14.9,200.0,6.3,7.6,35.0
2023-03-02T07:00,37.5,26.1,249.0,5.3,9.3,65.0
2023-03-02T08:00,60.8,42.3,308.0,3.6,11.3,107.0
2023-03-02T09:00,90.8,63.1,370.0,1.7,12.0,146.0
2023-03-02T10:00,125.3,87.1,389.0,1.0,9.4,147.0
2023-03-02T11:00,164.8,115.0,394.0,0.7,5.0,135.0
2023-03-02T12:00,168.6,117.3,377.0,0.6,6.4,124.0
2023-03-02T13:00,177.0,122.9,379.0,0.6,5.6,113.0
2023-03-02T14:00,178.3,123.9,383.0,0.5,4.3,97.0
2023-03-02T15:00,172.8,120.1,381.0,0.6,3.0,79.0
2023-03-02T16:00,167.6,116.4,378.0,0.8,2.6,72.0
2023-03-02T17:00,166.2,115.0,372.0,1.0,2.4,68.0
2023-03-02T18:00,166.7,115.5,337.0,1.3,2.1,64.0
2023-03-02T19:00,163.0,112.9,265.0,1.3,1.5,59.0
2023-03-02T20:00,141.6,98.0,169.0,1.3,0.8,55.0
2023-03-02T21:00,116.2,80.3,78.0,1.4,0.4,51.0
2023-03-02T22:00,94.1,65.0,73.0,1.8,0.9,51.0
2023-03-02T23:00,77.1,53.1,100.0,2.4,2.0,52.0
2023-03-03T00:00,76.8,53.0,73.0,0.7,0.1,40.0
2023-03-03T01:00,57.2,39.3,85.0,1.0,1.7,42.0
2023-03-03T02:00,37.4,25.7,103.0,1.5,3.9,44.0
2023-03-03T03:00,23.9,16.3,124.0,2.3,6.3,46.0
2023-03-03T04:00,16.2,11.1,133.0,3.1,6.9,44.0
2023-03-03T05:00,13.3,9.2,140.0,4.0,7.1,42.0
2023-03-03T06:00,15.0,10.4,156.0,5.3,7.3,41.0
2023-03-03T07:00,19.7,13.6,180.0,6.4,8.0,46.0
2023-03-03T08:00,26.9,18.6,209.0,7.7,8.9,53.0
2023-03-03T09:00,42.8,29.5,240.0,8.2,9.4,63.0
2023-03-03T10:00,63.1,43.4,249.0,7.0,8.8,70.0
2023-03-03T11:00,86.8,59.5,251.0,4.8,7.6,77.0
2023-03-03T12:00,118.7,81.7,254.0,2.3,9.1,87.0
2023-03-03T13:00,123.4,84.3,257.0,2.5,6.8,87.0
2023-03-03T14:00,110.8,75.7,262.0,2.9,3.7,88.0
2023-03-03T15:00,89.2,60.5,261.0,4.1,1.1,83.0
2023-03-03T16:00,72.2,48.9,250.0,6.3,2.1,71.0
2023-03-03T17:00,61.0,41.1,234.0,9.2,4.4,54.0
2023-03-03T18:00,50.4,33.9,215.0,11.9,7.2,36.0
2023-03-03T19:00,44.6,30.0,208.0,12.2,7.9,29.0
2023-03-03T20:00,42.1,28.0,204.0,11.5,8.2,25.0
2023-03-03T21:00,39.6,26.2,194.0,10.2,8.3,22.0
2023-03-03T22:00,35.9,23.6,178.0,9.1,8.4,21.0
2023-03-03T23:00,31.1,20.6,157.0,7.7,8.4,22.0
2023-03-04T00:00,35.5,24.1,203.0,10.8,9.3,17.0
2023-03-04T01:00,29.2,19.7,186.0,9.4,9.5,18.0
2023-03-04T02:00,27.5,18.6,162.0,7.3,9.7,20.0
2023-03-04T03:00,28.1,19.1,143.0,5.3,9.0,22.0
2023-03-04T04:00,28.0,19.2,148.0,5.1,7.0,19.0
2023-03-04T05:00,46.8,32.5,164.0,5.6,4.2,15.0
2023-03-04T06:00,51.3,35.7,196.0,5.9,1.4,21.0
2023-03-04T07:00,54.0,37.6,233.0,5.4,1.1,46.0
2023-03-04T08:00,64.5,44.8,278.0,4.6,1.7,81.0
2023-03-04T09:00,86.4,60.3,320.0,3.5,2.3,118.0
2023-03-04T10:00,104.3,72.9,324.0,2.8,1.7,127.0
2023-03-04T11:00,116.2,81.0,312.0,2.1,0.8,127.0
2023-03-04T12:00,117.3,81.5,328.0,1.8,0.5,136.0
2023-03-04T13:00,103.1,71.5,304.0,2.2,1.0,127.0
2023-03-04T14:00,85.4,59.1,270.0,2.9,1.6,115.0
2023-03-04T15:00,67.8,46.6,233.0,4.4,2.9,96.0
2023-03-04T16:00,55.4,37.6,222.0,6.6,4.4,80.0
2023-03-04T17:00,49.0,32.9,218.0,9.3,6.2,62.0
2023-03-04T18:00,43.7,29.2,213.0,11.8,8.0,44.0
2023-03-04T19:00,43.7,29.5,210.0,12.2,8.5,38.0
2023-03-04T20:00,48.0,32.8,207.0,11.7,8.6,35.0
2023-03-04T21:00,57.2,39.5,191.0,10.1,8.1,34.0
2023-03-04T22:00,65.0,44.9,159.0,7.8,6.9,33.0
2023-03-04T23:00,62.2,43.2,117.0,4.8,5.3,32.0
2023-03-05T00:00,65.7,45.5,152.0,5.6,6.7,30.0
2023-03-05T01:00,51.3,35.6,140.0,5.1,7.1,30.0
2023-03-05T02:00,33.5,23.2,123.0,4.3,7.8,31.0
2023-03-05T03:00,18.7,12.8,106.0,3.6,8.2,31.0
2023-03-05T04:00,12.0,8.2,102.0,3.6,7.7,29.0
2023-03-05T05:00,9.7,6.6,102.0,4.0,6.9,27.0
2023-03-05T06:00,12.0,8.1,113.0,4.6,6.3,28.0
2023-03-05T07:00,13.4,9.1,137.0,5.4,6.8,35.0
2023-03-05T08:00,21.0,14.1,170.0,6.4,7.7,46.0
2023-03-05T09:00,31.7,21.5,203.0,7.0,8.6,60.0
2023-03-05T10:00,39.1,26.7,207.0,6.1,8.5,70.0
2023-03-05T11:00,41.6,28.3,201.0,4.5,8.1,80.0
2023-03-05T12:00,55.6,38.3,211.0,5.2,9.9,78.0
2023-03-05T13:00,45.4,31.1,208.0,5.4,9.6,74.0
2023-03-05T14:00,51.6,34.3,203.0,5.8,9.2,68.0
2023-03-05T15:00,52.2,33.2,192.0,6.4,8.4,59.0
2023-03-05T16:00,38.9,23.2,178.0,7.1,7.5,51.0
2023-03-05T17:00,33.5,19.3,160.0,8.0,6.4,42.0
2023-03-05T18:00,34.2,19.2,139.0,8.4,5.3,34.0
2023-03-05T19:00,35.6,19.7,131.0,7.7,5.1,33.0
2023-03-05T20:00,36.0,19.8,127.0,6.4,5.1,34.0
2023-03-05T21:00,36.6,20.1,118.0,4.7,5.2,37.0
2023-03-05T22:00,36.3,19.9,105.0,3.7,5.0,38.0
2023-03-05T23:00,34.8,19.0,89.0,2.9,4.8,40.0
2023-03-06T00:00,33.8,18.6,80.0,2.4,5.4,40.0
2023-03-06T01:00,33.3,18.3,75.0,1.9,5.1,40.0
2023-03-06T02:00,31.5,17.4,68.0,1.2,4.7,41.0
2023-03-06T03:00,31.2,17.3,67.0,0.9,4.5,41.0
2023-03-06T04:00,31.7,17.7,76.0,1.6,4.8,40.0
2023-03-06T05:00,30.5,17.2,92.0,2.7,5.3,39.0
2023-03-06T06:00,31.7,18.3,115.0,4.1,6.2,40.0
2023-03-06T07:00,35.2,20.8,137.0,5.0,7.0,44.0
2023-03-06T08:00,40.7,24.2,162.0,5.7,7.9,51.0
2023-03-06T09:00,46.9,28.2,181.0,6.0,8.6,60.0
2023-03-06T10:00,51.1,31.0,176.0,5.1,8.5,67.0
2023-03-06T11:00,55.4,33.8,159.0,3.5,7.9,74.0
2023-03-06T12:00,38.9,23.3,102.0,1.7,4.9,65.0
2023-03-06T13:00,35.2,21.1,101.0,1.9,4.8,62.0
2023-03-06T14:00,30.0,17.8,100.0,2.3,4.7,59.0
2023-03-06T15:00,25.6,15.0,101.0,3.1,4.6,53.0
2023-03-06T16:00,22.7,13.2,105.0,4.2,4.5,48.0
2023-03-06T17:00,21.4,12.5,111.0,5.7,4.5,44.0
2023-03-06T18:00,21.2,12.3,116.0,6.8,4.4,39.0
2023-03-06T19:00,21.0,12.2,115.0,6.5,4.4,38.0
2023-03-06T20:00,21.8,12.6,111.0,5.5,4.3,39.0
2023-03-06T21:00,22.5,13.1,103.0,4.2,4.2,40.0
2023-03-06T22:00,21.6,12.5,93.0,3.4,4.0,41.0
2023-03-06T23:00,19.6,11.4,80.0,2.6,3.8,41.0
2023-03-07T00:00,14.6,8.8,77.0,2.6,4.0,36.0
2023-03-07T01:00,12.1,7.5,72.0,2.1,3.7,37.0
2023-03-07T02:00,11.5,7.1,66.0,1.4,3.3,38.0
2023-03-07T03:00,11.6,7.2,64.0,1.0,3.1,39.0
2023-03-07T04:00,11.5,7.2,71.0,1.4,3.3,38.0
2023-03-07T05:00,11.2,7.2,83.0,2.3,3.6,36.0
2023-03-07T06:00,12.2,7.9,105.0,3.3,4.5,38.0
2023-03-07T07:00,14.1,9.4,131.0,3.9,5.7,47.0
2023-03-07T08:00,17.3,11.8,161.0,4.5,7.3,61.0
2023-03-07T09:00,26.0,17.8,192.0,4.7,8.9,76.0
2023-03-07T10:00,43.4,30.0,198.0,3.9,9.2,82.0
2023-03-07T11:00,64.5,44.8,195.0,2.6,9.1,86.0
2023-03-07T12:00,41.3,28.5,168.0,2.4,9.1,90.0
2023-03-07T13:00,39.5,27.0,165.0,2.3,8.8,88.0
2023-03-07T14:00,34.9,23.9,160.0,2.3,8.5,86.0
2023-03-07T15:00,32.4,22.2,163.0,3.9,8.1,78.0
2023-03-07T16:00,26.8,18.3,176.0,7.4,8.0,66.0
2023-03-07T17:00,21.4,14.5,196.0,12.3,7.9,51.0
2023-03-07T18:00,20.0,13.6,229.0,17.9,8.0,34.0
2023-03-07T19:00,19.3,13.2,268.0,20.9,8.1,26.0
2023-03-07T20:00,19.7,13.5,314.0,23.2,8.2,20.0
2023-03-07T21:00,23.2,16.0,345.0,23.9,8.6,17.0
2023-03-07T22:00,27.5,19.1,321.0,21.5,9.2,21.0
2023-03-07T23:00,21.4,14.8,271.0,17.2,10.0,28.0
2023-03-08T00:00,25.5,17.7,284.0,16.7,13.3,37.0
2023-03-08T01:00,17.3,11.9,231.0,12.8,11.1,42.0
2023-03-08T02:00,12.1,8.3,155.0,7.2,8.0,48.0
2023-03-08T03:00,9.7,6.8,82.0,1.8,5.0,54.0
2023-03-08T04:00,9.1,6.4,74.0,1.4,4.8,54.0
2023-03-08T05:00,9.4,6.6,90.0,2.7,5.5,51.0
2023-03-08T06:00,11.8,8.2,121.0,5.0,6.9,49.0
2023-03-08T07:00,15.3,10.5,147.0,6.7,8.0,48.0
2023-03-08T08:00,19.7,13.4,179.0,8.6,9.2,48.0
2023-03-08T09:00,26.2,17.6,208.0,9.7,10.4,52.0
2023-03-08T10:00,32.8,21.9,207.0,8.2,10.5,62.0
2023-03-08T11:00,38.2,25.1,195.0,5.5,10.3,77.0
2023-03-08T12:00,45.3,28.6,180.0,2.1,10.0,106.0
2023-03-08T13:00,43.7,27.2,174.0,3.2,9.8,93.0
2023-03-08T14:00,40.3,24.8,166.0,4.7,9.5,75.0
2023-03-08T15:00,35.5,21.6,160.0,7.0,9.3,54.0
2023-03-08T16:00,31.8,19.3,164.0,9.1,9.3,45.0
2023-03-08T17:00,29.6,18.0,172.0,11.4,9.4,40.0
2023-03-08T18:00,27.4,16.9,179.0,13.2,9.5,35.0
2023-03-08T19:00,25.2,15.7,178.0,12.8,9.6,33.0
2023-03-08T20:00,22.1,13.8,174.0,11.5,9.6,32.0
2023-03-08T21:00,18.7,11.8,160.0,9.3,9.3,33.0
2023-03-08T22:00,16.1,10.2,138.0,7.5,8.4,34.0
2023-03-08T23:00,13.8,8.7,109.0,5.4,7.2,36.0
2023-03-09T00:00,12.0,7.8,85.0,4.4,6.8,35.0
2023-03-09T01:00,12.0,7.8,79.0,3.5,6.3,36.0
2023-03-09T02:00,11.9,7.7,72.0,2.3,5.6,37.0
2023-03-09T03:00,11.5,7.5,68.0,1.4,5.0,37.0
2023-03-09T04:00,10.8,7.1,76.0,1.9,4.9,36.0
2023-03-09T05:00,11.4,7.4,89.0,2.9,5.1,35.0
2023-03-09T06:00,14.1,9.1,108.0,4.3,5.5,33.0
2023-03-09T07:00,17.9,11.4,121.0,5.2,5.9,32.0
2023-03-09T08:00,21.7,13.7,135.0,6.1,6.3,31.0
2023-03-09T09:00,27.2,17.1,150.0,6.6,7.1,34.0
2023-03-09T10:00,34.9,22.1,157.0,5.9,7.9,44.0
2023-03-09T11:00,44.1,28.3,163.0,4.6,8.7,58.0
2023-03-09T12:00,133.6,88.5,181.0,1.0,8.5,76.0
2023-03-09T13:00,130.9,87.1,198.0,1.0,8.9,79.0
2023-03-09T14:00,123.4,82.4,221.0,1.1,9.5,83.0
2023-03-09T15:00,117.1,78.0,248.0,1.7,9.6,84.0
2023-03-09T16:00,118.3,78.9,254.0,2.7,8.4,79.0
2023-03-09T17:00,126.7,85.2,254.0,4.0,6.6,70.0
2023-03-09T18:00,136.9,93.1,269.0,7.0,4.9,57.0
2023-03-09T19:00,149.9,102.9,308.0,10.9,4.9,48.0
2023-03-09T20:00,160.2,110.4,360.0,15.7,5.4,39.0
2023-03-09T21:00,168.1,116.2,419.0,21.2,6.1,29.0
2023-03-09T22:00,171.4,119.0,441.0,23.4,5.3,24.0
2023-03-09T23:00,172.3,119.7,452.0,24.8,4.2,19.0
2023-03-10T00:00,156.0,108.5,957.0,58.0,18.9,4.0
2023-03-10T01:00,149.5,104.3,922.0,58.5,25.3,3.0
2023-03-10T02:00,143.9,100.1,871.0,59.0,34.3,1.0
2023-03-10T03:00,102.0,70.8,789.0,56.8,43.1,2.0
2023-03-10T04:00,88.2,61.2,713.0,51.0,44.4,6.0
2023-03-10T05:00,72.9,50.4,627.0,42.8,42.9,11.0
2023-03-10T06:00,65.2,45.1,533.0,31.9,38.8,29.0
2023-03-10T07:00,65.9,45.3,498.0,24.6,34.1,58.0
2023-03-10T08:00,75.2,51.8,481.0,17.4,27.8,95.0
2023-03-10T09:00,69.4,47.4,453.0,9.9,20.3,133.0
2023-03-10T10:00,64.7,43.9,414.0,6.8,16.1,142.0
2023-03-10T11:00,66.1,45.2,368.0,5.3,12.6,140.0
2023-03-10T12:00,100.6,68.9,407.0,4.5,7.7,159.0
2023-03-10T13:00,79.4,54.5,364.0,5.7,7.8,134.0
2023-03-10T14:00,60.5,41.4,303.0,7.5,7.9,99.0
2023-03-10T15:00,46.6,31.8,239.0,10.2,8.4,60.0
2023-03-10T16:00,35.3,23.9,224.0,12.6,9.4,46.0
2023-03-10T17:00,27.1,17.9,224.0,15.2,10.8,38.0
2023-03-10T18:00,26.9,17.7,225.0,17.3,12.1,32.0
2023-03-10T19:00,25.6,16.6,221.0,16.9,12.2,29.0
2023-03-10T20:00,23.5,15.0,216.0,15.4,11.9,27.0
2023-03-10T21:00,22.2,14.0,200.0,12.9,11.1,27.0
2023-03-10T22:00,21.3,13.2,174.0,11.0,10.3,28.0
2023-03-10T23:00,19.8,12.1,140.0,8.9,9.3,29.0
2023-03-11T00:00,19.6,11.7,106.0,6.6,8.7,32.0
2023-03-11T01:00,19.8,11.7,96.0,5.5,7.8,32.0
2023-03-11T02:00,21.2,12.3,83.0,4.0,6.5,33.0
2023-03-11T03:00,24.3,14.0,71.0,2.4,5.3,34.0
2023-03-11T04:00,30.0,17.2,69.0,2.0,5.1,34.0
2023-03-11T05:00,38.4,22.0,72.0,2.1,5.4,33.0
2023-03-11T06:00,48.5,28.8,90.0,2.3,6.5,39.0
2023-03-11T07:00,62.6,37.8,123.0,2.6,8.4,53.0
2023-03-11T08:00,71.5,43.5,167.0,3.0,11.0,72.0
2023-03-11T09:00,70.8,43.2,213.0,3.2,13.5,92.0
2023-03-11T10:00,77.5,48.2,225.0,2.7,13.8,100.0
2023-03-11T11:00,83.8,53.0,227.0,1.8,13.4,105.0
2023-03-11T12:00,94.1,59.4,242.0,1.6,14.4,107.0
2023-03-11T13:00,74.7,46.6,230.0,3.0,13.8,93.0
2023-03-11T14:00,59.8,36.8,212.0,4.9,12.9,74.0
2023-03-11T15:00,46.6,28.0,192.0,7.5,11.6,52.0
2023-03-11T16:00,37.5,22.2,184.0,9.3,10.6,43.0
2023-03-11T17:00,32.2,18.9,179.0,11.1,9.5,37.0
2023-03-11T18:00,29.3,17.1,170.0,12.2,8.3,32.0
2023-03-11T19:00,26.6,15.4,160.0,11.1,7.7,31.0
2023-03-11T20:00,24.1,13.8,149.0,9.0,7.2,33.0
2023-03-11T21:00,21.9,12.5,132.0,6.3,6.6,36.0
2023-03-11T22:00,20.2,11.5,114.0,5.0,6.1,37.0
2023-03-11T23:00,18.6,10.5,94.0,3.8,5.6,38.0
2023-03-12T00:00,17.4,9.7,70.0,2.1,4.7,40.0
2023-03-12T01:00,17.2,9.6,67.0,1.8,4.6,40.0
2023-03-12T02:00,16.6,9.4,63.0,1.3,4.4,40.0
2023-03-12T03:00,16.2,9.3,68.0,1.4,4.5,39.0
2023-03-12T04:00,16.1,9.4,83.0,2.7,5.1,35.0
2023-03-12T05:00,16.5,9.9,106.0,4.6,5.9,30.0
2023-03-12T06:00,18.7,11.7,143.0,6.3,7.4,32.0
2023-03-12T07:00,21.2,13.8,179.0,6.2,9.0,49.0
2023-03-12T08:00,29.2,19.6,219.0,5.5,11.0,74.0
2023-03-12T09:00,46.0,31.4,261.0,4.3,12.8,101.0
2023-03-12T10:00,70.5,48.8,274.0,3.3,13.0,110.0
2023-03-12T11:00,90.8,62.9,277.0,2.3,12.5,114.0
2023-03-12T12:00,74.3,51.2,237.0,1.3,10.8,115.0
2023-03-12T13:00,72.6,49.9,227.0,2.2,10.6,102.0
2023-03-12T14:00,60.8,41.6,212.0,3.6,10.4,83.0
2023-03-12T15:00,47.0,31.9,200.0,6.3,10.1,61.0
2023-03-12T16:00,36.3,24.3,204.0,9.7,10.0,50.0
2023-03-12T17:00,28.7,18.9,215.0,13.8,9.8,40.0
2023-03-12T18:00,24.0,15.8,229.0,17.8,9.5,31.0
2023-03-12T19:00,21.1,13.9,239.0,18.6,9.0,27.0
2023-03-12T20:00,19.2,12.8,248.0,18.2,8.4,24.0
2023-03-12T21:00,18.8,12.6,248.0,16.7,7.6,23.0
2023-03-12T22:00,17.9,12.0,229.0,15.0,7.2,23.0
2023-03-12T23:00,16.1,10.7,199.0,12.7,6.8,25.0
2023-03-13T00:00,14.5,9.5,149.0,8.6,6.5,29.0
2023-03-13T01:00,14.1,9.3,139.0,7.4,6.4,30.0
2023-03-13T02:00,13.9,9.2,125.0,5.8,6.3,30.0
2023-03-13T03:00,14.2,9.4,117.0,4.4,6.3,31.0
2023-03-13T04:00,14.6,9.7,127.0,4.7,6.5,31.0
2023-03-13T05:00,16.2,10.9,147.0,5.7,6.8,30.0
2023-03-13T06:00,19.3,12.9,173.0,7.1,7.3,31.0
2023-03-13T07:00,23.1,15.6,193.0,8.0,7.9,35.0
2023-03-13T08:00,27.0,18.3,214.0,8.9,8.7,40.0
2023-03-13T09:00,31.5,21.4,225.0,9.2,9.2,45.0
2023-03-13T10:00,35.3,23.6,207.0,8.1,8.9,46.0
2023-03-13T11:00,36.9,24.5,176.0,6.3,8.1,47.0
2023-03-13T12:00,42.4,28.3,167.0,2.1,8.0,95.0
2023-03-13T13:00,36.8,24.3,158.0,3.0,7.6,83.0
2023-03-13T14:00,30.5,19.6,146.0,4.3,7.1,67.0
2023-03-13T15:00,25.7,15.9,133.0,5.9,6.4,48.0
2023-03-13T16:00,22.5,13.6,130.0,6.8,5.9,41.0
2023-03-13T17:00,20.5,12.1,130.0,7.5,5.3,37.0
2023-03-13T18:00,19.4,11.3,128.0,7.7,4.7,34.0
2023-03-13T19:00,19.0,11.0,124.0,7.0,4.5,33.0
2023-03-13T20:00,18.5,10.7,118.0,5.8,4.5,35.0
2023-03-13T21:00,17.7,10.3,108.0,4.2,4.4,36.0
2023-03-13T22:00,16.4,9.6,98.0,3.4,4.2,36.0
2023-03-13T23:00,14.8,8.7,86.0,2.7,4.0,37.0
2023-03-14T00:00,13.7,8.0,69.0,1.7,3.6,39.0
2023-03-14T01:00,12.4,7.4,67.0,1.4,3.6,39.0
2023-03-14T02:00,11.7,7.1,65.0,1.1,3.5,39.0
2023-03-14T03:00,10.6,6.6,68.0,1.1,3.7,38.0
2023-03-14T04:00,10.1,6.5,79.0,1.9,4.1,37.0
2023-03-14T05:00,10.6,6.9,95.0,3.2,4.6,36.0
2023-03-14T06:00,12.3,8.1,117.0,4.8,5.4,35.0
2023-03-14T07:00,14.9,10.0,135.0,6.0,6.1,36.0
2023-03-14T08:00,18.2,12.2,155.0,7.2,6.8,37.0
2023-03-14T09:00,22.9,15.5,170.0,7.7,7.4,43.0
2023-03-14T10:00,29.2,19.8,167.0,6.5,7.5,54.0
2023-03-14T11:00,34.8,23.6,157.0,4.4,7.3,69.0
2023-03-14T12:00,32.9,21.5,119.0,2.0,6.0,75.0
2023-03-14T13:00,30.7,19.8,113.0,2.5,5.6,66.0
2023-03-14T14:00,25.2,15.8,104.0,3.2,5.0,54.0
2023-03-14T15:00,20.3,12.4,97.0,4.2,4.3,41.0
2023-03-14T16:00,17.2,10.4,99.0,5.0,4.1,36.0
2023-03-14T17:00,15.2,9.2,105.0,5.8,4.1,34.0
2023-03-14T18:00,14.0,8.6,111.0,6.4,4.1,33.0
2023-03-14T19:00,13.7,8.4,112.0,6.1,4.1,33.0
2023-03-14T20:00,13.8,8.4,111.0,5.4,4.2,33.0
2023-03-14T21:00,13.4,8.1,105.0,4.3,4.2,34.0
2023-03-14T22:00,11.9,7.4,95.0,3.5,4.0,35.0
2023-03-14T23:00,9.6,6.0,81.0,2.6,3.8,36.0
2023-03-15T00:00,7.1,4.6,69.0,1.5,3.2,40.0
2023-03-15T01:00,6.9,4.5,68.0,1.3,3.2,40.0
2023-03-15T02:00,7.1,4.5,66.0,1.0,3.1,41.0
2023-03-15T03:00,7.3,4.7,68.0,1.0,3.2,41.0
2023-03-15T04:00,6.9,4.5,76.0,1.5,3.4,40.0
2023-03-15T05:00,7.1,4.6,87.0,2.2,3.7,39.0
2023-03-15T06:00,8.3,5.5,102.0,3.0,4.2,41.0
2023-03-15T07:00,11.0,7.3,113.0,3.2,4.7,47.0
2023-03-15T08:00,13.7,9.2,125.0,3.2,5.2,54.0
2023-03-15T09:00,17.6,11.8,138.0,3.3,5.9,63.0
2023-03-15T10:00,23.3,15.7,144.0,3.4,6.5,67.0
2023-03-15T11:00,28.2,19.1,149.0,3.6,7.1,69.0
2023-03-15T12:00,37.5,25.5,165.0,2.3,8.2,93.0
2023-03-15T13:00,32.1,21.9,161.0,2.7,8.1,88.0
2023-03-15T14:00,25.2,17.1,155.0,3.3,7.9,81.0
2023-03-15T15:00,18.9,12.7,146.0,4.2,7.5,69.0
2023-03-15T16:00,14.6,9.8,138.0,5.1,6.8,58.0
2023-03-15T17:00,12.4,8.4,130.0,6.1,6.0,46.0
2023-03-15T18:00,11.2,7.7,121.0,6.9,5.2,34.0
2023-03-15T19:00,10.5,7.2,118.0,6.7,5.1,31.0
2023-03-15T20:00,9.8,6.8,118.0,6.0,5.2,32.0
2023-03-15T21:00,10.2,7.1,116.0,5.1,5.5,33.0
2023-03-15T22:00,11.1,7.7,111.0,4.7,5.9,33.0
2023-03-15T23:00,11.7,8.1,103.0,4.4,6.3,32.0
2023-03-16T00:00,9.5,6.6,86.0,3.2,5.8,33.0
2023-03-16T01:00,11.5,8.0,88.0,3.3,6.2,32.0
2023-03-16T02:00,15.0,10.4,91.0,3.4,6.8,30.0
2023-03-16T03:00,19.1,13.3,96.0,3.4,7.4,28.0
2023-03-16T04:00,24.0,16.8,99.0,3.2,7.4,27.0
2023-03-16T05:00,31.4,21.9,103.0,2.9,7.3,27.0
2023-03-16T06:00,45.5,31.9,120.0,3.0,7.7,29.0
2023-03-16T07:00,58.7,41.1,149.0,4.0,9.0,34.0
2023-03-16T08:00,67.3,47.1,188.0,5.4,10.7,41.0
2023-03-16T09:00,79.2,55.4,236.0,6.5,12.6,51.0
2023-03-16T10:00,102.7,71.7,264.0,5.8,13.5,57.0
2023-03-16T11:00,138.3,96.4,289.0,4.4,14.1,64.0
2023-03-16T12:00,197.4,137.8,336.0,0.9,11.7,133.0
2023-03-16T13:00,202.6,141.6,335.0,1.0,11.9,121.0
2023-03-16T14:00,195.6,136.4,333.0,1.1,12.2,105.0
2023-03-16T15:00,186.7,130.4,331.0,1.2,11.6,86.0
2023-03-16T16:00,190.0,132.7,331.0,0.9,9.6,79.0
2023-03-16T17:00,203.5,142.5,332.0,0.4,6.9,74.0
2023-03-16T18:00,205.4,143.4,336.0,1.1,4.1,71.0
2023-03-16T19:00,180.2,125.7,349.0,4.0,3.5,71.0
2023-03-16T20:00,137.8,95.5,365.0,8.1,3.8,73.0
2023-03-16T21:00,96.9,66.4,361.0,11.7,4.5,75.0
2023-03-16T22:00,67.1,45.5,318.0,11.0,5.5,74.0
2023-03-16T23:00,41.3,27.5,253.0,8.7,6.8,72.0
2023-03-17T00:00,49.9,34.1,184.0,4.1,3.7,70.0
2023-03-17T01:00,30.7,20.8,163.0,3.4,4.0,70.0
2023-03-17T02:00,20.8,14.0,135.0,2.3,4.4,71.0
2023-03-17T03:00,14.8,9.9,110.0,1.7,5.2,70.0
2023-03-17T04:00,11.5,7.7,113.0,2.3,6.0,68.0
2023-03-17T05:00,10.9,7.4,128.0,3.5,6.8,65.0
2023-03-17T06:00,12.8,8.8,155.0,5.7,8.1,62.0
2023-03-17T07:00,16.4,11.3,184.0,8.4,9.2,59.0
2023-03-17T08:00,20.1,13.8,218.0,11.6,10.4,55.0
2023-03-17T09:00,26.0,17.9,251.0,13.6,11.4,58.0
2023-03-17T10:00,35.0,24.1,255.0,11.5,11.5,71.0
2023-03-17T11:00,45.6,31.4,249.0,7.6,11.1,91.0
2023-03-17T12:00,76.4,52.7,276.0,2.2,12.4,137.0
2023-03-17T13:00,77.8,53.4,269.0,3.5,10.2,123.0
2023-03-17T14:00,76.1,52.2,259.0,5.3,7.1,103.0
2023-03-17T15:00,70.3,48.2,248.0,8.1,4.6,79.0
2023-03-17T16:00,63.1,43.3,247.0,10.9,5.6,67.0
2023-03-17T17:00,55.5,37.8,249.0,14.0,8.0,57.0
2023-03-17T18:00,48.4,33.1,247.0,16.5,10.6,47.0
2023-03-17T19:00,48.0,32.7,237.0,16.0,11.1,42.0
2023-03-17T20:00,46.6,31.8,224.0,14.3,11.0,39.0
2023-03-17T21:00,43.4,29.6,202.0,11.7,10.8,37.0
2023-03-17T22:00,37.5,25.4,183.0,10.2,10.8,36.0
2023-03-17T23:00,29.6,20.1,161.0,8.7,10.9,36.0
2023-03-18T00:00,16.0,10.9,142.0,7.0,10.5,35.0
2023-03-18T01:00,13.6,9.2,125.0,5.7,9.4,36.0
2023-03-18T02:00,10.0,6.7,101.0,3.8,7.8,37.0
2023-03-18T03:00,10.8,7.1,80.0,2.2,6.3,38.0
2023-03-18T04:00,12.2,7.7,82.0,2.4,6.2,35.0
2023-03-18T05:00,13.4,8.5,92.0,3.3,6.6,31.0
2023-03-18T06:00,17.2,11.1,117.0,4.4,7.5,33.0
2023-03-18T07:00,22.2,14.7,148.0,4.8,8.6,45.0
2023-03-18T08:00,30.5,20.0,188.0,5.0,9.9,63.0
2023-03-18T09:00,41.6,27.2,227.0,4.9,11.4,84.0
2023-03-18T10:00,52.3,34.2,233.0,4.2,11.8,92.0
2023-03-18T11:00,57.2,37.3,226.0,3.2,12.0,97.0
2023-03-18T12:00,61.0,39.3,209.0,2.0,11.6,101.0
2023-03-18T13:00,56.2,36.1,207.0,2.4,11.6,98.0
2023-03-18T14:00,49.5,31.5,203.0,3.0,11.6,93.0
2023-03-18T15:00,42.6,27.0,203.0,4.9,11.8,83.0
2023-03-18T16:00,38.6,24.4,209.0,8.1,12.3,69.0
2023-03-18T17:00,36.9,23.4,219.0,12.3,13.0,52.0
2023-03-18T18:00,36.0,23.1,231.0,16.6,13.9,34.0
2023-03-18T19:00,36.4,23.7,238.0,17.7,14.5,27.0
2023-03-18T20:00,36.4,24.1,244.0,17.8,15.1,24.0
2023-03-18T21:00,36.4,24.3,245.0,17.3,15.7,22.0
2023-03-18T22:00,35.7,23.9,238.0,16.8,16.2,21.0
2023-03-18T23:00,32.2,21.7,226.0,16.0,16.6,20.0
2023-03-19T00:00,39.8,27.2,341.0,24.6,17.8,13.0
2023-03-19T01:00,31.5,21.6,301.0,21.2,17.1,16.0
2023-03-19T02:00,26.4,18.0,243.0,16.3,16.2,19.0
2023-03-19T03:00,23.1,15.8,181.0,10.8,14.9,24.0
2023-03-19T04:00,20.0,13.7,159.0,8.5,14.0,26.0
2023-03-19T05:00,17.1,11.8,150.0,7.1,13.1,27.0
2023-03-19T06:00,16.6,11.5,151.0,6.1,12.1,33.0
2023-03-19T07:00,17.5,12.1,168.0,6.2,11.8,44.0
2023-03-19T08:00,20.8,14.3,197.0,6.8,11.8,58.0
2023-03-19T09:00,24.6,16.8,219.0,7.2,11.5,72.0
2023-03-19T10:00,25.8,17.6,207.0,6.3,10.6,73.0
2023-03-19T11:00,27.2,18.6,181.0,5.0,9.5,68.0
2023-03-19T12:00,41.6,28.3,203.0,2.3,10.8,106.0
2023-03-19T13:00,31.1,20.9,191.0,3.3,10.2,90.0
2023-03-19T14:00,24.3,16.2,174.0,4.8,9.3,68.0
2023-03-19T15:00,17.9,11.9,158.0,6.9,8.4,43.0
2023-03-19T16:00,15.4,10.1,158.0,8.8,8.3,33.0
2023-03-19T17:00,13.5,8.9,164.0,10.8,8.4,28.0
2023-03-19T18:00,12.1,8.0,169.0,12.3,8.4,24.0
2023-03-19T19:00,11.1,7.4,168.0,11.8,8.2,23.0
2023-03-19T20:00,10.1,6.8,164.0,10.3,8.0,23.0
2023-03-19T21:00,9.3,6.3,151.0,8.0,7.4,25.0
2023-03-19T22:00,8.8,5.8,130.0,6.1,6.5,27.0
2023-03-19T23:00,8.7,5.6,103.0,4.1,5.4,30.0
2023-03-20T00:00,8.9,5.6,77.0,1.8,4.0,34.0
2023-03-20T01:00,9.3,5.7,74.0,1.4,3.7,35.0
2023-03-20T02:00,8.9,5.4,69.0,0.9,3.3,36.0
2023-03-20T03:00,9.6,5.6,67.0,0.7,2.9,38.0
2023-03-20T04:00,12.1,7.0,71.0,1.2,2.9,39.0
2023-03-20T05:00,13.9,8.0,77.0,2.1,3.0,40.0
2023-03-20T06:00,17.1,9.8,86.0,3.0,3.2,42.0
2023-03-20T07:00,21.1,12.1,91.0,3.1,3.4,44.0
2023-03-20T08:00,24.7,14.0,96.0,3.1,3.6,46.0
2023-03-20T09:00,29.3,16.6,101.0,2.8,4.0,51.0
2023-03-20T10:00,32.5,18.6,104.0,2.5,4.4,57.0
2023-03-20T11:00,35.9,20.8,107.0,2.1,4.9,64.0
2023-03-20T12:00,41.8,24.3,102.0,1.8,5.1,69.0
2023-03-20T13:00,37.6,21.7,102.0,2.5,5.2,64.0
2023-03-20T14:00,35.2,19.9,103.0,3.5,5.2,57.0
2023-03-20T15:00,32.8,18.3,105.0,4.9,5.3,49.0
2023-03-20T16:00,31.7,17.5,109.0,5.9,5.2,45.0
2023-03-20T17:00,31.0,17.1,115.0,7.0,5.1,43.0
2023-03-20T18:00,29.7,16.4,119.0,7.7,5.0,41.0
2023-03-20T19:00,29.2,16.1,118.0,7.2,5.0,40.0
2023-03-20T20:00,28.3,15.7,114.0,6.2,5.0,41.0
2023-03-20T21:00,27.6,15.3,106.0,4.8,4.9,41.0
2023-03-20T22:00,25.8,14.3,95.0,3.9,4.7,41.0
2023-03-20T23:00,25.2,13.9,81.0,2.9,4.3,41.0
2023-03-21T00:00,24.4,13.5,69.0,2.0,4.3,42.0
2023-03-21T01:00,25.6,14.1,67.0,1.7,4.3,42.0
2023-03-21T02:00,25.6,14.1,65.0,1.2,4.4,42.0
2023-03-21T03:00,27.0,15.1,68.0,1.1,4.8,41.0
2023-03-21T04:00,27.3,15.5,78.0,1.8,5.4,39.0
2023-03-21T05:00,25.7,14.9,93.0,3.0,6.2,37.0
2023-03-21T06:00,26.7,16.1,120.0,4.6,7.4,38.0
2023-03-21T07:00,29.3,18.1,151.0,5.9,8.5,43.0
2023-03-21T08:00,31.2,19.7,189.0,7.3,9.8,51.0
2023-03-21T09:00,40.6,26.2,228.0,8.0,11.2,65.0
2023-03-21T10:00,54.0,35.2,238.0,6.6,11.7,80.0
2023-03-21T11:00,64.5,42.5,237.0,4.3,12.0,97.0
2023-03-21T12:00,75.2,49.1,234.0,2.0,12.7,118.0
2023-03-21T13:00,71.0,46.6,232.0,1.7,12.4,117.0
2023-03-21T14:00,63.3,41.8,229.0,1.4,11.9,114.0
2023-03-21T15:00,55.5,36.9,226.0,2.1,11.6,106.0
2023-03-21T16:00,50.8,34.2,224.0,4.3,11.9,93.0
2023-03-21T17:00,51.9,35.0,223.0,7.4,12.6,76.0
2023-03-21T18:00,50.8,34.1,225.0,10.9,13.3,55.0
2023-03-21T19:00,47.3,31.5,231.0,12.4,13.4,44.0
2023-03-21T20:00,42.5,28.2,239.0,13.4,13.4,36.0
2023-03-21T21:00,38.9,25.9,247.0,14.1,13.7,28.0
2023-03-21T22:00,37.0,24.7,249.0,14.1,14.4,26.0
2023-03-21T23:00,36.1,24.3,248.0,13.6,15.4,27.0
2023-03-22T00:00,24.1,15.9,161.0,7.2,11.5,32.0
2023-03-22T01:00,26.0,17.5,156.0,6.5,11.8,32.0
2023-03-22T02:00,25.7,17.5,149.0,5.5,12.1,33.0
2023-03-22T03:00,26.0,17.9,146.0,4.7,12.6,33.0
2023-03-22T04:00,26.0,17.9,151.0,5.0,12.8,30.0
2023-03-22T05:00,25.1,17.3,161.0,5.7,13.0,27.0
2023-03-22T06:00,27.8,19.3,188.0,7.0,13.4,29.0
2023-03-22T07:00,33.4,23.2,232.0,8.4,14.3,42.0
2023-03-22T08:00,39.2,27.1,289.0,10.0,15.4,61.0
2023-03-22T09:00,47.4,32.6,338.0,10.7,15.1,84.0
2023-03-22T10:00,59.6,41.1,332.0,8.9,11.9,97.0
2023-03-22T11:00,74.5,51.3,303.0,5.8,7.0,108.0
2023-03-22T12:00,85.0,58.3,312.0,4.8,7.1,122.0
2023-03-22T13:00,71.0,48.7,289.0,5.8,7.7,107.0
2023-03-22T14:00,54.5,37.1,256.0,7.3,8.6,85.0
2023-03-22T15:00,39.9,27.0,215.0,8.9,9.2,60.0
2023-03-22T16:00,29.5,19.4,192.0,9.5,8.9,48.0
2023-03-22T17:00,19.7,12.6,173.0,9.8,8.2,40.0
2023-03-22T18:00,11.8,7.7,150.0,9.4,7.2,33.0
2023-03-22T19:00,8.9,6.0,135.0,8.2,6.5,31.0
2023-03-22T20:00,8.0,5.4,122.0,6.4,5.7,32.0
2023-03-22T21:00,8.2,5.6,106.0,4.3,4.9,33.0
2023-03-22T22:00,7.9,5.4,94.0,3.4,4.5,34.0
2023-03-22T23:00,7.0,4.8,83.0,2.7,4.2,34.0
2023-03-23T00:00,7.9,5.4,80.0,2.6,4.6,35.0
2023-03-23T01:00,7.0,4.8,78.0,2.3,4.3,35.0
2023-03-23T02:00,6.7,4.7,74.0,1.8,3.9,35.0
2023-03-23T03:00,6.7,4.6,75.0,1.6,3.6,35.0
2023-03-23T04:00,6.9,4.8,82.0,2.1,3.6,34.0
2023-03-23T05:00,7.3,5.1,93.0,2.9,3.8,32.0
2023-03-23T06:00,9.2,6.3,109.0,3.7,4.2,34.0
2023-03-23T07:00,11.9,8.2,122.0,3.9,4.8,41.0
2023-03-23T08:00,15.9,10.9,135.0,3.8,5.5,50.0
2023-03-23T09:00,20.7,14.1,151.0,3.6,6.5,63.0
2023-03-23T10:00,24.5,16.8,159.0,3.2,7.2,72.0
2023-03-23T11:00,29.0,19.8,164.0,2.7,7.8,82.0
2023-03-23T12:00,24.6,16.9,128.0,2.5,5.3,69.0
2023-03-23T13:00,23.0,15.7,132.0,3.3,5.7,66.0
2023-03-23T14:00,21.9,14.9,138.0,4.5,6.3,62.0
2023-03-23T15:00,20.8,14.1,153.0,7.0,7.0,54.0
2023-03-23T16:00,27.2,18.6,175.0,10.3,7.5,46.0
2023-03-23T17:00,32.1,22.2,203.0,14.4,8.1,37.0
2023-03-23T18:00,21.1,14.6,229.0,17.8,8.4,28.0
2023-03-23T19:00,15.1,10.4,231.0,17.0,8.1,28.0
2023-03-23T20:00,13.7,9.4,223.0,14.5,7.4,30.0
2023-03-23T21:00,12.3,8.4,208.0,11.3,6.9,35.0
2023-03-23T22:00,12.6,8.6,198.0,10.0,7.3,37.0
2023-03-23T23:00,17.3,12.0,186.0,9.0,8.0,40.0
2023-03-24T00:00,6.7,4.5,96.0,3.3,4.7,37.0
2023-03-24T01:00,11.4,7.9,111.0,3.8,5.3,39.0
2023-03-24T02:00,13.1,9.1,133.0,4.4,6.2,41.0
2023-03-24T03:00,14.2,9.7,151.0,5.0,7.0,44.0
2023-03-24T04:00,13.6,9.2,144.0,4.8,6.8,46.0
2023-03-24T05:00,12.1,8.2,126.0,4.3,6.1,47.0
2023-03-24T06:00,11.3,7.9,113.0,3.9,5.7,50.0
2023-03-24T07:00,11.9,8.4,124.0,4.1,6.2,54.0
2023-03-24T08:00,14.6,10.2,144.0,4.5,7.1,58.0
2023-03-24T09:00,20.1,13.8,163.0,4.6,8.1,65.0
2023-03-24T10:00,25.4,17.3,162.0,3.9,8.4,72.0
2023-03-24T11:00,30.2,20.4,155.0,2.9,8.4,79.0
2023-03-24T12:00,35.3,23.5,157.0,2.3,9.0,87.0
2023-03-24T13:00,30.9,20.3,149.0,2.8,8.5,78.0
2023-03-24T14:00,25.5,16.4,139.0,3.7,7.9,66.0
2023-03-24T15:00,20.8,13.1,130.0,5.1,7.2,50.0
2023-03-24T16:00,18.6,11.6,133.0,6.9,7.2,41.0
2023-03-24T17:00,16.9,10.6,141.0,9.0,7.4,34.0
2023-03-24T18:00,15.2,9.6,148.0,10.6,7.5,27.0
2023-03-24T19:00,14.0,8.9,146.0,10.0,7.4,25.0
2023-03-24T20:00,12.6,8.1,141.0,8.5,7.2,26.0
2023-03-24T21:00,11.5,7.5,129.0,6.3,6.7,28.0
2023-03-24T22:00,10.3,6.8,113.0,4.9,6.1,30.0
2023-03-24T23:00,9.1,6.0,93.0,3.5,5.4,32.0
2023-03-25T00:00,8.5,5.7,83.0,2.7,5.6,33.0
2023-03-25T01:00,8.1,5.4,78.0,2.2,5.1,33.0
2023-03-25T02:00,7.5,5.1,71.0,1.4,4.4,34.0
2023-03-25T03:00,7.3,4.9,68.0,0.9,3.8,35.0
2023-03-25T04:00,8.0,5.1,73.0,1.4,3.8,35.0
2023-03-25T05:00,10.1,6.2,83.0,2.3,4.0,34.0
2023-03-25T06:00,13.4,8.2,98.0,3.3,4.4,36.0
2023-03-25T07:00,16.4,10.3,111.0,3.6,4.9,42.0
2023-03-25T08:00,20.4,12.8,126.0,3.7,5.5,50.0
2023-03-25T09:00,25.5,16.1,139.0,3.6,6.1,61.0
2023-03-25T10:00,30.6,19.2,140.0,3.1,6.2,68.0
2023-03-25T11:00,32.8,20.5,135.0,2.4,6.2,75.0
2023-03-25T12:00,33.4,20.4,119.0,2.1,5.7,76.0
2023-03-25T13:00,32.2,19.5,120.0,3.0,5.6,71.0
2023-03-25T14:00,26.9,15.9,122.0,4.4,5.6,63.0
2023-03-25T15:00,27.5,15.9,126.0,6.0,5.7,53.0
2023-03-25T16:00,31.2,18.0,132.0,7.0,6.1,47.0
2023-03-25T17:00,36.7,21.3,140.0,7.8,6.8,43.0
2023-03-25T18:00,40.0,22.9,147.0,8.4,7.5,38.0
2023-03-25T19:00,39.1,22.2,148.0,8.1,7.8,37.0
2023-03-25T20:00,39.2,22.5,147.0,7.3,8.1,37.0
2023-03-25T21:00,41.7,24.4,143.0,6.3,8.5,38.0
2023-03-25T22:00,42.0,24.9,137.0,5.8,9.1,39.0
2023-03-25T23:00,38.8,22.8,128.0,5.3,9.8,40.0
2023-03-26T00:00,39.0,23.3,138.0,6.0,12.1,40.0
2023-03-26T01:00,32.1,19.0,127.0,5.0,11.0,41.0
2023-03-26T02:00,29.7,17.2,112.0,3.7,9.4,43.0
2023-03-26T03:00,28.6,16.4,101.0,2.6,7.7,44.0
2023-03-26T04:00,28.6,16.2,108.0,3.1,7.2,43.0
2023-03-26T05:00,29.1,16.4,123.0,4.3,7.1,40.0
2023-03-26T06:00,31.2,17.8,140.0,5.4,7.1,40.0
2023-03-26T07:00,33.2,19.1,146.0,5.2,7.2,45.0
2023-03-26T08:00,35.5,20.5,150.0,4.5,7.3,53.0
2023-03-26T09:00,38.4,22.4,150.0,3.8,7.3,59.0
2023-03-26T10:00,40.7,24.2,143.0,3.7,7.0,57.0
2023-03-26T11:00,41.1,24.7,131.0,3.8,6.5,52.0
2023-03-26T12:00,39.2,23.8,116.0,2.0,6.1,71.0
2023-03-26T13:00,34.1,20.7,113.0,2.6,5.8,65.0
2023-03-26T14:00,28.5,17.1,108.0,3.5,5.4,57.0
2023-03-26T15:00,23.7,14.1,106.0,4.8,5.0,48.0
2023-03-26T16:00,20.7,12.2,111.0,5.8,4.9,44.0
2023-03-26T17:00,18.5,10.9,120.0,6.9,4.8,41.0
2023-03-26T18:00,16.4,9.8,130.0,7.8,4.9,39.0
2023-03-26T19:00,14.8,9.1,133.0,7.7,5.1,38.0
2023-03-26T20:00,14.3,8.8,134.0,7.1,5.3,39.0
2023-03-26T21:00,14.4,8.9,131.0,6.2,5.6,39.0
2023-03-26T22:00,14.1,8.6,122.0,5.6,5.6,39.0
2023-03-26T23:00,14.5,9.1,109.0,4.9,5.6,39.0
2023-03-27T00:00,15.4,9.8,112.0,5.5,5.8,35.0
2023-03-27T01:00,16.1,10.5,109.0,5.0,5.8,34.0
2023-03-27T02:00,16.5,10.9,105.0,4.3,5.9,33.0
2023-03-27T03:00,16.2,10.9,114.0,4.2,6.4,32.0
2023-03-27T04:00,16.6,11.3,134.0,5.2,7.0,28.0
2023-03-27T05:00,19.9,13.7,164.0,6.9,7.8,24.0
2023-03-27T06:00,26.8,18.6,223.0,9.0,10.1,31.0
2023-03-27T07:00,38.5,26.8,296.0,10.6,14.0,55.0
2023-03-27T08:00,44.1,30.5,386.0,12.3,19.0,90.0
2023-03-27T09:00,57.2,39.6,481.0,12.6,23.6,133.0
2023-03-27T10:00,100.4,69.6,512.0,9.8,23.5,158.0
2023-03-27T11:00,148.5,103.4,523.0,5.4,21.6,181.0
2023-03-27T12:00,163.9,114.3,466.0,1.4,19.2,187.0
2023-03-27T13:00,183.5,127.6,443.0,1.2,17.9,174.0
2023-03-27T14:00,166.2,115.7,409.0,1.0,16.0,154.0
2023-03-27T15:00,124.8,86.8,368.0,2.6,14.0,126.0
2023-03-27T16:00,89.6,62.2,345.0,6.6,13.5,104.0
2023-03-27T17:00,66.6,46.2,326.0,12.2,13.4,80.0
2023-03-27T18:00,54.4,37.6,310.0,18.2,13.1,54.0
2023-03-27T19:00,45.3,31.4,311.0,20.3,12.4,40.0
2023-03-27T20:00,39.1,27.2,320.0,21.3,11.6,31.0
2023-03-27T21:00,35.3,24.6,322.0,21.3,10.6,22.0
2023-03-27T22:00,31.9,22.3,309.0,20.4,10.1,20.0
2023-03-27T23:00,29.5,20.5,288.0,18.6,9.7,21.0
2023-03-28T00:00,27.1,18.8,251.0,15.8,9.4,23.0
2023-03-28T01:00,24.7,17.2,217.0,13.1,8.9,25.0
2023-03-28T02:00,23.0,16.0,169.0,9.2,8.3,28.0
2023-03-28T03:00,21.2,14.8,121.0,5.2,7.7,31.0
2023-03-28T04:00,19.2,13.3,113.0,4.5,7.8,32.0
2023-03-28T05:00,17.6,12.3,120.0,4.9,8.1,33.0
2023-03-28T06:00,17.9,12.3,134.0,5.5,8.6,37.0
2023-03-28T07:00,20.4,13.5,147.0,5.6,8.8,45.0
2023-03-28T08:00,27.1,17.2,164.0,5.7,9.0,55.0
2023-03-28T09:00,34.1,21.7,179.0,5.4,9.2,68.0
2023-03-28T10:00,42.4,27.4,179.0,4.5,9.2,77.0
2023-03-28T11:00,48.5,31.4,173.0,3.3,9.1,86.0
2023-03-28T12:00,46.0,29.8,163.0,2.4,9.2,93.0
2023-03-28T13:00,48.8,31.8,164.0,2.8,9.2,91.0
2023-03-28T14:00,47.1,30.3,166.0,3.4,9.3,87.0
2023-03-28T15:00,45.1,28.0,166.0,4.5,9.1,78.0
2023-03-28T16:00,44.6,26.5,163.0,6.1,8.5,65.0
2023-03-28T17:00,42.5,24.2,158.0,8.0,7.8,48.0
2023-03-28T18:00,37.8,21.0,147.0,9.3,6.7,33.0
2023-03-28T19:00,33.8,18.6,134.0,8.3,6.0,33.0
2023-03-28T20:00,31.2,17.1,118.0,6.2,5.4,38.0
2023-03-28T21:00,28.5,15.4,98.0,3.6,4.5,45.0
2023-03-28T22:00,25.1,13.4,84.0,2.4,3.8,47.0
2023-03-28T23:00,22.2,11.8,70.0,1.5,3.0,48.0
2023-03-29T00:00,22.5,11.9,55.0,0.6,2.1,49.0
2023-03-29T01:00,24.2,12.8,55.0,0.5,2.2,48.0
2023-03-29T02:00,26.3,14.0,54.0,0.4,2.2,47.0
2023-03-29T03:00,28.8,15.5,58.0,0.5,2.5,45.0
2023-03-29T04:00,31.0,16.8,66.0,1.1,2.8,43.0
2023-03-29T05:00,34.0,18.6,77.0,1.9,3.3,41.0
2023-03-29T06:00,36.1,20.0,91.0,2.8,3.9,41.0
2023-03-29T07:00,37.6,21.1,100.0,2.9,4.3,43.0
2023-03-29T08:00,39.0,22.4,108.0,2.9,4.8,47.0
2023-03-29T09:00,41.8,24.4,115.0,2.6,5.2,53.0
2023-03-29T10:00,46.3,27.6,116.0,2.3,5.4,58.0
2023-03-29T11:00,49.9,30.2,113.0,1.9,5.5,63.0
2023-03-29T12:00,45.1,27.7,101.0,1.5,5.0,65.0
2023-03-29T13:00,39.6,23.9,98.0,2.0,4.7,59.0
2023-03-29T14:00,34.6,20.4,93.0,2.7,4.3,52.0
2023-03-29T15:00,31.7,18.2,90.0,3.7,4.0,43.0
2023-03-29T16:00,29.6,16.8,94.0,4.4,4.0,40.0
2023-03-29T17:00,27.5,15.5,101.0,5.2,4.2,39.0
2023-03-29T18:00,26.1,14.7,109.0,5.8,4.5,38.0
2023-03-29T19:00,25.1,14.2,111.0,5.6,4.7,38.0
2023-03-29T20:00,24.9,14.1,112.0,5.0,4.9,39.0
2023-03-29T21:00,24.3,13.8,115.0,4.6,5.7,39.0
2023-03-29T22:00,25.2,14.8,123.0,5.1,7.2,38.0
2023-03-29T23:00,26.6,16.1,133.0,6.0,9.1,36.0
2023-03-30T00:00,24.8,14.1,89.0,2.8,6.5,40.0
2023-03-30T01:00,25.3,14.2,81.0,2.1,5.8,41.0
2023-03-30T02:00,27.0,15.1,70.0,1.1,4.8,42.0
2023-03-30T03:00,28.3,15.9,68.0,0.8,4.2,42.0
2023-03-30T04:00,28.5,16.0,84.0,2.0,4.8,40.0
2023-03-30T05:00,29.8,17.3,110.0,4.0,6.1,38.0
2023-03-30T06:00,36.4,22.1,147.0,6.6,8.0,36.0
2023-03-30T07:00,35.0,20.8,177.0,8.2,9.8,37.0
2023-03-30T08:00,43.5,26.8,209.0,9.8,11.7,40.0
2023-03-30T09:00,56.5,35.9,239.0,10.8,13.6,44.0
2023-03-30T10:00,71.0,45.9,244.0,10.0,13.9,47.0
2023-03-30T11:00,79.2,51.6,240.0,8.3,13.5,51.0
2023-03-30T12:00,73.8,48.2,220.0,2.6,12.4,104.0
2023-03-30T13:00,65.9,42.8,210.0,3.8,11.8,91.0
2023-03-30T14:00,54.2,35.0,197.0,5.6,11.0,73.0
2023-03-30T15:00,41.4,26.4,181.0,7.7,9.9,51.0
2023-03-30T16:00,33.5,21.2,175.0,9.0,9.1,41.0
2023-03-30T17:00,27.5,17.2,172.0,10.3,8.2,35.0
2023-03-30T18:00,23.6,14.6,167.0,10.9,7.4,29.0
2023-03-30T19:00,21.5,13.2,163.0,10.1,7.2,28.0
2023-03-30T20:00,20.3,12.3,158.0,8.6,7.1,30.0
2023-03-30T21:00,19.4,11.7,147.0,6.5,7.0,32.0
2023-03-30T22:00,18.1,10.9,131.0,5.2,6.6,33.0
2023-03-30T23:00,16.7,10.0,111.0,4.0,6.2,35.0
2023-03-31T00:00,14.4,8.7,87.0,2.4,4.8,35.0
2023-03-31T01:00,13.0,8.1,86.0,2.2,5.1,35.0
2023-03-31T02:00,11.8,7.7,84.0,1.9,5.4,34.0
2023-03-31T03:00,11.8,7.9,92.0,2.2,6.1,33.0
2023-03-31T04:00,12.5,8.5,112.0,3.3,6.8,32.0
2023-03-31T05:00,13.9,9.5,139.0,4.9,7.7,31.0
2023-03-31T06:00,16.1,10.9,172.0,6.9,8.7,31.0
2023-03-31T07:00,18.8,12.8,191.0,8.2,9.2,33.0
2023-03-31T08:00,22.5,15.4,207.0,9.3,9.6,37.0
2023-03-31T09:00,28.5,19.4,216.0,9.9,9.8,41.0
2023-03-31T10:00,35.9,24.4,206.0,9.0,9.5,42.0
2023-03-31T11:00,40.5,27.5,186.0,7.3,9.0,43.0
2023-03-31T12:00,44.7,30.4,180.0,2.5,8.9,90.0
2023-03-31T13:00,35.5,23.7,167.0,3.3,8.3,79.0
2023-03-31T14:00,27.1,17.8,150.0,4.4,7.4,62.0
2023-03-31T15:00,21.2,13.6,133.0,6.0,6.4,44.0
2023-03-31T16:00,17.4,11.1,134.0,7.2,6.1,37.0
2023-03-31T17:00,15.0,9.5,140.0,8.4,5.9,34.0
2023-03-31T18:00,14.1,8.9,148.0,9.3,5.8,31.0
2023-03-31T19:00,13.2,8.4,149.0,9.0,5.9,30.0
2023-03-31T20:00,12.1,7.9,148.0,8.1,6.0,30.0
2023-03-31T21:00,11.2,7.4,143.0,6.9,6.1,31.0
2023-03-31T22:00,10.3,6.8,133.0,6.2,6.0,31.0
2023-03-31T23:00,9.6,6.4,119.0,5.5,5.7,32.0
2023-04-01T00:00,9.6,6.3,98.0,4.1,5.1,32.0
2023-04-01T01:00,9.8,6.4,92.0,3.4,4.9,33.0
2023-04-01T02:00,9.3,6.1,84.0,2.5,4.7,34.0
2023-04-01T03:00,8.5,5.6,85.0,2.2,4.6,34.0
2023-04-01T04:00,8.2,5.5,103.0,3.5,5.0,32.0
2023-04-01T05:00,9.4,6.3,130.0,5.5,5.6,30.0
2023-04-01T06:00,12.1,8.2,165.0,8.0,6.5,29.0
2023-04-01T07:00,16.0,10.9,189.0,9.3,7.2,32.0
2023-04-01T08:00,20.1,13.7,213.0,10.4,8.0,37.0
2023-04-01T09:00,27.3,18.7,229.0,10.8,8.7,43.0
2023-04-01T10:00,35.4,24.3,220.0,9.6,8.7,46.0
2023-04-01T11:00,40.3,27.7,200.0,7.5,8.5,49.0
2023-04-01T12:00,50.8,34.8,205.0,2.2,9.1,103.0
2023-04-01T13:00,38.9,26.3,191.0,3.1,8.4,90.0
2023-04-01T14:00,27.6,18.2,171.0,4.3,7.4,72.0
2023-04-01T15:00,19.7,12.8,153.0,6.2,6.3,51.0
2023-04-01T16:00,16.1,10.3,153.0,7.8,5.8,42.0
2023-04-01T17:00,13.9,8.9,160.0,9.6,5.5,36.0
2023-04-01T18:00,12.2,7.9,171.0,11.3,5.4,30.0
2023-04-01T19:00,11.3,7.5,180.0,11.7,5.6,27.0
2023-04-01T20:00,11.3,7.6,191.0,11.6,5.9,26.0
2023-04-01T21:00,11.3,7.7,196.0,11.0,6.2,25.0
2023-04-01T22:00,11.1,7.6,186.0,10.2,6.2,25.0
2023-04-01T23:00,10.9,7.4,168.0,9.0,6.0,25.0
2023-04-02T00:00,11.5,7.8,151.0,7.7,6.0,27.0
2023-04-02T01:00,12.3,8.2,140.0,6.5,5.7,28.0
2023-04-02T02:00,12.4,8.3,124.0,4.8,5.4,29.0
2023-04-02T03:00,12.5,8.3,121.0,3.9,5.3,30.0
2023-04-02T04:00,12.7,8.5,142.0,5.5,5.8,26.0
2023-04-02T05:00,14.6,9.7,176.0,8.2,6.5,20.0
2023-04-02T06:00,21.0,14.3,230.0,10.7,7.8,24.0
2023-04-02T07:00,33.3,22.8,283.0,10.4,9.0,47.0
2023-04-02T08:00,47.6,32.7,344.0,9.1,10.3,80.0
2023-04-02T09:00,64.3,44.5,394.0,7.4,11.7,112.0
2023-04-02T10:00,78.7,54.5,387.0,6.5,12.5,112.0
2023-04-02T11:00,79.9,55.2,356.0,5.7,13.0,101.0
2023-04-02T12:00,48.5,32.9,249.0,2.3,11.3,106.0
2023-04-02T13:00,43.3,29.2,228.0,2.6,10.5,98.0
2023-04-02T14:00,34.5,23.1,198.0,3.0,9.4,87.0
2023-04-02T15:00,27.4,17.9,168.0,4.3,8.2,71.0
2023-04-02T16:00,23.6,15.2,164.0,6.4,7.8,57.0
2023-04-02T17:00,22.8,14.4,170.0,9.1,7.7,42.0
2023-04-02T18:00,23.2,14.5,176.0,11.5,7.7,28.0
2023-04-02T19:00,24.0,14.8,176.0,11.3,7.8,25.0
2023-04-02T20:00,24.7,15.1,175.0,10.2,8.1,26.0
2023-04-02T21:00,26.1,16.2,169.0,8.5,8.4,29.0
2023-04-02T22:00,27.8,17.5,160.0,7.6,8.4,29.0
2023-04-02T23:00,30.0,19.1,147.0,6.8,8.3,30.0
2023-04-03T00:00,24.3,15.5,108.0,4.2,7.4,32.0
2023-04-03T01:00,23.1,14.6,101.0,3.6,7.4,32.0
2023-04-03T02:00,25.4,16.1,91.0,2.7,7.5,32.0
2023-04-03T03:00,28.5,18.1,84.0,2.0,7.9,33.0
2023-04-03T04:00,31.8,20.2,84.0,2.1,8.6,33.0
2023-04-03T05:00,35.5,22.5,89.0,2.4,9.5,34.0
2023-04-03T06:00,40.2,25.4,107.0,3.4,10.9,35.0
2023-04-03T07:00,46.1,29.3,135.0,4.9,12.1,36.0
2023-04-03T08:00,60.5,39.3,173.0,6.8,13.4,38.0
2023-04-03T09:00,83.4,55.6,224.0,8.0,15.0,46.0
2023-04-03T10:00,115.7,78.2,260.0,6.8,16.0,62.0
2023-04-03T11:00,140.6,95.7,296.0,4.4,16.8,83.0
2023-04-03T12:00,111.3,73.8,276.0,2.2,16.3,110.0
2023-04-03T13:00,106.4,70.8,269.0,1.8,15.4,109.0
2023-04-03T14:00,98.0,65.2,260.0,1.2,14.1,107.0
2023-04-03T15:00,85.4,56.7,253.0,2.2,13.4,99.0
2023-04-03T16:00,74.7,49.4,252.0,5.1,14.4,85.0
2023-04-03T17:00,71.0,46.7,254.0,9.3,16.3,67.0
2023-04-03T18:00,70.3,46.4,279.0,15.7,19.3,45.0
2023-04-03T19:00,74.3,49.2,328.0,21.1,21.9,34.0
2023-04-03T20:00,77.3,51.5,396.0,27.0,24.9,26.0
2023-04-03T21:00,80.8,53.8,482.0,33.7,28.5,17.0
2023-04-03T22:00,82.0,54.5,538.0,37.5,30.7,12.0
2023-04-03T23:00,79.9,53.3,591.0,40.5,32.5,9.0
2023-04-04T00:00,68.9,46.3,507.0,33.8,25.1,14.0
2023-04-04T01:00,65.7,44.1,481.0,30.9,23.6,15.0
2023-04-04T02:00,63.1,42.5,444.0,26.8,21.5,17.0
2023-04-04T03:00,57.4,38.8,397.0,21.7,18.8,19.0
2023-04-04T04:00,49.6,33.4,365.0,19.3,17.0,18.0
2023-04-04T05:00,45.4,30.7,334.0,17.4,15.3,17.0
2023-04-04T06:00,46.9,32.0,313.0,14.4,13.7,27.0
2023-04-04T07:00,56.8,39.1,326.0,10.8,13.3,52.0
2023-04-04T08:00,77.8,53.8,355.0,6.6,13.3,85.0
2023-04-04T09:00,113.6,78.9,384.0,2.4,13.7,121.0
2023-04-04T10:00,150.9,104.8,388.0,1.3,14.2,132.0
2023-04-04T11:00,157.9,109.7,384.0,1.2,15.0,134.0
2023-04-04T12:00,129.5,89.9,387.0,2.0,16.4,139.0
2023-04-04T13:00,99.2,68.7,348.0,3.5,15.3,119.0
2023-04-04T14:00,66.8,46.0,292.0,5.7,13.8,91.0
2023-04-04T15:00,44.4,30.3,230.0,8.6,11.8,59.0
2023-04-04T16:00,31.2,21.1,209.0,10.5,10.5,45.0
2023-04-04T17:00,22.6,15.1,199.0,12.4,9.3,36.0
2023-04-04T18:00,18.1,11.9,190.0,13.8,8.1,28.0
2023-04-04T19:00,15.7,10.3,184.0,13.3,7.6,26.0
2023-04-04T20:00,14.3,9.4,181.0,11.9,7.5,27.0
2023-04-04T21:00,13.4,9.0,176.0,10.2,7.3,29.0
2023-04-04T22:00,12.9,8.6,168.0,9.6,7.1,29.0
2023-04-04T23:00,12.8,8.6,158.0,9.1,6.9,29.0
2023-04-05T00:00,11.7,7.9,133.0,7.0,6.1,31.0
2023-04-05T01:00,13.2,9.0,131.0,6.6,6.1,30.0
2023-04-05T02:00,14.6,10.0,130.0,6.0,6.1,28.0
2023-04-05T03:00,15.9,10.9,139.0,5.8,6.2,27.0
2023-04-05T04:00,17.8,12.3,159.0,6.9,6.4,23.0
2023-04-05T05:00,22.2,15.4,187.0,8.7,6.7,19.0
2023-04-05T06:00,29.6,20.6,237.0,9.9,7.3,28.0
2023-04-05T07:00,43.5,30.4,294.0,8.8,8.2,60.0
2023-04-05T08:00,67.5,47.1,362.0,6.8,9.2,105.0
2023-04-05T09:00,97.3,68.0,426.0,4.2,10.1,151.0
2023-04-05T10:00,137.8,96.2,433.0,2.9,9.6,158.0
2023-04-05T11:00,183.0,127.6,417.0,1.8,8.7,151.0
2023-04-05T12:00,158.3,110.1,354.0,1.7,11.0,147.0
2023-04-05T13:00,137.4,95.7,349.0,2.3,12.4,141.0
2023-04-05T14:00,106.9,74.3,342.0,3.3,14.3,133.0
2023-04-05T15:00,84.5,58.7,341.0,6.3,16.0,117.0
2023-04-05T16:00,66.1,45.6,351.0,11.1,15.9,98.0
2023-04-05T17:00,54.8,37.8,367.0,17.4,15.1,74.0
2023-04-05T18:00,48.0,33.1,389.0,24.2,13.7,47.0
2023-04-05T19:00,43.1,29.8,407.0,26.8,12.5,35.0
2023-04-05T20:00,42.3,29.3,426.0,28.2,11.0,28.0
2023-04-05T21:00,44.9,31.2,442.0,28.9,9.2,21.0
2023-04-05T22:00,49.2,34.2,449.0,29.0,8.0,17.0
2023-04-05T23:00,53.9,37.5,451.0,28.5,6.9,14.0
2023-04-06T00:00,41.3,28.5,322.0,19.9,5.8,22.0
2023-04-06T01:00,36.1,24.9,272.0,16.2,5.5,25.0
2023-04-06T02:00,32.5,22.3,203.0,11.1,5.0,28.0
2023-04-06T03:00,30.2,20.6,157.0,6.8,5.0,32.0
2023-04-06T04:00,29.9,20.6,206.0,8.7,5.9,31.0
2023-04-06T05:00,34.8,24.2,296.0,12.9,7.3,28.0
2023-04-06T06:00,50.5,35.2,384.0,15.9,8.5,33.0
2023-04-06T07:00,75.9,53.0,384.0,12.8,8.4,50.0
2023-04-06T08:00,99.9,69.6,354.0,7.1,7.8,74.0
2023-04-06T09:00,126.2,88.0,316.0,1.1,6.4,97.0
2023-04-06T10:00,163.0,113.9,310.0,0.0,4.7,98.0
2023-04-06T11:00,205.4,143.4,309.0,0.0,2.6,91.0
2023-04-06T12:00,83.6,57.7,215.0,2.2,1.2,93.0
2023-04-06T13:00,72.2,49.8,207.0,3.3,1.5,83.0
2023-04-06T14:00,63.6,43.8,196.0,4.8,2.0,69.0
2023-04-06T15:00,52.3,35.3,190.0,7.4,3.2,51.0
2023-04-06T16:00,34.8,22.8,199.0,9.9,4.8,42.0
2023-04-06T17:00,28.2,18.4,216.0,12.7,6.9,34.0
2023-04-06T18:00,30.0,19.9,240.0,15.8,9.2,27.0
2023-04-06T19:00,36.3,24.3,264.0,17.4,10.2,24.0
2023-04-06T20:00,39.0,25.8,292.0,18.4,10.9,22.0
2023-04-06T21:00,38.6,26.0,298.0,17.9,11.4,22.0
2023-04-06T22:00,41.0,27.8,256.0,14.9,11.2,25.0
2023-04-06T23:00,33.1,22.2,188.0,10.4,10.6,30.0
2023-04-07T00:00,38.0,24.2,94.0,3.8,9.7,36.0
2023-04-07T01:00,35.7,22.4,85.0,3.0,10.2,37.0
2023-04-07T02:00,34.8,21.7,73.0,1.9,10.9,39.0
2023-04-07T03:00,34.5,21.4,70.0,1.3,11.6,40.0
2023-04-07T04:00,34.1,21.2,86.0,2.3,11.8,40.0
2023-04-07T05:00,32.2,20.3,113.0,4.1,11.8,39.0
2023-04-07T06:00,30.5,19.2,147.0,6.4,11.6,39.0
2023-04-07T07:00,31.4,20.0,169.0,7.9,11.2,40.0
2023-04-07T08:00,35.5,22.6,191.0,9.4,10.6,41.0
2023-04-07T09:00,47.4,30.0,208.0,10.3,10.0,44.0
2023-04-07T10:00,64.0,40.2,207.0,9.4,10.1,48.0
2023-04-07T11:00,78.7,49.2,197.0,7.7,10.5,53.0
2023-04-07T12:00,59.8,39.3,190.0,6.2,11.1,65.0
2023-04-07T13:00,88.5,58.6,207.0,5.2,12.0,74.0
2023-04-07T14:00,97.8,64.3,231.0,3.9,13.2,86.0
2023-04-07T15:00,88.5,57.3,253.0,3.8,14.2,93.0
2023-04-07T16:00,67.3,42.4,255.0,6.8,13.9,81.0
2023-04-07T17:00,48.1,29.3,249.0,11.4,13.0,60.0
2023-04-07T18:00,37.1,21.9,230.0,15.1,11.4,38.0
2023-04-07T19:00,31.3,17.9,204.0,13.6,9.8,34.0
2023-04-07T20:00,28.8,16.1,170.0,10.1,7.9,36.0
2023-04-07T21:00,27.4,15.2,129.0,5.7,5.9,40.0
2023-04-07T22:00,26.1,14.4,107.0,4.0,5.2,41.0
2023-04-07T23:00,25.0,13.7,90.0,2.9,4.8,43.0
2023-04-08T00:00,22.7,12.2,63.0,1.0,3.0,46.0
2023-04-08T01:00,22.7,12.2,61.0,0.8,2.9,46.0
2023-04-08T02:00,22.5,12.1,59.0,0.6,2.9,46.0
2023-04-08T03:00,21.8,11.8,61.0,0.6,2.9,46.0
2023-04-08T04:00,21.1,11.4,69.0,1.3,3.1,45.0
2023-04-08T05:00,21.0,11.5,80.0,2.3,3.5,44.0
2023-04-08T06:00,21.5,11.9,94.0,3.2,4.0,44.0
2023-04-08T07:00,22.4,12.6,101.0,3.2,4.4,47.0
2023-04-08T08:00,24.1,13.8,107.0,3.0,4.7,52.0
2023-04-08T09:00,26.9,15.8,110.0,2.5,5.0,58.0
2023-04-08T10:00,29.0,17.3,107.0,2.1,4.9,61.0
2023-04-08T11:00,29.7,17.8,101.0,1.7,4.7,63.0
2023-04-08T12:00,25.4,15.4,83.0,1.3,3.8,63.0
2023-04-08T13:00,24.6,15.0,90.0,2.2,4.4,60.0
2023-04-08T14:00,22.2,13.4,100.0,3.4,5.1,56.0
2023-04-08T15:00,20.8,12.5,115.0,5.3,6.1,51.0
2023-04-08T16:00,19.9,12.0,129.0,7.0,6.6,47.0
2023-04-08T17:00,19.4,11.6,144.0,8.9,7.0,43.0
2023-04-08T18:00,19.3,11.6,159.0,10.5,7.4,39.0
2023-04-08T19:00,19.6,11.8,164.0,10.3,7.6,39.0
2023-04-08T20:00,20.0,12.0,165.0,9.3,7.7,40.0
2023-04-08T21:00,20.7,12.5,162.0,7.9,7.8,41.0
2023-04-08T22:00,20.9,12.7,155.0,7.2,8.0,42.0
2023-04-08T23:00,20.5,12.5,144.0,6.5,8.2,42.0
2023-04-09T00:00,19.0,11.4,119.0,5.1,8.0,43.0
2023-04-09T01:00,19.6,11.8,114.0,4.4,7.8,44.0
2023-04-09T02:00,20.4,12.3,106.0,3.5,7.6,44.0
2023-04-09T03:00,21.9,13.4,106.0,2.9,7.7,45.0
2023-04-09T04:00,23.8,14.8,117.0,3.6,8.3,43.0
2023-04-09T05:00,28.2,17.9,134.0,4.9,9.1,40.0
2023-04-09T06:00,36.1,23.5,168.0,6.1,10.7,45.0
2023-04-09T07:00,48.2,31.8,209.0,5.8,12.5,62.0
2023-04-09T08:00,70.3,47.1,258.0,5.0,14.6,85.0
2023-04-09T09:00,92.2,62.2,312.0,3.9,17.1,112.0
2023-04-09T10:00,113.4,76.8,335.0,3.2,18.4,125.0
2023-04-09T11:00,121.5,82.2,349.0,2.6,19.5,135.0
2023-04-09T12:00,91.7,61.5,349.0,2.5,19.5,139.0
2023-04-09T13:00,82.7,55.2,325.0,3.4,18.3,123.0
2023-04-09T14:00,69.8,46.2,291.0,4.8,16.7,101.0
2023-04-09T15:00,58.6,38.1,255.0,7.1,15.0,74.0
2023-04-09T16:00,54.2,34.8,248.0,9.7,14.8,62.0
2023-04-09T17:00,50.4,31.9,251.0,12.8,15.1,53.0
2023-04-09T18:00,46.0,28.6,243.0,14.8,14.7,45.0
2023-04-09T19:00,41.2,25.1,216.0,13.2,13.1,43.0
2023-04-09T20:00,35.5,21.0,179.0,9.8,10.9,44.0
2023-04-09T21:00,34.2,19.6,134.0,5.7,8.3,47.0
2023-04-09T22:00,32.8,18.2,110.0,3.9,7.2,48.0
2023-04-09T23:00,29.3,16.0,91.0,2.6,6.4,50.0
2023-04-10T00:00,34.7,18.7,73.0,1.3,4.9,52.0
2023-04-10T01:00,36.7,19.7,71.0,1.0,4.6,52.0
2023-04-10T02:00,40.2,21.4,69.0,0.7,4.2,53.0
2023-04-10T03:00,44.0,23.5,70.0,0.6,3.8,53.0
2023-04-10T04:00,45.1,24.1,76.0,1.2,3.7,52.0
2023-04-10T05:00,43.8,23.6,85.0,2.2,3.6,51.0
2023-04-10T06:00,42.5,23.2,98.0,3.4,3.9,50.0
2023-04-10T07:00,44.6,24.6,110.0,4.2,4.6,50.0
2023-04-10T08:00,45.9,25.6,123.0,5.1,5.5,50.0
2023-04-10T09:00,46.4,26.3,134.0,5.4,6.4,52.0
2023-04-10T10:00,44.8,25.3,131.0,4.5,6.4,58.0
2023-04-10T11:00,47.6,27.6,122.0,2.9,6.0,67.0
2023-04-10T12:00,63.3,38.8,174.0,2.3,10.2,94.0
2023-04-10T13:00,63.1,38.9,170.0,3.2,9.9,85.0
2023-04-10T14:00,56.5,34.3,164.0,4.4,9.6,73.0
2023-04-10T15:00,51.1,30.7,163.0,6.6,9.5,58.0
2023-04-10T16:00,48.5,29.0,174.0,8.9,10.1,51.0
2023-04-10T17:00,48.9,29.3,190.0,11.6,11.1,45.0
2023-04-10T18:00,52.4,31.9,209.0,14.2,12.4,40.0
2023-04-10T19:00,54.5,33.5,217.0,14.6,13.4,38.0
2023-04-10T20:00,55.1,33.9,222.0,14.2,14.4,38.0
2023-04-10T21:00,51.6,31.8,220.0,13.0,15.3,38.0
2023-04-10T22:00,48.0,29.5,207.0,11.7,15.5,39.0
2023-04-10T23:00,45.1,27.6,187.0,9.9,15.4,41.0
2023-04-11T00:00,43.9,26.6,153.0,6.9,14.4,44.0
2023-04-11T01:00,39.9,24.1,141.0,5.8,13.9,45.0
2023-04-11T02:00,37.6,22.6,123.0,4.3,13.2,47.0
2023-04-11T03:00,36.1,21.7,116.0,3.4,12.5,48.0
2023-04-11T04:00,35.6,21.4,133.0,4.5,12.4,46.0
2023-04-11T05:00,37.0,22.5,161.0,6.5,12.6,43.0
2023-04-11T06:00,42.1,26.1,206.0,8.6,13.3,46.0
2023-04-11T07:00,48.8,30.7,248.0,9.1,14.5,59.0
2023-04-11T08:00,61.2,39.3,295.0,9.1,16.1,77.0
2023-04-11T09:00,74.7,48.8,333.0,8.3,17.2,98.0
2023-04-11T10:00,84.5,55.5,325.0,6.7,16.6,107.0
2023-04-11T11:00,85.0,56.0,296.0,4.6,15.3,113.0
2023-04-11T12:00,51.8,33.2,163.0,2.0,8.4,92.0
2023-04-11T13:00,51.0,32.7,162.0,3.2,8.5,83.0
2023-04-11T14:00,42.6,27.0,160.0,4.9,8.6,71.0
2023-04-11T15:00,34.0,21.1,160.0,7.3,8.6,57.0
2023-04-11T16:00,28.5,17.3,165.0,9.2,8.3,50.0
2023-04-11T17:00,25.7,15.5,172.0,11.1,7.7,45.0
2023-04-11T18:00,23.7,14.3,178.0,12.5,7.1,41.0
2023-04-11T19:00,22.1,13.4,177.0,11.9,6.8,40.0
2023-04-11T20:00,20.6,12.5,172.0,10.3,6.5,41.0
2023-04-11T21:00,19.7,12.0,166.0,8.5,6.3,42.0
2023-04-11T22:00,19.2,11.8,162.0,8.2,6.3,41.0
2023-04-11T23:00,19.1,11.9,157.0,8.2,6.5,39.0
2023-04-12T00:00,21.5,13.7,174.0,9.3,7.1,36.0
2023-04-12T01:00,23.5,15.3,181.0,9.3,7.2,34.0
2023-04-12T02:00,26.1,17.4,191.0,9.4,7.3,31.0
2023-04-12T03:00,29.0,19.7,204.0,9.5,7.5,29.0
2023-04-12T04:00,31.2,21.2,210.0,9.6,7.7,28.0
2023-04-12T05:00,33.5,23.0,215.0,9.8,7.9,27.0
2023-04-12T06:00,40.3,27.6,234.0,10.2,8.8,32.0
2023-04-12T07:00,47.1,32.4,270.0,11.0,10.3,43.0
2023-04-12T08:00,58.0,39.8,317.0,12.0,12.2,59.0
2023-04-12T09:00,77.8,53.4,359.0,11.9,14.3,77.0
2023-04-12T10:00,98.5,67.5,360.0,9.5,15.0,87.0
2023-04-12T11:00,117.8,81.0,344.0,5.9,15.2,96.0
2023-04-12T12:00,121.1,83.6,444.0,2.9,19.6,147.0
2023-04-12T13:00,90.1,61.9,406.0,3.1,18.8,137.0
2023-04-12T14:00,75.2,51.5,353.0,3.5,17.7,122.0
2023-04-12T15:00,59.4,40.3,289.0,4.8,16.3,101.0
2023-04-12T16:00,46.0,30.6,253.0,6.7,15.3,84.0
2023-04-12T17:00,40.3,26.3,221.0,9.1,14.4,65.0
2023-04-12T18:00,43.2,28.1,210.0,12.9,14.7,45.0
2023-04-12T19:00,51.0,33.3,238.0,16.1,17.2,37.0
2023-04-12T20:00,58.6,38.5,288.0,19.5,21.1,32.0
2023-04-12T21:00,66.1,43.9,360.0,24.1,25.2,27.0
2023-04-12T22:00,71.0,47.3,418.0,28.1,26.6,22.0
2023-04-12T23:00,72.4,48.4,480.0,32.2,27.2,18.0
2023-04-13T00:00,69.8,46.7,547.0,34.1,24.5,15.0
2023-04-13T01:00,61.0,40.6,489.0,29.7,23.1,18.0
2023-04-13T02:00,53.0,35.2,406.0,23.4,21.0,23.0
2023-04-13T03:00,47.5,31.2,308.0,16.2,18.4,28.0
2023-04-13T04:00,43.0,27.7,259.0,13.2,16.6,29.0
2023-04-13T05:00,43.4,27.7,220.0,11.3,14.9,28.0
2023-04-13T06:00,46.0,29.7,192.0,9.1,13.5,35.0
2023-04-13T07:00,58.6,37.8,199.0,7.1,13.7,52.0
2023-04-13T08:00,74.3,48.2,223.0,5.2,14.5,75.0
2023-04-13T09:00,90.8,59.4,251.0,3.3,15.4,100.0
2023-04-13T10:00,101.5,67.1,257.0,2.5,15.4,107.0
2023-04-13T11:00,105.9,70.1,257.0,2.0,15.2,108.0
2023-04-13T12:00,172.3,116.4,397.0,3.3,13.1,122.0
2023-04-13T13:00,125.7,84.1,367.0,4.5,13.6,107.0
2023-04-13T14:00,93.8,62.2,325.0,6.2,14.4,87.0
2023-04-13T15:00,67.8,44.0,272.0,8.4,14.8,62.0
2023-04-13T16:00,52.5,33.4,244.0,10.0,14.2,50.0
2023-04-13T17:00,42.6,26.3,221.0,11.6,13.2,40.0
2023-04-13T18:00,39.9,24.2,191.0,12.3,11.6,33.0
2023-04-13T19:00,37.7,22.4,167.0,10.7,10.4,33.0
2023-04-13T20:00,34.7,20.0,142.0,7.9,9.0,36.0
2023-04-13T21:00,32.7,18.5,115.0,4.6,7.5,41.0
2023-04-13T22:00,31.5,17.5,100.0,3.3,6.8,44.0
2023-04-13T23:00,31.3,17.2,89.0,2.5,6.3,46.0
2023-04-14T00:00,32.6,17.6,76.0,1.6,5.3,50.0
2023-04-14T01:00,30.6,16.6,75.0,1.3,5.1,50.0
2023-04-14T02:00,29.9,16.2,73.0,0.9,4.9,51.0
2023-04-14T03:00,28.2,15.4,77.0,1.0,4.8,51.0
2023-04-14T04:00,26.9,14.8,92.0,2.1,5.0,49.0
2023-04-14T05:00,27.2,15.2,112.0,3.8,5.4,46.0
2023-04-14T06:00,28.6,16.3,131.0,5.2,5.7,45.0
2023-04-14T07:00,29.5,16.9,130.0,4.8,5.4,48.0
2023-04-14T08:00,30.7,17.9,122.0,3.6,4.9,52.0
2023-04-14T09:00,29.8,17.3,111.0,2.4,4.5,57.0
2023-04-14T10:00,30.4,17.9,107.0,2.3,4.6,57.0
2023-04-14T11:00,32.0,19.1,105.0,2.5,4.8,56.0
2023-04-14T12:00,31.9,19.3,97.0,1.6,4.8,66.0
2023-04-14T13:00,31.3,18.8,99.0,2.1,4.9,62.0
2023-04-14T14:00,28.3,16.7,101.0,2.9,5.1,57.0
2023-04-14T15:00,25.0,14.6,108.0,4.3,5.3,51.0
2023-04-14T16:00,23.3,13.6,118.0,5.8,5.5,48.0
2023-04-14T17:00,22.1,12.9,131.0,7.6,5.7,45.0
2023-04-14T18:00,20.8,12.1,144.0,9.1,5.9,42.0
2023-04-14T19:00,19.8,11.5,148.0,8.9,6.1,42.0
2023-04-14T20:00,19.4,11.4,148.0,8.0,6.3,42.0
2023-04-14T21:00,19.3,11.4,142.0,6.6,6.4,43.0
2023-04-14T22:00,18.5,10.9,128.0,5.5,6.2,44.0
2023-04-14T23:00,17.3,10.2,108.0,4.3,5.8,45.0
2023-04-15T00:00,18.0,10.6,92.0,3.2,5.8,46.0
2023-04-15T01:00,17.5,10.4,88.0,2.7,5.8,46.0
2023-04-15T02:00,17.1,10.3,83.0,2.1,5.7,46.0
2023-04-15T03:00,16.5,10.1,86.0,2.0,5.9,46.0
2023-04-15T04:00,16.4,10.1,102.0,3.1,6.3,45.0
2023-04-15T05:00,17.5,11.0,126.0,4.9,6.8,43.0
2023-04-15T06:00,19.8,12.7,157.0,7.1,7.7,42.0
2023-04-15T07:00,22.0,14.2,178.0,8.6,8.6,42.0
2023-04-15T08:00,25.0,16.3,198.0,10.0,9.7,44.0
2023-04-15T09:00,29.7,19.6,212.0,10.4,10.6,50.0
2023-04-15T10:00,39.1,26.0,206.0,8.6,10.6,62.0
2023-04-15T11:00,45.8,30.4,191.0,5.5,10.1,78.0
2023-04-15T12:00,44.2,28.6,174.0,2.8,9.4,92.0
2023-04-15T13:00,41.0,26.4,165.0,3.6,8.9,83.0
2023-04-15T14:00,35.2,22.4,153.0,4.7,8.2,70.0
2023-04-15T15:00,28.9,18.2,145.0,6.6,7.4,55.0
2023-04-15T16:00,24.0,15.0,152.0,8.7,7.1,48.0
2023-04-15T17:00,21.1,13.1,166.0,11.1,6.9,43.0
2023-04-15T18:00,19.7,12.3,182.0,13.3,6.7,38.0
2023-04-15T19:00,18.9,11.8,189.0,13.3,6.6,36.0
2023-04-15T20:00,18.1,11.3,195.0,12.5,6.5,36.0
2023-04-15T21:00,17.5,10.9,192.0,11.0,6.4,37.0
2023-04-15T22:00,16.1,10.2,177.0,9.7,6.2,37.0
2023-04-15T23:00,14.5,9.2,154.0,8.1,6.0,38.0
2023-04-16T00:00,12.0,7.8,125.0,6.0,5.6,39.0
2023-04-16T01:00,11.1,7.4,117.0,5.2,5.5,39.0
2023-04-16T02:00,11.1,7.5,107.0,4.0,5.4,39.0
2023-04-16T03:00,11.3,7.7,108.0,3.6,5.6,38.0
2023-04-16T04:00,12.1,8.3,128.0,5.1,6.0,35.0
2023-04-16T05:00,14.9,10.4,160.0,7.6,6.6,30.0
2023-04-16T06:00,20.6,14.4,214.0,10.9,8.2,29.0
2023-04-16T07:00,31.9,22.2,275.0,13.5,10.5,35.0
2023-04-16T08:00,47.3,32.8,346.0,16.2,13.5,45.0
2023-04-16T09:00,65.2,45.3,406.0,17.7,16.3,57.0
2023-04-16T10:00,89.6,62.2,396.0,15.6,16.7,63.0
2023-04-16T11:00,99.4,68.9,357.0,11.8,16.3,67.0
2023-04-16T12:00,80.6,55.5,291.0,2.7,14.5,134.0
2023-04-16T13:00,64.5,44.1,266.0,3.6,13.2,118.0
2023-04-16T14:00,45.8,31.0,230.0,5.0,11.5,95.0
2023-04-16T15:00,32.9,22.1,198.0,7.6,9.5,67.0
2023-04-16T16:00,26.8,17.8,202.0,10.7,8.9,54.0
2023-04-16T17:00,23.0,15.4,219.0,14.6,8.6,44.0
2023-04-16T18:00,21.7,14.6,243.0,18.4,8.4,34.0
2023-04-16T19:00,21.9,14.9,258.0,19.4,8.3,30.0
2023-04-16T20:00,22.8,15.6,273.0,19.4,8.2,28.0
2023-04-16T21:00,23.0,15.7,279.0,18.5,8.1,27.0
2023-04-16T22:00,21.2,14.4,265.0,17.3,7.9,27.0
2023-04-16T23:00,19.2,13.0,240.0,15.5,7.7,28.0
2023-04-17T00:00,19.2,13.2,202.0,12.4,8.1,30.0
2023-04-17T01:00,22.7,15.6,191.0,11.1,7.4,31.0
2023-04-17T02:00,27.5,18.9,175.0,9.3,6.5,32.0
2023-04-17T03:00,25.9,17.6,163.0,7.6,5.8,33.0
2023-04-17T04:00,21.4,14.5,168.0,7.6,6.0,33.0
2023-04-17T05:00,21.9,15.0,182.0,8.2,6.5,32.0
2023-04-17T06:00,28.6,19.7,206.0,8.8,7.7,37.0
2023-04-17T07:00,37.7,26.0,234.0,8.7,9.2,51.0
2023-04-17T08:00,39.8,27.2,267.0,8.5,11.0,71.0
2023-04-17T09:00,49.6,33.9,293.0,7.6,12.6,92.0
2023-04-17T10:00,62.9,43.2,282.0,6.1,12.4,100.0
2023-04-17T11:00,70.3,48.4,255.0,4.2,11.5,104.0
2023-04-17T12:00,68.9,47.7,208.0,2.3,11.3,110.0
2023-04-17T13:00,64.7,44.8,203.0,3.4,11.2,100.0
2023-04-17T14:00,54.7,38.0,195.0,5.0,11.0,85.0
2023-04-17T15:00,47.7,33.2,194.0,7.9,10.8,67.0
2023-04-17T16:00,41.6,28.8,208.0,11.3,10.9,56.0
2023-04-17T17:00,38.4,26.6,230.0,15.3,11.0,47.0
2023-04-17T18:00,34.1,23.6,252.0,18.9,11.0,38.0
2023-04-17T19:00,29.1,20.1,255.0,18.8,10.7,35.0
2023-04-17T20:00,25.1,17.3,253.0,17.2,10.3,35.0
2023-04-17T21:00,23.2,15.8,240.0,14.6,9.7,36.0
2023-04-17T22:00,22.0,14.8,221.0,12.9,9.3,37.0
2023-04-17T23:00,21.1,14.1,195.0,11.0,8.8,38.0
2023-04-18T00:00,23.6,16.1,130.0,6.0,8.5,40.0
2023-04-18T01:00,22.5,15.2,121.0,5.2,8.2,41.0
2023-04-18T02:00,22.1,14.8,108.0,4.0,7.8,42.0
2023-04-18T03:00,22.2,15.0,100.0,3.1,7.6,43.0
2023-04-18T04:00,23.2,15.7,107.0,3.5,7.8,41.0
2023-04-18T05:00,27.3,18.7,121.0,4.6,8.2,38.0
2023-04-18T06:00,35.3,24.3,150.0,5.7,9.4,41.0
2023-04-18T07:00,41.9,29.0,184.0,6.1,11.1,55.0
2023-04-18T08:00,44.9,31.0,226.0,6.3,13.4,75.0
2023-04-18T09:00,55.8,38.5,268.0,6.0,15.5,99.0
2023-04-18T10:00,72.6,50.3,275.0,4.9,15.6,111.0
2023-04-18T11:00,88.7,61.5,270.0,3.2,15.0,119.0
2023-04-18T12:00,80.1,55.5,260.0,2.0,13.8,121.0
2023-04-18T13:00,76.4,52.9,252.0,3.4,13.7,109.0
2023-04-18T14:00,60.3,41.7,241.0,5.3,13.6,92.0
2023-04-18T15:00,44.5,30.5,229.0,8.0,13.2,71.0
2023-04-18T16:00,31.9,21.8,226.0,10.1,12.7,59.0
2023-04-18T17:00,24.9,16.9,226.0,12.4,12.2,49.0
2023-04-18T18:00,22.1,15.1,222.0,14.1,11.3,40.0
2023-04-18T19:00,21.5,14.7,213.0,13.5,10.5,37.0
2023-04-18T20:00,21.9,15.0,202.0,11.9,9.7,37.0
2023-04-18T21:00,23.2,15.9,187.0,9.9,8.7,37.0
2023-04-18T22:00,25.0,17.2,179.0,9.0,8.3,36.0
2023-04-18T23:00,27.9,19.3,171.0,8.4,8.0,34.0
2023-04-19T00:00,27.6,19.2,155.0,7.3,9.4,34.0
2023-04-19T01:00,33.3,23.1,154.0,7.0,8.8,32.0
2023-04-19T02:00,38.2,26.5,153.0,6.6,8.0,30.0
2023-04-19T03:00,42.7,29.7,153.0,6.0,7.1,28.0
2023-04-19T04:00,48.4,33.6,153.0,5.7,6.6,26.0
2023-04-19T05:00,56.8,39.5,153.0,5.4,6.2,25.0
2023-04-19T06:00,66.8,46.3,165.0,5.0,6.7,31.0
2023-04-19T07:00,73.1,50.6,193.0,4.7,8.7,48.0
2023-04-19T08:00,69.2,47.7,230.0,4.4,11.7,71.0
2023-04-19T09:00,75.2,51.8,266.0,4.0,14.6,96.0
2023-04-19T10:00,85.7,59.0,268.0,3.5,14.8,103.0
2023-04-19T11:00,92.2,63.6,258.0,3.0,14.2,105.0
2023-04-19T12:00,96.6,66.8,223.0,2.2,10.3,102.0
2023-04-19T13:00,96.9,67.3,219.0,2.1,10.0,99.0
2023-04-19T14:00,95.5,66.4,212.0,2.0,9.5,96.0
2023-04-19T15:00,99.7,69.4,200.0,2.1,8.3,89.0
2023-04-19T16:00,109.9,76.6,181.0,2.1,6.2,83.0
2023-04-19T17:00,126.7,88.5,158.0,2.1,3.6,75.0
2023-04-19T18:00,136.4,95.2,153.0,3.8,2.4,65.0
2023-04-19T19:00,113.9,78.9,197.0,8.1,5.7,56.0
2023-04-19T20:00,68.2,46.8,266.0,13.9,11.2,48.0
2023-04-19T21:00,41.9,28.3,313.0,18.1,15.7,40.0
2023-04-19T22:00,27.8,18.5,272.0,15.4,14.0,41.0
2023-04-19T23:00,18.3,12.2,193.0,9.6,9.8,45.0
2023-04-20T00:00,12.7,8.5,89.0,2.6,4.4,50.0
2023-04-20T01:00,8.5,5.8,81.0,2.0,3.9,49.0
2023-04-20T02:00,5.7,4.0,70.0,1.2,3.1,48.0
2023-04-20T03:00,7.4,4.6,63.0,0.7,2.4,48.0
2023-04-20T04:00,14.0,7.8,70.0,1.4,2.4,49.0
2023-04-20T05:00,23.0,12.5,82.0,2.5,2.7,51.0
2023-04-20T06:00,33.6,17.9,96.0,3.6,3.0,53.0
2023-04-20T07:00,39.8,20.8,98.0,3.4,3.1,55.0
2023-04-20T08:00,34.3,18.0,96.0,2.6,3.1,57.0
2023-04-20T09:00,31.2,16.9,94.0,1.8,3.1,60.0
2023-04-20T10:00,32.1,17.6,94.0,1.6,3.2,62.0
2023-04-20T11:00,32.4,17.8,94.0,1.5,3.3,65.0
2023-04-20T12:00,42.5,24.3,114.0,1.9,5.1,73.0
2023-04-20T13:00,40.9,23.1,115.0,2.5,5.2,69.0
2023-04-20T14:00,38.8,21.5,116.0,3.4,5.3,64.0
2023-04-20T15:00,36.0,19.7,122.0,4.9,5.6,57.0
2023-04-20T16:00,36.1,19.8,134.0,6.6,6.1,53.0
2023-04-20T17:00,34.8,19.2,149.0,8.5,6.7,49.0
2023-04-20T18:00,34.5,18.9,165.0,10.2,7.4,45.0
2023-04-20T19:00,34.2,19.0,171.0,10.1,7.8,45.0
2023-04-20T20:00,34.2,19.1,173.0,9.3,8.2,45.0
2023-04-20T21:00,33.8,18.9,168.0,7.9,8.4,47.0
2023-04-20T22:00,33.2,18.6,155.0,6.8,8.3,48.0
2023-04-20T23:00,32.6,18.3,135.0,5.4,7.9,50.0
2023-04-21T00:00,34.8,19.8,143.0,5.9,11.0,49.0
2023-04-21T01:00,37.0,21.6,146.0,5.8,10.5,47.0
2023-04-21T02:00,45.2,27.6,150.0,5.8,9.8,45.0
2023-04-21T03:00,56.5,35.9,165.0,6.3,10.2,42.0
2023-04-21T04:00,67.1,43.7,183.0,7.8,12.1,36.0
2023-04-21T05:00,77.1,50.9,205.0,9.8,15.0,30.0
2023-04-21T06:00,75.2,49.5,253.0,11.3,19.6,34.0
2023-04-21T07:00,79.4,52.3,316.0,10.3,24.3,58.0
2023-04-21T08:00,86.6,57.0,395.0,8.3,29.8,93.0
2023-04-21T09:00,123.4,82.7,468.0,5.6,34.1,130.0
2023-04-21T10:00,154.6,104.3,479.0,3.8,33.0,139.0
2023-04-21T11:00,181.1,122.9,466.0,2.0,29.6,139.0
2023-04-21T12:00,44.0,27.5,182.0,2.1,11.7,102.0
2023-04-21T13:00,40.6,25.2,193.0,4.0,12.8,98.0
2023-04-21T14:00,41.9,26.1,209.0,6.7,14.4,91.0
2023-04-21T15:00,40.7,25.6,231.0,10.0,16.0,82.0
2023-04-21T16:00,51.0,33.1,246.0,11.7,16.2,74.0
2023-04-21T17:00,60.5,40.0,262.0,13.2,15.9,66.0
2023-04-21T18:00,66.4,44.2,285.0,15.0,16.0,56.0
2023-04-21T19:00,64.0,42.8,304.0,16.4,16.5,50.0
2023-04-21T20:00,60.1,40.3,324.0,17.8,17.2,46.0
2023-04-21T21:00,67.5,45.5,353.0,19.6,19.7,41.0
2023-04-21T22:00,80.1,54.4,381.0,21.4,24.2,38.0
2023-04-21T23:00,79.4,53.9,412.0,23.4,30.1,36.0
2023-04-22T00:00,44.2,29.8,329.0,16.7,28.3,40.0
2023-04-22T01:00,45.4,30.7,317.0,14.9,27.4,43.0
2023-04-22T02:00,34.5,22.9,300.0,12.4,26.1,46.0
2023-04-22T03:00,30.2,19.8,272.0,9.6,23.3,51.0
2023-04-22T04:00,24.1,15.8,245.0,8.5,19.6,53.0
2023-04-22T05:00,18.2,11.9,214.0,8.0,15.0,55.0
2023-04-22T06:00,15.5,10.3,180.0,7.3,9.9,57.0
2023-04-22T07:00,12.6,8.4,165.0,6.7,8.0,57.0
2023-04-22T08:00,13.7,9.1,155.0,6.1,7.0,57.0
2023-04-22T09:00,15.4,10.4,144.0,5.3,6.1,58.0
2023-04-22T10:00,18.9,12.6,134.0,4.5,5.5,60.0
2023-04-22T11:00,22.7,15.1,125.0,3.6,5.1,63.0
2023-04-22T12:00,21.2,14.2,113.0,3.2,4.9,65.0
2023-04-22T13:00,19.6,12.9,111.0,3.7,4.8,62.0
2023-04-22T14:00,16.4,10.6,107.0,4.4,4.7,58.0
2023-04-22T15:00,13.7,8.7,105.0,5.3,4.6,54.0
2023-04-22T16:00,12.4,7.7,107.0,5.8,4.5,52.0
2023-04-22T17:00,12.9,7.8,112.0,6.1,4.5,51.0
2023-04-22T18:00,14.1,8.4,114.0,6.2,4.4,50.0
2023-04-22T19:00,14.9,8.7,111.0,5.7,4.3,50.0
2023-04-22T20:00,15.4,9.0,105.0,4.8,4.2,50.0
2023-04-22T21:00,16.4,9.5,96.0,3.7,4.0,50.0
2023-04-22T22:00,17.3,9.9,87.0,3.0,3.8,50.0
2023-04-22T23:00,17.3,9.9,76.0,2.3,3.7,50.0
2023-04-23T00:00,17.6,10.1,66.0,1.6,3.6,50.0
2023-04-23T01:00,15.8,9.2,64.0,1.3,3.6,50.0
2023-04-23T02:00,13.8,8.2,62.0,1.0,3.5,49.0
2023-04-23T03:00,12.5,7.6,64.0,1.0,3.5,48.0
2023-04-23T04:00,11.1,6.8,72.0,1.7,3.5,47.0
2023-04-23T05:00,11.1,6.8,83.0,2.9,3.5,47.0
2023-04-23T06:00,11.3,7.1,98.0,4.3,3.7,46.0
2023-04-23T07:00,12.0,7.8,109.0,5.1,4.2,46.0
2023-04-23T08:00,13.7,9.1,119.0,5.8,4.9,45.0
2023-04-23T09:00,17.2,11.7,128.0,6.4,5.6,45.0
2023-04-23T10:00,19.0,13.0,127.0,6.4,5.8,46.0
2023-04-23T11:00,23.0,15.8,122.0,6.1,5.8,46.0
2023-04-23T12:00,31.8,21.7,112.0,4.6,5.7,53.0
2023-04-23T13:00,28.5,19.4,115.0,5.4,6.0,51.0
2023-04-23T14:00,23.7,16.2,120.0,6.5,6.3,49.0
2023-04-23T15:00,19.0,13.1,127.0,8.0,6.7,45.0
2023-04-23T16:00,15.5,10.8,135.0,9.1,6.8,42.0
2023-04-23T17:00,13.7,9.6,144.0,10.2,6.8,40.0
2023-04-23T18:00,12.4,8.8,152.0,10.9,6.8,37.0
2023-04-23T19:00,11.6,8.2,153.0,10.4,7.0,36.0
2023-04-23T20:00,10.7,7.7,150.0,9.2,7.2,36.0
2023-04-23T21:00,9.9,7.2,140.0,7.4,7.1,37.0
2023-04-23T22:00,8.3,6.1,122.0,5.9,6.5,38.0
2023-04-23T23:00,7.5,5.5,99.0,4.3,5.6,39.0
2023-04-24T00:00,8.2,6.0,81.0,3.2,5.8,39.0
2023-04-24T01:00,7.9,5.7,76.0,2.6,5.4,40.0
2023-04-24T02:00,8.0,5.6,69.0,1.7,4.9,41.0
2023-04-24T03:00,8.3,5.8,68.0,1.3,4.6,42.0
2023-04-24T04:00,8.7,6.0,78.0,2.3,4.9,40.0
2023-04-24T05:00,9.9,6.9,95.0,3.9,5.5,38.0
2023-04-24T06:00,13.2,9.0,120.0,5.7,6.4,37.0
2023-04-24T07:00,19.5,13.3,141.0,6.5,7.2,39.0
2023-04-24T08:00,29.2,19.6,165.0,7.1,8.0,43.0
2023-04-24T09:00,43.8,29.6,190.0,7.0,9.1,52.0
2023-04-24T10:00,57.5,39.0,199.0,5.8,9.8,63.0
2023-04-24T11:00,68.0,46.1,203.0,4.0,10.4,76.0
2023-04-24T12:00,66.8,45.2,193.0,2.1,10.7,90.0
2023-04-24T13:00,62.2,41.9,198.0,3.1,10.9,83.0
2023-04-24T14:00,54.0,36.3,206.0,4.5,11.3,72.0
2023-04-24T15:00,49.5,33.2,216.0,7.0,11.8,58.0
2023-04-24T16:00,46.1,31.0,223.0,9.7,12.2,49.0
2023-04-24T17:00,46.2,31.1,230.0,12.8,12.6,41.0
2023-04-24T18:00,51.7,34.8,238.0,16.1,13.2,33.0
2023-04-24T19:00,59.4,40.2,241.0,16.8,13.5,29.0
2023-04-24T20:00,68.0,45.9,243.0,16.7,13.8,27.0
2023-04-24T21:00,76.6,51.7,255.0,17.0,14.9,25.0
2023-04-24T22:00,84.3,56.6,275.0,18.2,17.0,22.0
2023-04-24T23:00,88.0,59.3,302.0,19.9,19.7,20.0
2023-04-25T00:00,69.6,47.7,480.0,31.9,19.3,9.0
2023-04-25T01:00,66.8,45.8,464.0,30.1,20.0,11.0
2023-04-25T02:00,63.1,43.1,441.0,27.6,20.9,13.0
2023-04-25T03:00,61.2,41.7,419.0,24.3,21.0,16.0
2023-04-25T04:00,65.0,44.1,413.0,22.4,19.0,15.0
2023-04-25T05:00,67.5,46.1,414.0,20.7,16.0,13.0
2023-04-25T06:00,81.0,55.5,433.0,18.4,14.0,24.0
2023-04-25T07:00,62.9,42.6,476.0,16.6,16.8,53.0
2023-04-25T08:00,74.3,50.1,535.0,14.8,21.5,93.0
2023-04-25T09:00,120.1,81.7,588.0,12.0,24.4,135.0
2023-04-25T10:00,181.1,124.3,588.0,9.2,20.5,147.0
2023-04-25T11:00,231.9,159.7,567.0,6.1,13.5,150.0
2023-04-25T12:00,145.3,98.0,851.0,6.6,58.5,270.0
2023-04-25T13:00,159.3,107.8,831.0,6.6,53.1,260.0
2023-04-25T14:00,156.5,105.9,801.0,6.7,45.4,244.0
2023-04-25T15:00,141.6,95.9,742.0,7.6,35.7,215.0
2023-04-25T16:00,114.3,77.1,672.0,9.3,30.1,182.0
2023-04-25T17:00,106.6,72.2,588.0,11.5,25.1,142.0
2023-04-25T18:00,97.8,66.1,495.0,14.3,20.2,97.0
2023-04-25T19:00,86.6,58.8,464.0,16.1,18.5,78.0
2023-04-25T20:00,75.4,51.1,451.0,17.8,18.1,66.0
2023-04-25T21:00,64.3,43.4,425.0,18.6,17.5,56.0
2023-04-25T22:00,53.3,35.7,378.0,17.2,16.1,52.0
2023-04-25T23:00,44.1,29.4,321.0,14.6,14.4,51.0
2023-04-26T00:00,54.6,37.0,346.0,13.6,13.8,50.0
2023-04-26T01:00,49.0,33.2,322.0,12.3,12.5,49.0
2023-04-26T02:00,47.5,32.2,288.0,10.5,10.7,47.0
2023-04-26T03:00,50.4,34.3,255.0,8.5,8.5,45.0
2023-04-26T04:00,55.4,38.0,249.0,8.0,7.4,41.0
2023-04-26T05:00,64.3,44.2,252.0,7.9,6.5,37.0
2023-04-26T06:00,85.2,59.0,270.0,7.4,5.2,38.0
2023-04-26T07:00,120.6,84.1,293.0,5.9,3.3,46.0
2023-04-26T08:00,161.6,112.5,324.0,4.0,1.1,58.0
2023-04-26T09:00,203.0,141.1,381.0,2.4,0.4,82.0
2023-04-26T10:00,230.5,160.2,450.0,2.9,3.7,111.0
2023-04-26T11:00,244.0,169.0,534.0,4.4,8.9,146.0
2023-04-26T12:00,285.9,198.4,593.0,2.9,1.3,137.0
2023-04-26T13:00,240.3,166.2,552.0,2.9,1.6,136.0
2023-04-26T14:00,182.1,125.7,494.0,2.9,2.1,134.0
2023-04-26T15:00,174.6,120.6,448.0,4.2,3.1,128.0
2023-04-26T16:00,197.4,136.4,475.0,7.2,4.1,118.0
2023-04-26T17:00,215.1,149.0,532.0,11.4,5.4,106.0
2023-04-26T18:00,219.8,151.8,571.0,15.7,7.8,88.0
2023-04-26T19:00,191.9,132.7,537.0,17.1,10.7,74.0
2023-04-26T20:00,158.8,109.9,472.0,17.4,14.1,58.0
2023-04-26T21:00,123.9,85.7,378.0,16.6,17.2,43.0
2023-04-26T22:00,83.8,57.9,310.0,14.6,17.3,39.0
2023-04-26T23:00,50.3,34.6,239.0,11.6,16.1,39.0
2023-04-27T00:00,79.2,54.7,521.0,29.8,32.8,25.0
2023-04-27T01:00,31.0,21.4,409.0,22.7,26.2,30.0
2023-04-27T02:00,17.1,11.6,250.0,12.8,16.9,37.0
2023-04-27T03:00,12.5,8.0,88.0,2.7,7.0,44.0
2023-04-27T04:00,10.9,6.7,58.0,1.1,4.4,45.0
2023-04-27T05:00,11.7,7.1,73.0,2.4,4.0,43.0
2023-04-27T06:00,16.4,9.7,103.0,4.6,4.5,41.0
2023-04-27T07:00,23.4,13.9,117.0,5.5,5.0,41.0
2023-04-27T08:00,30.3,18.3,135.0,6.5,6.0,41.0
2023-04-27T09:00,39.6,24.5,153.0,7.2,7.3,42.0
2023-04-27T10:00,47.4,29.4,156.0,6.8,7.8,45.0
2023-04-27T11:00,55.3,34.6,153.0,5.8,8.1,48.0
2023-04-27T12:00,82.7,52.6,190.0,2.0,11.6,93.0
2023-04-27T13:00,80.8,51.3,199.0,2.3,12.3,90.0
2023-04-27T14:00,81.5,52.0,211.0,2.9,13.4,86.0
2023-04-27T15:00,81.3,51.9,229.0,4.7,15.0,78.0
2023-04-27T16:00,79.4,50.8,244.0,7.7,16.3,69.0
2023-04-27T17:00,77.3,49.6,259.0,11.6,17.8,59.0
2023-04-27T18:00,75.4,48.5,278.0,16.0,19.2,46.0
2023-04-27T19:00,70.8,45.9,290.0,18.0,19.6,39.0
2023-04-27T20:00,67.3,43.4,301.0,19.4,19.5,34.0
2023-04-27T21:00,61.9,39.8,306.0,20.3,19.3,28.0
2023-04-27T22:00,56.8,36.7,301.0,20.4,19.3,25.0
2023-04-27T23:00,52.9,34.1,289.0,20.0,19.2,23.0
2023-04-28T00:00,48.8,31.7,262.0,17.4,18.7,25.0
2023-04-28T01:00,39.5,25.1,235.0,15.1,17.4,27.0
2023-04-28T02:00,34.6,21.8,198.0,11.8,15.6,29.0
2023-04-28T03:00,32.1,20.0,163.0,8.6,13.6,32.0
2023-04-28T04:00,29.5,18.2,162.0,8.5,13.0,32.0
2023-04-28T05:00,27.6,16.9,175.0,9.5,12.9,30.0
2023-04-28T06:00,27.4,16.8,194.0,10.6,12.7,31.0
2023-04-28T07:00,28.4,17.8,209.0,10.6,12.3,36.0
2023-04-28T08:00,32.5,20.7,227.0,10.2,11.7,44.0
2023-04-28T09:00,40.6,26.0,236.0,9.3,11.0,54.0
2023-04-28T10:00,45.1,28.5,219.0,8.0,10.4,60.0
2023-04-28T11:00,48.3,30.3,191.0,6.2,9.8,66.0
2023-04-28T12:00,36.8,23.5,167.0,3.3,9.5,86.0
2023-04-28T13:00,40.0,25.7,168.0,4.5,9.5,78.0
2023-04-28T14:00,37.6,24.0,169.0,6.3,9.5,67.0
2023-04-28T15:00,33.3,20.9,176.0,9.0,9.7,53.0
2023-04-28T16:00,30.2,19.0,188.0,11.6,10.0,45.0
2023-04-28T17:00,28.6,18.0,204.0,14.6,10.5,38.0
2023-04-28T18:00,28.2,17.7,220.0,17.3,11.1,31.0
2023-04-28T19:00,27.9,17.5,227.0,17.4,11.5,29.0
2023-04-28T20:00,27.3,17.1,231.0,16.5,11.8,30.0
2023-04-28T21:00,26.5,16.6,225.0,14.7,12.0,31.0
2023-04-28T22:00,25.3,15.7,205.0,13.2,11.7,32.0
2023-04-28T23:00,24.0,14.8,175.0,11.3,11.2,33.0
2023-04-29T00:00,24.5,14.6,124.0,7.0,9.9,38.0
2023-04-29T01:00,25.7,15.2,117.0,6.2,9.7,38.0
2023-04-29T02:00,28.1,16.6,107.0,5.1,9.5,39.0
2023-04-29T03:00,29.6,17.7,102.0,4.3,9.4,39.0
2023-04-29T04:00,31.9,19.2,109.0,4.8,9.7,37.0
2023-04-29T05:00,38.2,23.3,121.0,5.9,10.1,35.0
2023-04-29T06:00,50.2,31.7,144.0,6.6,10.8,37.0
2023-04-29T07:00,70.8,45.8,166.0,5.5,11.0,49.0
2023-04-29T08:00,98.0,64.3,192.0,3.7,11.2,66.0
2023-04-29T09:00,138.3,92.0,229.0,2.6,12.3,82.0
2023-04-29T10:00,168.6,112.5,264.0,4.1,15.0,81.0
2023-04-29T11:00,125.7,82.4,303.0,6.7,18.6,75.0
2023-04-29T12:00,88.2,55.8,344.0,3.5,22.3,135.0
2023-04-29T13:00,74.3,46.8,314.0,4.4,20.0,119.0
2023-04-29T14:00,61.2,38.1,272.0,5.8,16.7,97.0
2023-04-29T15:00,50.2,30.5,225.0,7.7,12.8,71.0
2023-04-29T16:00,41.9,24.7,209.0,9.5,10.9,59.0
2023-04-29T17:00,36.3,21.0,201.0,11.4,9.5,49.0
2023-04-29T18:00,32.4,18.6,188.0,12.5,8.0,42.0
2023-04-29T19:00,28.9,16.5,171.0,11.1,7.0,42.0
2023-04-29T20:00,25.7,14.5,151.0,8.5,6.1,45.0
2023-04-29T21:00,23.2,13.1,127.0,5.3,5.3,49.0
2023-04-29T22:00,21.1,11.8,111.0,4.0,4.9,50.0
2023-04-29T23:00,19.3,10.9,96.0,3.1,4.7,51.0
2023-04-30T00:00,20.5,11.6,89.0,2.8,5.5,50.0
2023-04-30T01:00,18.6,10.4,83.0,2.2,5.2,50.0
2023-04-30T02:00,17.6,10.2,74.0,1.4,4.9,51.0
2023-04-30T03:00,17.0,10.0,79.0,1.6,4.9,50.0
2023-04-30T04:00,18.5,11.2,102.0,3.6,5.2,45.0
2023-04-30T05:00,20.0,12.6,138.0,6.6,5.8,39.0
2023-04-30T06:00,24.9,16.4,199.0,10.3,8.0,36.0
2023-04-30T07:00,28.1,18.9,263.0,12.4,11.5,43.0
2023-04-30T08:00,34.1,23.2,339.0,14.2,16.1,55.0
2023-04-30T09:00,36.4,24.8,415.0,15.4,21.7,71.0
2023-04-30T10:00,45.3,30.9,437.0,14.9,25.2,83.0
2023-04-30T11:00,55.5,37.8,439.0,13.5,28.2,96.0
2023-04-30T12:00,45.9,31.2,325.0,4.2,19.6,131.0
2023-04-30T13:00,54.9,37.5,314.0,4.4,18.5,121.0
2023-04-30T14:00,68.7,47.1,298.0,4.8,16.8,107.0
2023-04-30T15:00,61.7,42.4,286.0,6.9,14.9,87.0
2023-04-30T16:00,51.5,35.2,293.0,11.0,14.1,71.0
2023-04-30T17:00,43.9,30.0,308.0,16.3,13.6,55.0
2023-04-30T18:00,39.0,26.5,324.0,21.6,12.8,38.0
2023-04-30T19:00,34.2,23.2,330.0,22.5,11.7,32.0
2023-04-30T20:00,29.2,19.6,333.0,21.8,10.4,31.0
2023-04-30T21:00,26.8,18.0,321.0,19.6,8.9,31.0
2023-04-30T22:00,24.3,16.2,290.0,17.1,8.2,32.0
2023-04-30T23:00,21.5,14.2,247.0,13.8,7.7,35.0
2023-05-01T00:00,17.9,11.4,173.0,8.3,7.3,42.0
2023-05-01T01:00,17.9,11.3,158.0,6.8,7.1,43.0
2023-05-01T02:00,18.3,11.6,136.0,4.8,6.7,45.0
2023-05-01T03:00,18.9,11.7,119.0,3.1,6.5,47.0
2023-05-01T04:00,18.7,11.4,124.0,3.7,6.6,46.0
2023-05-01T05:00,19.5,11.9,139.0,5.2,6.8,44.0
2023-05-01T06:00,21.7,13.4,161.0,7.3,7.4,43.0
2023-05-01T07:00,23.6,14.8,180.0,8.6,8.1,43.0
2023-05-01T08:00,25.6,16.1,201.0,9.9,9.0,43.0
2023-05-01T09:00,32.2,20.8,218.0,10.4,9.9,47.0
2023-05-01T10:00,39.0,25.5,211.0,8.8,10.1,55.0
2023-05-01T11:00,39.3,25.7,194.0,6.2,10.0,65.0
2023-05-01T12:00,46.7,31.3,224.0,4.4,13.5,96.0
2023-05-01T13:00,40.9,27.5,215.0,5.3,12.9,87.0
2023-05-01T14:00,35.4,23.6,202.0,6.5,12.0,74.0
2023-05-01T15:00,35.5,23.5,196.0,9.0,11.2,58.0
2023-05-01T16:00,33.6,21.9,207.0,11.9,11.3,49.0
2023-05-01T17:00,33.9,22.0,227.0,15.5,11.7,42.0
2023-05-01T18:00,36.3,23.8,255.0,19.2,12.3,34.0
2023-05-01T19:00,38.1,25.0,278.0,20.4,12.6,31.0
2023-05-01T20:00,39.3,25.9,304.0,20.8,13.0,29.0
2023-05-01T21:00,42.4,28.1,323.0,20.3,13.3,28.0
2023-05-01T22:00,44.2,29.3,317.0,19.2,13.4,28.0
2023-05-01T23:00,44.7,29.4,300.0,17.4,13.4,29.0
2023-05-02T00:00,34.2,21.7,182.0,8.9,11.3,37.0
2023-05-02T01:00,35.5,22.4,170.0,7.7,10.7,38.0
2023-05-02T02:00,38.0,24.1,152.0,6.0,9.9,38.0
2023-05-02T03:00,39.0,24.8,140.0,4.6,9.4,39.0
2023-05-02T04:00,38.9,24.9,147.0,5.0,9.7,37.0
2023-05-02T05:00,42.7,27.6,162.0,6.2,10.5,35.0
2023-05-02T06:00,54.9,36.2,188.0,7.3,11.7,36.0
2023-05-02T07:00,76.1,51.0,212.0,7.2,12.8,44.0
2023-05-02T08:00,97.8,66.1,240.0,6.6,14.1,56.0
2023-05-02T09:00,109.0,73.8,271.0,5.6,15.4,73.0
2023-05-02T10:00,100.4,68.0,285.0,4.6,16.0,86.0
2023-05-02T11:00,89.4,60.3,295.0,3.4,16.3,99.0
2023-05-02T12:00,82.2,55.2,308.0,2.3,16.7,117.0
2023-05-02T13:00,75.9,51.3,299.0,3.3,16.1,107.0
2023-05-02T14:00,67.1,45.5,285.0,4.7,15.3,92.0
2023-05-02T15:00,54.2,36.8,269.0,7.2,14.2,73.0
2023-05-02T16:00,41.0,27.6,260.0,10.2,13.4,61.0
2023-05-02T17:00,29.5,19.6,252.0,13.7,12.5,49.0
2023-05-02T18:00,24.2,15.9,245.0,16.9,11.5,38.0
2023-05-02T19:00,23.8,15.6,246.0,17.0,11.1,35.0
2023-05-02T20:00,24.6,16.1,250.0,15.9,10.9,36.0
2023-05-02T21:00,24.4,15.8,244.0,13.8,10.5,39.0
2023-05-02T22:00,22.5,14.4,220.0,11.8,9.8,41.0
2023-05-02T23:00,20.4,12.9,187.0,9.4,9.1,43.0
2023-05-03T00:00,18.3,11.4,141.0,6.1,8.2,47.0
2023-05-03T01:00,18.9,11.9,132.0,5.1,8.1,48.0
2023-05-03T02:00,19.4,12.4,120.0,3.8,7.9,48.0
2023-05-03T03:00,19.4,12.5,116.0,3.1,7.9,48.0
2023-05-03T04:00,20.8,13.6,129.0,4.2,8.0,46.0
2023-05-03T05:00,22.6,15.0,150.0,6.2,8.2,42.0
2023-05-03T06:00,23.6,15.8,190.0,9.2,8.9,39.0
2023-05-03T07:00,27.2,18.5,235.0,11.8,10.1,40.0
2023-05-03T08:00,34.8,23.9,289.0,14.6,11.7,42.0
2023-05-03T09:00,48.3,33.3,336.0,16.5,13.6,46.0
2023-05-03T10:00,50.3,34.7,334.0,15.1,14.6,50.0
2023-05-03T11:00,51.9,35.9,312.0,12.2,15.4,55.0
2023-05-03T12:00,54.2,37.4,313.0,4.5,18.6,125.0
2023-05-03T13:00,47.8,32.6,280.0,5.0,16.5,110.0
2023-05-03T14:00,37.8,25.5,233.0,5.9,13.5,90.0
2023-05-03T15:00,28.9,19.0,189.0,7.7,10.3,65.0
2023-05-03T16:00,24.0,15.7,190.0,10.3,9.4,54.0
2023-05-03T17:00,22.2,14.4,208.0,13.5,9.2,45.0
2023-05-03T18:00,22.1,14.4,231.0,16.5,9.3,38.0
2023-05-03T19:00,21.7,14.3,240.0,16.7,9.4,36.0
2023-05-03T20:00,21.1,13.9,247.0,15.7,9.7,36.0
2023-05-03T21:00,20.7,13.7,245.0,13.9,9.9,37.0
2023-05-03T22:00,19.9,13.2,229.0,12.4,9.7,38.0
2023-05-03T23:00,19.3,12.8,204.0,10.5,9.4,39.0
2023-05-04T00:00,16.9,11.1,147.0,6.6,8.5,42.0
2023-05-04T01:00,17.1,11.1,136.0,5.6,8.6,42.0
2023-05-04T02:00,19.0,12.4,121.0,4.2,8.7,43.0
2023-05-04T03:00,21.7,14.2,113.0,3.2,9.0,43.0
2023-05-04T04:00,26.1,17.0,121.0,3.8,9.1,40.0
2023-05-04T05:00,32.6,21.4,137.0,5.1,9.2,36.0
2023-05-04T06:00,41.9,27.9,176.0,6.6,10.4,40.0
2023-05-04T07:00,51.0,34.1,228.0,7.2,13.1,57.0
2023-05-04T08:00,65.2,43.9,294.0,7.6,16.8,81.0
2023-05-04T09:00,87.5,59.3,366.0,7.2,20.3,111.0
2023-05-04T10:00,120.1,82.2,398.0,5.6,20.6,127.0
2023-05-04T11:00,171.4,117.8,417.0,3.2,19.7,141.0
2023-05-04T12:00,118.5,80.1,989.0,28.1,76.9,191.0
2023-05-04T13:00,112.7,75.7,983.0,31.7,74.3,163.0
2023-05-04T14:00,96.6,64.3,972.0,36.6,70.5,123.0
2023-05-04T15:00,78.0,51.3,887.0,38.8,60.9,78.0
2023-05-04T16:00,55.1,35.7,717.0,33.2,47.1,60.0
2023-05-04T17:00,40.0,25.6,488.0,23.8,29.6,50.0
2023-05-04T18:00,33.5,21.2,246.0,13.4,11.3,42.0
2023-05-04T19:00,29.9,18.9,180.0,10.4,6.2,40.0
2023-05-04T20:00,27.8,17.6,169.0,9.3,5.3,41.0
2023-05-04T21:00,26.7,16.8,168.0,8.5,5.5,44.0
2023-05-04T22:00,24.3,15.2,153.0,7.4,4.9,45.0
2023-05-04T23:00,21.7,13.6,142.0,6.4,4.9,46.0
2023-05-05T00:00,20.1,12.3,118.0,4.5,4.6,49.0
2023-05-05T01:00,20.3,12.5,116.0,4.2,4.8,49.0
2023-05-05T02:00,20.3,12.7,113.0,3.9,5.1,49.0
2023-05-05T03:00,20.1,12.7,114.0,3.8,5.4,48.0
2023-05-05T04:00,19.5,12.6,119.0,4.3,5.2,46.0
2023-05-05T05:00,19.9,13.2,126.0,5.1,4.9,44.0
2023-05-05T06:00,23.2,15.8,154.0,6.4,5.8,45.0
2023-05-05T07:00,28.8,19.8,185.0,7.3,7.0,50.0
2023-05-05T08:00,33.3,23.0,226.0,8.3,8.8,58.0
2023-05-05T09:00,41.4,28.6,329.0,10.9,16.2,77.0
2023-05-05T10:00,57.9,39.8,481.0,14.7,29.9,104.0
2023-05-05T11:00,76.6,52.7,674.0,19.6,47.9,138.0
2023-05-05T12:00,104.8,72.2,1090.0,28.5,89.1,212.0
2023-05-05T13:00,109.4,75.2,1148.0,33.3,88.8,188.0
2023-05-05T14:00,111.5,76.6,1228.0,40.1,88.1,153.0
2023-05-05T15:00,99.2,68.0,1233.0,44.8,81.5,110.0
2023-05-05T16:00,79.9,54.7,1075.0,40.9,68.0,87.0
2023-05-05T17:00,63.8,43.7,832.0,33.2,49.8,68.0
2023-05-05T18:00,55.4,37.8,562.0,24.7,29.5,49.0
2023-05-05T19:00,51.5,35.3,476.0,22.8,21.9,40.0
2023-05-05T20:00,51.1,35.2,441.0,22.6,17.9,36.0
2023-05-05T21:00,53.9,37.1,410.0,22.3,14.6,32.0
2023-05-05T22:00,56.2,38.8,373.0,20.7,12.7,30.0
2023-05-05T23:00,58.2,40.0,341.0,18.8,12.0,30.0
2023-05-06T00:00,31.9,21.7,272.0,15.3,9.0,34.0
2023-05-06T01:00,38.9,26.5,287.0,16.4,11.0,32.0
2023-05-06T02:00,49.0,33.6,308.0,18.0,13.8,30.0
2023-05-06T03:00,61.2,42.3,339.0,19.7,16.6,27.0
2023-05-06T04:00,71.9,49.7,365.0,20.5,17.0,24.0
2023-05-06T05:00,79.4,54.7,392.0,21.0,16.5,20.0
2023-05-06T06:00,86.1,59.5,421.0,20.5,16.4,24.0
2023-05-06T07:00,88.2,61.0,420.0,18.2,16.3,37.0
2023-05-06T08:00,80.6,55.6,409.0,14.8,16.3,57.0
2023-05-06T09:00,75.4,52.0,435.0,12.8,21.1,84.0
2023-05-06T10:00,68.0,46.8,526.0,15.2,32.6,107.0
2023-05-06T11:00,65.4,44.6,652.0,19.6,48.3,130.0
2023-05-06T12:00,46.1,31.1,298.0,6.4,17.5,104.0
2023-05-06T13:00,39.8,26.3,274.0,6.8,16.0,96.0
2023-05-06T14:00,36.1,23.5,240.0,7.3,13.8,84.0
2023-05-06T15:00,32.5,20.8,199.0,8.0,11.1,69.0
2023-05-06T16:00,26.1,16.4,177.0,8.4,9.4,60.0
2023-05-06T17:00,20.5,12.5,159.0,8.7,7.8,51.0
2023-05-06T18:00,20.6,12.4,148.0,9.2,6.7,42.0
2023-05-06T19:00,23.1,14.0,155.0,9.5,7.0,38.0
2023-05-06T20:00,27.5,17.0,171.0,9.9,8.1,37.0
2023-05-06T21:00,32.2,20.3,193.0,10.5,9.9,35.0
2023-05-06T22:00,38.5,24.8,205.0,11.3,11.5,32.0
2023-05-06T23:00,38.3,25.1,215.0,12.2,13.3,30.0
2023-05-07T00:00,47.0,30.5,486.0,30.3,15.7,22.0
2023-05-07T01:00,49.2,32.1,450.0,27.1,14.8,25.0
2023-05-07T02:00,43.3,27.8,399.0,22.5,13.6,30.0
2023-05-07T03:00,36.1,22.7,331.0,16.8,11.9,35.0
2023-05-07T04:00,30.9,19.0,286.0,13.8,10.6,37.0
2023-05-07T05:00,27.0,16.4,242.0,11.2,9.2,39.0
2023-05-07T06:00,25.6,15.7,201.0,8.6,8.0,43.0
2023-05-07T07:00,25.4,15.9,193.0,7.3,8.0,51.0
2023-05-07T08:00,28.1,18.0,199.0,6.5,8.6,60.0
2023-05-07T09:00,36.3,24.0,208.0,5.8,9.3,69.0
2023-05-07T10:00,51.3,34.6,208.0,5.4,9.5,68.0
2023-05-07T11:00,67.8,46.1,207.0,5.1,9.7,63.0
2023-05-07T12:00,71.0,48.8,217.0,1.7,11.4,101.0
2023-05-07T13:00,77.1,53.0,215.0,2.8,11.6,93.0
2023-05-07T14:00,60.8,41.3,213.0,4.5,11.9,82.0
2023-05-07T15:00,46.7,31.4,218.0,7.8,12.2,66.0
2023-05-07T16:00,37.7,25.2,235.0,11.8,12.3,55.0
2023-05-07T17:00,33.9,22.7,258.0,16.7,12.4,43.0
2023-05-07T18:00,33.9,22.9,286.0,21.6,12.1,31.0
2023-05-07T19:00,37.7,25.7,301.0,22.9,11.4,27.0
2023-05-07T20:00,44.6,30.7,314.0,23.0,10.4,25.0
2023-05-07T21:00,52.9,36.7,317.0,22.0,9.4,24.0
2023-05-07T22:00,59.6,41.4,304.0,20.7,9.1,23.0
2023-05-07T23:00,64.5,44.9,282.0,18.7,9.1,23.0
2023-05-08T00:00,82.9,57.9,418.0,28.1,9.8,13.0
2023-05-08T01:00,92.9,65.0,384.0,26.3,10.1,14.0
2023-05-08T02:00,98.0,68.5,335.0,23.8,10.6,16.0
2023-05-08T03:00,89.6,62.2,275.0,20.0,11.9,20.0
2023-05-08T04:00,68.7,47.0,241.0,17.0,13.6,23.0
2023-05-08T05:00,62.4,42.4,211.0,13.8,15.8,27.0
2023-05-08T06:00,79.4,54.0,195.0,9.8,18.5,37.0
2023-05-08T07:00,96.4,65.4,212.0,7.0,20.2,53.0
2023-05-08T08:00,122.0,83.4,246.0,4.3,21.7,74.0
2023-05-08T09:00,165.8,113.9,291.0,1.7,22.9,97.0
2023-05-08T10:00,210.0,144.4,320.0,0.9,22.9,106.0
2023-05-08T11:00,217.0,148.5,348.0,0.9,22.4,111.0
2023-05-08T12:00,231.4,158.3,403.0,1.5,17.8,120.0
2023-05-08T13:00,157.9,107.1,376.0,2.2,17.7,115.0
2023-05-08T14:00,109.9,73.6,339.0,3.2,17.4,107.0
2023-05-08T15:00,76.6,50.9,307.0,6.2,17.2,93.0
2023-05-08T16:00,62.2,41.3,314.0,10.9,17.2,77.0
2023-05-08T17:00,60.3,40.4,337.0,16.9,17.2,57.0
2023-05-08T18:00,60.5,40.9,365.0,23.0,17.0,37.0
2023-05-08T19:00,57.5,38.9,379.0,24.7,16.4,31.0
2023-05-08T20:00,51.0,34.5,390.0,24.9,15.6,29.0
2023-05-08T21:00,43.5,29.3,386.0,23.6,14.4,29.0
2023-05-08T22:00,36.9,24.8,359.0,21.3,13.5,30.0
2023-05-08T23:00,31.9,21.3,317.0,18.0,12.6,33.0
2023-05-09T00:00,27.9,18.6,268.0,13.9,12.2,37.0
2023-05-09T01:00,25.3,16.9,242.0,11.7,12.0,38.0
2023-05-09T02:00,26.4,17.9,206.0,8.7,11.6,40.0
2023-05-09T03:00,23.5,15.9,179.0,6.1,11.3,41.0
2023-05-09T04:00,23.9,16.4,187.0,6.6,11.1,38.0
2023-05-09T05:00,26.3,18.3,211.0,8.5,11.0,33.0
2023-05-09T06:00,30.9,21.5,262.0,11.1,11.4,33.0
2023-05-09T07:00,32.6,22.6,329.0,13.1,12.7,45.0
2023-05-09T08:00,46.9,32.6,414.0,15.2,14.6,64.0
2023-05-09T09:00,59.3,41.0,484.0,16.5,16.5,84.0
2023-05-09T10:00,85.2,59.1,470.0,15.2,17.0,89.0
2023-05-09T11:00,105.5,73.3,422.0,12.6,17.0,90.0
2023-05-09T12:00,61.0,42.0,623.0,17.2,47.3,145.0
2023-05-09T13:00,66.1,45.5,692.0,23.1,49.8,129.0
2023-05-09T14:00,72.2,49.8,788.0,31.4,53.1,106.0
2023-05-09T15:00,62.2,42.8,835.0,38.5,51.9,77.0
2023-05-09T16:00,45.8,31.3,730.0,36.5,41.9,62.0
2023-05-09T17:00,36.2,24.7,553.0,31.0,27.1,48.0
2023-05-09T18:00,34.1,23.4,374.0,25.2,11.3,35.0
2023-05-09T19:00,33.9,23.2,356.0,25.2,7.2,29.0
2023-05-09T20:00,33.5,23.0,390.0,27.0,6.6,26.0
2023-05-09T21:00,33.6,23.1,433.0,28.7,7.0,24.0
2023-05-09T22:00,32.9,22.5,430.0,28.2,6.8,23.0
2023-05-09T23:00,31.0,21.2,420.0,27.0,7.0,23.0
2023-05-10T00:00,31.0,21.2,376.0,22.6,7.1,24.0
2023-05-10T01:00,31.9,21.9,382.0,22.2,7.1,23.0
2023-05-10T02:00,34.9,24.0,390.0,21.7,7.2,23.0
2023-05-10T03:00,37.8,26.1,400.0,20.8,7.5,22.0
2023-05-10T04:00,41.7,28.9,402.0,20.1,7.5,19.0
2023-05-10T05:00,49.9,34.6,403.0,19.3,7.6,16.0
2023-05-10T06:00,65.7,45.5,420.0,17.9,9.9,24.0
2023-05-10T07:00,87.8,61.0,431.0,15.7,12.4,45.0
2023-05-10T08:00,121.5,84.5,449.0,13.0,16.0,76.0
2023-05-10T09:00,167.6,116.6,568.0,12.1,29.0,126.0
2023-05-10T10:00,203.0,141.1,789.0,15.8,50.3,174.0
2023-05-10T11:00,233.3,162.1,1086.0,21.8,78.2,228.0
2023-05-10T12:00,238.4,165.8,1436.0,28.0,104.3,284.0
2023-05-10T13:00,266.4,184.9,1584.0,34.2,113.3,253.0
2023-05-10T14:00,280.3,194.6,1791.0,42.8,125.8,210.0
2023-05-10T15:00,256.1,177.4,1890.0,48.8,130.5,154.0
2023-05-10T16:00,204.4,141.1,1681.0,44.1,114.8,121.0
2023-05-10T17:00,151.3,104.1,1323.0,34.8,89.1,91.0
2023-05-10T18:00,119.0,81.5,897.0,23.5,59.5,60.0
2023-05-10T19:00,102.4,69.8,720.0,19.1,49.0,48.0
2023-05-10T20:00,97.8,66.6,598.0,16.1,43.2,44.0
2023-05-10T21:00,94.5,64.5,470.0,13.1,36.3,40.0
2023-05-10T22:00,87.5,59.6,389.0,11.2,29.3,37.0
2023-05-10T23:00,74.7,50.8,330.0,9.7,22.3,35.0
2023-05-11T00:00,52.5,35.3,242.0,7.9,12.5,34.0
2023-05-11T01:00,40.3,26.8,213.0,7.3,10.6,34.0
2023-05-11T02:00,30.0,19.7,172.0,6.4,8.0,34.0
2023-05-11T03:00,23.5,15.1,127.0,5.4,5.1,34.0
2023-05-11T04:00,19.7,12.3,109.0,4.7,3.9,34.0
2023-05-11T05:00,21.2,13.0,98.0,4.2,3.2,35.0
2023-05-11T06:00,30.3,18.2,98.0,4.1,3.4,36.0
2023-05-11T07:00,49.9,30.7,111.0,5.0,4.6,38.0
2023-05-11T08:00,60.5,36.9,134.0,6.5,6.6,41.0
2023-05-11T09:00,52.5,31.0,166.0,8.4,9.5,45.0
2023-05-11T10:00,47.3,27.5,194.0,9.6,12.0,47.0
2023-05-11T11:00,47.7,27.4,225.0,10.7,14.7,48.0
2023-05-11T12:00,37.6,21.0,203.0,8.7,13.6,51.0
2023-05-11T13:00,36.7,20.1,182.0,7.7,11.8,51.0
2023-05-11T14:00,32.6,17.7,152.0,6.3,9.1,50.0
2023-05-11T15:00,30.9,16.2,115.0,4.4,5.9,51.0
2023-05-11T16:00,29.3,15.3,96.0,3.2,4.1,53.0
2023-05-11T17:00,27.5,14.3,80.0,2.0,2.5,55.0
2023-05-11T18:00,26.8,14.0,66.0,0.9,1.0,58.0
2023-05-11T19:00,25.8,13.5,62.0,0.6,0.6,59.0
2023-05-11T20:00,24.8,12.9,64.0,0.6,0.6,58.0
2023-05-11T21:00,23.8,12.4,66.0,0.7,0.8,58.0
2023-05-11T22:00,21.8,11.4,66.0,0.7,0.8,58.0
2023-05-11T23:00,20.8,10.9,65.0,0.6,0.9,58.0
2023-05-12T00:00,20.0,10.5,70.0,0.8,1.2,57.0
2023-05-12T01:00,19.8,10.4,69.0,0.7,1.1,57.0
2023-05-12T02:00,20.4,10.7,67.0,0.5,0.9,56.0
2023-05-12T03:00,20.7,10.7,66.0,0.4,0.8,56.0
2023-05-12T04:00,20.4,10.6,67.0,0.5,0.8,56.0
2023-05-12T05:00,20.8,10.8,69.0,0.6,0.8,55.0
2023-05-12T06:00,20.6,10.9,74.0,1.0,1.1,55.0
2023-05-12T07:00,20.3,11.0,78.0,1.4,1.4,54.0
2023-05-12T08:00,20.7,11.5,84.0,1.9,1.9,54.0
2023-05-12T09:00,20.9,11.8,97.0,2.6,3.1,54.0
2023-05-12T10:00,23.0,13.1,116.0,3.3,4.9,56.0
2023-05-12T11:00,26.1,15.2,141.0,4.0,7.3,58.0
2023-05-12T12:00,26.2,15.6,183.0,5.7,11.6,61.0
2023-05-12T13:00,25.8,15.5,183.0,6.4,11.2,58.0
2023-05-12T14:00,25.3,15.5,183.0,7.4,10.7,54.0
2023-05-12T15:00,22.8,14.1,176.0,7.9,9.4,49.0
2023-05-12T16:00,20.1,12.7,160.0,7.1,7.5,48.0
2023-05-12T17:00,19.8,12.7,139.0,5.7,5.2,48.0
2023-05-12T18:00,21.2,13.5,114.0,4.0,2.7,48.0
2023-05-12T19:00,20.9,13.2,104.0,3.3,2.0,48.0
2023-05-12T20:00,19.0,12.0,98.0,2.9,1.8,49.0
2023-05-12T21:00,17.5,10.8,92.0,2.4,1.8,49.0
2023-05-12T22:00,15.5,9.3,88.0,2.1,1.8,49.0
2023-05-12T23:00,14.7,8.9,84.0,2.0,1.8,49.0
2023-05-13T00:00,13.2,7.7,70.0,1.0,2.2,51.0
2023-05-13T01:00,14.0,8.1,69.0,0.9,2.3,51.0
2023-05-13T02:00,15.0,8.6,67.0,0.7,2.6,51.0
2023-05-13T03:00,16.0,9.1,70.0,0.9,2.9,50.0
2023-05-13T04:00,16.4,9.3,80.0,1.7,3.2,49.0
2023-05-13T05:00,16.4,9.5,95.0,2.9,3.6,48.0
2023-05-13T06:00,16.6,9.7,110.0,4.1,4.0,47.0
2023-05-13T07:00,16.8,10.1,112.0,4.1,4.0,47.0
2023-05-13T08:00,18.2,11.1,109.0,3.7,3.9,48.0
2023-05-13T09:00,19.0,11.6,107.0,3.3,3.8,50.0
2023-05-13T10:00,20.7,12.8,109.0,3.3,4.0,51.0
2023-05-13T11:00,23.3,14.6,113.0,3.3,4.4,52.0
2023-05-13T12:00,19.2,12.0,108.0,2.0,4.5,66.0
2023-05-13T13:00,20.5,12.9,113.0,2.9,4.7,63.0
2023-05-13T14:00,18.9,11.8,121.0,4.1,5.0,58.0
2023-05-13T15:00,17.9,11.1,128.0,5.4,5.2,53.0
2023-05-13T16:00,18.5,11.4,129.0,5.6,4.9,52.0
2023-05-13T17:00,19.7,12.0,129.0,5.5,4.4,52.0
2023-05-13T18:00,20.2,12.1,125.0,5.1,3.9,52.0
2023-05-13T19:00,19.6,11.6,119.0,4.6,3.7,53.0
2023-05-13T20:00,18.8,10.9,112.0,3.8,3.7,54.0
2023-05-13T21:00,17.5,10.1,101.0,2.9,3.6,55.0
2023-05-13T22:00,16.4,9.3,92.0,2.3,3.5,56.0
2023-05-13T23:00,16.1,9.1,83.0,1.8,3.3,56.0
2023-05-14T00:00,17.1,9.5,74.0,1.1,3.1,57.0
2023-05-14T01:00,17.3,9.5,72.0,0.9,2.9,57.0
2023-05-14T02:00,16.6,9.1,70.0,0.7,2.7,58.0
2023-05-14T03:00,16.2,8.9,71.0,0.7,2.6,58.0
2023-05-14T04:00,16.1,8.9,79.0,1.4,2.8,57.0
2023-05-14T05:00,16.3,9.1,92.0,2.4,3.1,55.0
2023-05-14T06:00,17.1,9.7,106.0,3.4,3.5,54.0
2023-05-14T07:00,18.5,10.7,111.0,3.6,3.7,54.0
2023-05-14T08:00,20.0,11.9,112.0,3.6,4.0,54.0
2023-05-14T09:00,21.4,13.0,116.0,3.6,4.4,55.0
2023-05-14T10:00,23.1,14.4,122.0,3.7,5.0,56.0
2023-05-14T11:00,25.3,16.1,129.0,3.9,5.7,57.0
2023-05-14T12:00,16.4,10.7,129.0,2.5,6.6,75.0
2023-05-14T13:00,18.7,12.2,129.0,3.3,6.5,70.0
2023-05-14T14:00,16.5,10.7,128.0,4.4,6.4,64.0
2023-05-14T15:00,14.0,8.9,128.0,5.6,6.2,56.0
2023-05-14T16:00,12.3,7.8,129.0,6.1,5.9,53.0
2023-05-14T17:00,11.6,7.3,130.0,6.4,5.6,52.0
2023-05-14T18:00,11.6,7.4,130.0,6.5,5.3,51.0
2023-05-14T19:00,12.1,7.7,130.0,6.2,5.3,51.0
2023-05-14T20:00,13.0,8.3,129.0,5.6,5.5,51.0
2023-05-14T21:00,13.7,8.8,125.0,4.8,5.7,51.0
2023-05-14T22:00,13.8,8.9,116.0,4.2,5.6,51.0
2023-05-14T23:00,13.5,8.7,105.0,3.5,5.5,51.0
2023-05-15T00:00,28.0,18.7,143.0,5.8,8.4,43.0
2023-05-15T01:00,24.0,15.9,136.0,5.2,8.0,44.0
2023-05-15T02:00,20.1,13.3,126.0,4.3,7.5,45.0
2023-05-15T03:00,16.8,11.1,121.0,3.9,7.1,45.0
2023-05-15T04:00,15.1,10.1,130.0,4.7,7.2,44.0
2023-05-15T05:00,15.4,10.4,146.0,6.2,7.6,41.0
2023-05-15T06:00,17.7,12.1,173.0,8.1,8.6,40.0
2023-05-15T07:00,22.8,15.7,199.0,9.4,10.0,41.0
2023-05-15T08:00,27.2,18.8,230.0,10.7,11.7,43.0
2023-05-15T09:00,33.1,22.9,258.0,11.4,13.5,47.0
2023-05-15T10:00,41.4,28.7,262.0,10.4,13.9,51.0
2023-05-15T11:00,55.1,38.2,256.0,8.5,13.9,55.0
2023-05-15T12:00,62.4,43.0,280.0,2.5,12.2,113.0
2023-05-15T13:00,50.3,34.3,246.0,3.5,10.9,100.0
2023-05-15T14:00,33.4,22.4,199.0,4.9,9.1,80.0
2023-05-15T15:00,22.6,14.8,154.0,6.9,7.2,59.0
2023-05-15T16:00,16.6,10.7,152.0,8.7,6.6,51.0
2023-05-15T17:00,14.8,9.5,166.0,10.6,6.5,48.0
2023-05-15T18:00,15.0,9.7,186.0,12.3,6.5,45.0
2023-05-15T19:00,15.8,10.2,195.0,12.3,6.6,44.0
2023-05-15T20:00,16.6,10.7,204.0,11.7,6.8,45.0
2023-05-15T21:00,17.0,10.8,206.0,10.4,6.9,46.0
2023-05-15T22:00,16.4,10.4,192.0,9.2,6.7,47.0
2023-05-15T23:00,15.4,9.8,170.0,7.8,6.5,47.0
2023-05-16T00:00,18.9,11.7,100.0,3.6,6.7,51.0
2023-05-16T01:00,19.7,12.3,99.0,3.4,6.7,51.0
2023-05-16T02:00,20.4,12.9,98.0,3.0,6.6,50.0
2023-05-16T03:00,21.1,13.4,102.0,3.1,6.7,49.0
2023-05-16T04:00,21.4,13.6,113.0,4.0,6.9,47.0
2023-05-16T05:00,22.6,14.5,128.0,5.4,7.2,45.0
2023-05-16T06:00,26.8,17.3,154.0,6.7,8.0,47.0
2023-05-16T07:00,34.1,22.4,180.0,6.8,9.2,56.0
2023-05-16T08:00,44.8,29.7,211.0,6.4,10.7,70.0
2023-05-16T09:00,60.1,40.2,242.0,5.5,12.2,86.0
2023-05-16T10:00,79.2,53.1,250.0,4.2,12.3,94.0
2023-05-16T11:00,101.7,68.7,249.0,2.5,11.9,101.0
2023-05-16T12:00,109.0,73.8,250.0,1.2,11.7,107.0
2023-05-16T13:00,103.6,69.8,242.0,2.2,11.6,98.0
2023-05-16T14:00,86.6,58.0,230.0,3.6,11.5,86.0
2023-05-16T15:00,69.6,46.0,219.0,6.0,11.5,71.0
2023-05-16T16:00,55.6,36.1,220.0,8.5,11.7,63.0
2023-05-16T17:00,50.8,32.8,226.0,11.4,12.1,55.0
2023-05-16T18:00,49.7,32.0,230.0,13.8,12.3,49.0
2023-05-16T19:00,46.3,29.6,227.0,13.5,12.1,48.0
2023-05-16T20:00,41.7,26.4,221.0,12.0,11.6,50.0
2023-05-16T21:00,38.4,24.1,208.0,9.8,11.2,52.0
2023-05-16T22:00,37.6,23.3,193.0,8.5,11.2,53.0
2023-05-16T23:00,38.9,24.2,175.0,7.3,11.3,54.0
2023-05-17T00:00,40.3,25.1,160.0,6.1,12.7,55.0
2023-05-17T01:00,43.4,27.3,152.0,5.4,12.9,56.0
2023-05-17T02:00,45.5,28.6,140.0,4.4,13.3,57.0
2023-05-17T03:00,50.4,31.7,131.0,3.5,13.9,57.0
2023-05-17T04:00,56.6,35.7,129.0,3.4,14.5,55.0
2023-05-17T05:00,64.7,41.4,131.0,3.6,15.1,51.0
2023-05-17T06:00,78.5,51.6,159.0,4.8,16.4,50.0
2023-05-17T07:00,91.0,60.8,223.0,7.1,18.2,55.0
2023-05-17T08:00,93.6,62.2,309.0,10.2,20.4,62.0
2023-05-17T09:00,98.3,65.0,382.0,12.7,21.6,70.0
2023-05-17T10:00,104.8,68.9,368.0,11.9,20.0,72.0
2023-05-17T11:00,102.0,66.6,318.0,9.6,17.0,72.0
2023-05-17T12:00,108.5,71.7,315.0,8.0,18.0,82.0
2023-05-17T13:00,84.8,54.8,274.0,7.5,15.4,76.0
2023-05-17T14:00,71.0,45.3,216.0,6.9,11.7,68.0
2023-05-17T15:00,65.0,40.7,167.0,7.2,8.3,58.0
2023-05-17T16:00,69.8,43.9,184.0,9.6,8.5,52.0
2023-05-17T17:00,58.0,35.6,228.0,13.1,10.1,47.0
2023-05-17T18:00,39.5,23.5,263.0,15.6,11.4,43.0
2023-05-17T19:00,30.6,17.9,243.0,13.7,10.3,44.0
2023-05-17T20:00,27.2,15.7,201.0,9.8,8.4,48.0
2023-05-17T21:00,27.1,15.4,149.0,5.3,6.3,53.0
2023-05-17T22:00,27.4,15.3,125.0,3.6,5.7,54.0
2023-05-17T23:00,27.9,15.4,105.0,2.6,5.4,55.0
2023-05-18T00:00,24.1,13.3,91.0,2.0,4.7,57.0
2023-05-18T01:00,23.3,13.0,88.0,1.6,4.6,57.0
2023-05-18T02:00,22.9,12.8,83.0,1.0,4.5,58.0
2023-05-18T03:00,22.6,12.7,87.0,1.1,4.7,58.0
2023-05-18T04:00,22.8,12.9,104.0,2.4,5.2,56.0
2023-05-18T05:00,24.0,13.8,129.0,4.3,5.8,54.0
2023-05-18T06:00,26.5,15.7,161.0,6.6,6.8,52.0
2023-05-18T07:00,29.6,17.8,182.0,7.7,7.6,54.0
2023-05-18T08:00,34.3,21.2,203.0,8.4,8.5,57.0
2023-05-18T09:00,40.7,25.7,217.0,8.7,9.3,61.0
2023-05-18T10:00,47.4,30.4,210.0,7.9,9.3,61.0
2023-05-18T11:00,50.8,32.6,192.0,6.5,9.0,61.0
2023-05-18T12:00,38.8,24.9,161.0,2.2,7.9,84.0
2023-05-18T13:00,36.1,23.1,160.0,3.3,7.9,77.0
2023-05-18T14:00,31.3,19.6,158.0,4.9,7.9,68.0
2023-05-18T15:00,28.4,17.3,160.0,7.2,7.9,57.0
2023-05-18T16:00,26.4,15.8,169.0,9.0,7.7,52.0
2023-05-18T17:00,24.8,14.8,182.0,10.9,7.5,49.0
2023-05-18T18:00,23.9,14.3,196.0,12.4,7.3,46.0
2023-05-18T19:00,23.3,14.1,202.0,12.1,7.4,46.0
2023-05-18T20:00,23.0,13.9,206.0,11.0,7.6,47.0
2023-05-18T21:00,22.9,13.9,203.0,9.5,7.9,48.0
2023-05-18T22:00,22.2,13.5,191.0,8.6,7.9,48.0
2023-05-18T23:00,21.5,13.2,172.0,7.6,7.9,48.0
2023-05-19T00:00,35.0,23.4,308.0,15.9,8.9,36.0
2023-05-19T01:00,34.7,23.3,306.0,15.2,8.8,36.0
2023-05-19T02:00,36.4,24.6,303.0,14.2,8.6,36.0
2023-05-19T03:00,40.9,27.8,312.0,13.4,8.2,35.0
2023-05-19T04:00,46.8,32.0,325.0,13.6,7.8,32.0
2023-05-19T05:00,54.6,37.5,344.0,14.2,7.2,28.0
2023-05-19T06:00,71.2,49.2,414.0,15.2,6.1,31.0
2023-05-19T07:00,99.7,69.4,535.0,16.5,4.3,44.0
2023-05-19T08:00,138.3,96.6,693.0,18.1,2.0,63.0
2023-05-19T09:00,187.2,130.9,852.0,18.3,0.9,91.0
2023-05-19T10:00,234.7,163.9,885.0,15.4,3.3,115.0
2023-05-19T11:00,266.4,185.8,874.0,11.0,7.5,141.0
2023-05-19T12:00,228.2,158.3,799.0,5.3,12.8,175.0
2023-05-19T13:00,227.2,157.4,767.0,6.9,11.9,158.0
2023-05-19T14:00,213.7,147.6,721.0,9.1,10.6,134.0
2023-05-19T15:00,192.8,132.7,649.0,12.3,10.4,104.0
2023-05-19T16:00,140.6,95.7,581.0,14.8,12.5,86.0
2023-05-19T17:00,118.0,80.1,504.0,17.5,15.9,70.0
2023-05-19T18:00,105.7,71.2,428.0,20.4,19.9,54.0
2023-05-19T19:00,96.2,64.7,410.0,21.5,22.0,47.0
2023-05-19T20:00,84.3,56.2,413.0,22.0,23.7,44.0
2023-05-19T21:00,81.5,54.6,425.0,22.5,24.8,41.0
2023-05-19T22:00,78.7,52.9,439.0,23.4,24.5,38.0
2023-05-19T23:00,68.9,46.2,459.0,24.4,23.4,34.0
2023-05-20T00:00,53.8,35.5,423.0,21.9,20.9,33.0
2023-05-20T01:00,47.0,31.1,374.0,18.5,18.7,35.0
2023-05-20T02:00,39.7,26.1,304.0,13.6,15.5,39.0
2023-05-20T03:00,36.0,23.3,235.0,9.0,12.3,42.0
2023-05-20T04:00,34.1,22.0,227.0,8.8,11.7,41.0
2023-05-20T05:00,34.0,22.1,240.0,10.2,12.0,38.0
2023-05-20T06:00,35.3,23.2,262.0,11.9,12.6,37.0
2023-05-20T07:00,35.3,23.2,279.0,12.5,13.1,41.0
2023-05-20T08:00,38.6,25.6,299.0,13.0,13.6,48.0
2023-05-20T09:00,44.0,29.3,308.0,12.4,13.9,58.0
2023-05-20T10:00,47.7,31.7,286.0,10.0,13.3,68.0
2023-05-20T11:00,52.5,34.9,248.0,6.5,12.2,80.0
2023-05-20T12:00,44.4,29.9,203.0,3.4,11.3,94.0
2023-05-20T13:00,40.2,26.8,194.0,4.6,10.9,85.0
2023-05-20T14:00,31.1,20.2,182.0,6.4,10.2,72.0
2023-05-20T15:00,26.0,16.4,171.0,8.6,9.5,58.0
2023-05-20T16:00,22.6,13.9,172.0,9.9,9.1,52.0
2023-05-20T17:00,23.3,14.2,177.0,11.0,8.8,49.0
2023-05-20T18:00,23.7,14.3,182.0,11.7,8.5,46.0
2023-05-20T19:00,23.9,14.3,181.0,11.2,8.5,45.0
2023-05-20T20:00,23.7,14.2,178.0,10.0,8.6,45.0
2023-05-20T21:00,24.2,14.2,166.0,8.2,8.4,45.0
2023-05-20T22:00,23.7,13.7,146.0,6.8,7.8,45.0
2023-05-20T23:00,24.0,13.6,120.0,5.1,6.9,46.0
2023-05-21T00:00,19.9,11.4,98.0,4.1,6.2,46.0
2023-05-21T01:00,20.4,11.6,92.0,3.3,5.8,47.0
2023-05-21T02:00,22.0,12.5,84.0,2.1,5.2,49.0
2023-05-21T03:00,25.8,14.4,80.0,1.2,4.8,50.0
2023-05-21T04:00,26.1,14.8,85.0,1.6,4.8,49.0
2023-05-21T05:00,30.6,17.5,94.0,2.5,5.1,47.0
2023-05-21T06:00,42.8,25.1,120.0,4.0,6.0,47.0
2023-05-21T07:00,60.8,36.9,161.0,5.5,7.4,52.0
2023-05-21T08:00,58.0,35.2,213.0,7.3,9.3,59.0
2023-05-21T09:00,54.6,32.9,259.0,8.4,11.0,69.0
2023-05-21T10:00,55.5,33.4,255.0,7.1,10.9,75.0
2023-05-21T11:00,61.0,37.4,232.0,4.8,10.1,82.0
2023-05-21T12:00,55.5,33.6,165.0,2.2,7.6,81.0
2023-05-21T13:00,51.9,31.7,171.0,3.6,8.1,75.0
2023-05-21T14:00,45.6,27.6,179.0,5.6,8.8,66.0
2023-05-21T15:00,39.1,23.4,188.0,8.1,9.2,56.0
2023-05-21T16:00,33.4,19.6,193.0,9.6,8.7,51.0
2023-05-21T17:00,29.2,16.9,196.0,11.0,7.7,47.0
2023-05-21T18:00,26.0,15.0,197.0,11.8,6.7,43.0
2023-05-21T19:00,23.5,13.6,194.0,11.1,6.4,42.0
2023-05-21T20:00,22.6,13.1,188.0,9.5,6.4,43.0
2023-05-21T21:00,23.2,13.4,180.0,7.7,6.4,44.0
2023-05-21T22:00,23.5,13.6,173.0,7.1,6.5,43.0
2023-05-21T23:00,23.2,13.7,165.0,6.8,6.7,42.0
2023-05-22T00:00,28.3,17.6,214.0,10.1,8.0,35.0
2023-05-22T01:00,27.4,17.2,211.0,9.4,7.9,34.0
2023-05-22T02:00,27.4,17.6,208.0,8.4,7.9,33.0
2023-05-22T03:00,27.9,18.4,220.0,8.1,8.1,31.0
2023-05-22T04:00,29.9,20.1,245.0,9.3,8.4,26.0
2023-05-22T05:00,34.3,23.5,280.0,11.3,8.9,21.0
2023-05-22T06:00,44.1,30.5,355.0,14.4,10.9,22.0
2023-05-22T07:00,56.0,39.0,449.0,17.5,14.1,34.0
2023-05-22T08:00,69.8,48.5,564.0,21.1,18.3,52.0
2023-05-22T09:00,72.2,50.1,689.0,22.7,24.4,86.0
2023-05-22T10:00,87.3,60.5,734.0,18.8,29.7,124.0
2023-05-22T11:00,110.6,76.8,753.0,12.1,35.4,170.0
2023-05-22T12:00,88.5,61.5,604.0,8.5,36.0,160.0
2023-05-22T13:00,106.6,74.0,631.0,8.0,39.0,167.0
2023-05-22T14:00,121.5,84.5,669.0,7.3,43.2,177.0
2023-05-22T15:00,130.4,90.8,703.0,8.0,45.6,177.0
2023-05-22T16:00,146.2,102.0,695.0,10.7,42.3,156.0
2023-05-22T17:00,147.1,102.7,672.0,14.7,36.2,124.0
2023-05-22T18:00,143.0,99.7,654.0,20.0,29.1,85.0
2023-05-22T19:00,142.5,99.4,678.0,24.1,26.2,65.0
2023-05-22T20:00,145.3,101.5,717.0,28.4,24.3,49.0
2023-05-22T21:00,152.7,106.6,724.0,31.0,22.7,35.0
2023-05-22T22:00,158.3,110.6,658.0,28.9,22.4,31.0
2023-05-22T23:00,150.4,104.8,554.0,24.5,22.9,33.0
2023-05-23T00:00,145.8,101.5,1000.0,56.5,23.0,13.0
2023-05-23T01:00,128.1,88.7,881.0,48.4,23.1,20.0
2023-05-23T02:00,114.3,78.5,712.0,36.9,23.3,29.0
2023-05-23T03:00,104.5,71.2,526.0,23.6,22.9,40.0
2023-05-23T04:00,98.7,67.1,450.0,17.8,21.6,42.0
2023-05-23T05:00,98.5,66.6,405.0,13.8,19.7,42.0
2023-05-23T06:00,107.8,73.6,412.0,10.2,18.5,51.0
2023-05-23T07:00,124.3,85.2,509.0,8.7,20.0,74.0
2023-05-23T08:00,133.6,92.0,660.0,8.3,22.6,106.0
2023-05-23T09:00,135.5,92.9,784.0,7.7,24.8,138.0
2023-05-23T10:00,129.5,88.5,739.0,6.3,23.9,147.0
2023-05-23T11:00,109.9,74.5,625.0,4.6,21.9,148.0
2023-05-23T12:00,66.1,44.5,444.0,4.4,20.9,146.0
2023-05-23T13:00,53.9,35.5,395.0,5.9,19.2,127.0
2023-05-23T14:00,48.0,31.1,326.0,8.0,16.7,99.0
2023-05-23T15:00,42.8,27.5,256.0,11.1,14.3,67.0
2023-05-23T16:00,38.3,24.4,244.0,13.7,14.0,54.0
2023-05-23T17:00,33.8,21.7,252.0,16.6,14.5,46.0
2023-05-23T18:00,29.3,19.0,263.0,18.9,15.0,39.0
2023-05-23T19:00,25.8,17.1,264.0,18.7,15.0,36.0
2023-05-23T20:00,21.7,14.6,263.0,17.4,14.8,37.0
2023-05-23T21:00,20.2,13.7,251.0,15.0,14.3,38.0
2023-05-23T22:00,17.0,11.7,226.0,12.9,13.6,40.0
2023-05-23T23:00,14.4,10.0,193.0,10.5,12.6,42.0
2023-05-24T00:00,14.0,9.5,154.0,8.3,11.9,43.0
2023-05-24T01:00,13.5,9.2,138.0,6.8,10.9,45.0
2023-05-24T02:00,13.6,9.1,115.0,4.6,9.4,48.0
2023-05-24T03:00,13.7,9.2,97.0,2.9,8.0,51.0
2023-05-24T04:00,13.2,9.0,104.0,3.5,7.9,50.0
2023-05-24T05:00,13.5,9.2,122.0,5.0,8.2,49.0
2023-05-24T06:00,15.0,10.2,151.0,6.9,8.8,48.0
2023-05-24T07:00,19.0,13.1,177.0,7.8,9.5,51.0
2023-05-24T08:00,23.2,15.9,207.0,8.6,10.4,55.0
2023-05-24T09:00,30.5,20.9,229.0,8.6,10.9,61.0
2023-05-24T10:00,38.8,26.5,220.0,7.2,10.3,67.0
2023-05-24T11:00,42.8,29.2,197.0,4.9,9.2,73.0
2023-05-24T12:00,36.0,24.3,177.0,3.0,7.5,78.0
2023-05-24T13:00,29.3,19.7,172.0,4.2,7.2,70.0
2023-05-24T14:00,24.7,16.6,164.0,5.9,6.7,60.0
2023-05-24T15:00,18.9,12.7,157.0,7.7,6.2,48.0
2023-05-24T16:00,15.7,10.5,158.0,8.5,6.0,44.0
2023-05-24T17:00,14.3,9.7,161.0,8.9,5.8,43.0
2023-05-24T18:00,14.3,9.6,163.0,8.8,5.5,42.0
2023-05-24T19:00,14.1,9.6,160.0,7.9,5.2,42.0
2023-05-24T20:00,13.8,9.5,154.0,6.5,4.8,44.0
2023-05-24T21:00,10.9,7.5,142.0,4.7,4.4,45.0
2023-05-24T22:00,8.8,6.1,126.0,3.6,4.1,45.0
2023-05-24T23:00,7.3,4.8,107.0,2.6,3.7,45.0
2023-05-25T00:00,7.2,4.8,91.0,1.7,4.0,46.0
2023-05-25T01:00,7.5,4.9,87.0,1.4,4.0,47.0
2023-05-25T02:00,9.5,5.8,83.0,1.0,4.1,47.0
2023-05-25T03:00,13.6,7.9,83.0,1.0,4.4,48.0
2023-05-25T04:00,16.8,9.7,93.0,1.9,4.8,48.0
2023-05-25T05:00,19.4,11.4,108.0,3.2,5.3,48.0
2023-05-25T06:00,23.6,13.9,130.0,5.1,6.1,48.0
2023-05-25T07:00,32.1,19.0,149.0,6.7,6.7,48.0
2023-05-25T08:00,40.0,24.1,170.0,8.3,7.5,49.0
2023-05-25T09:00,47.3,28.6,191.0,9.3,8.5,53.0
2023-05-25T10:00,52.3,32.0,196.0,8.1,9.6,61.0
2023-05-25T11:00,55.5,33.8,196.0,6.0,10.9,73.0
2023-05-25T12:00,69.2,44.9,218.0,3.1,12.0,86.0
2023-05-25T13:00,44.7,27.0,187.0,3.1,10.0,79.0
2023-05-25T14:00,33.3,18.3,143.0,3.2,7.0,68.0
2023-05-25T15:00,29.9,16.1,98.0,3.3,4.0,57.0
2023-05-25T16:00,26.9,14.3,89.0,3.4,3.2,53.0
2023-05-25T17:00,26.0,13.7,92.0,3.5,3.2,52.0
2023-05-25T18:00,25.7,13.6,97.0,3.4,3.5,51.0
2023-05-25T19:00,26.4,13.8,96.0,3.1,3.7,51.0
2023-05-25T20:00,28.3,15.0,95.0,2.7,4.1,52.0
2023-05-25T21:00,28.5,15.3,91.0,2.0,4.6,54.0
2023-05-25T22:00,28.6,15.5,82.0,1.4,4.9,55.0
2023-05-25T23:00,27.9,15.3,71.0,0.9,5.2,57.0
2023-05-26T00:00,31.9,18.1,107.0,2.9,8.3,52.0
2023-05-26T01:00,31.7,17.8,104.0,2.5,8.9,52.0
2023-05-26T02:00,31.1,17.6,100.0,2.0,9.8,52.0
2023-05-26T03:00,29.1,16.5,107.0,2.3,11.0,50.0
2023-05-26T04:00,27.4,15.8,129.0,3.9,11.9,45.0
2023-05-26T05:00,26.5,15.6,160.0,6.3,12.9,37.0
2023-05-26T06:00,26.7,16.0,198.0,9.2,13.6,30.0
2023-05-26T07:00,28.5,17.2,220.0,10.8,13.5,28.0
2023-05-26T08:00,31.3,19.2,239.0,12.1,12.9,28.0
2023-05-26T09:00,33.6,20.8,244.0,12.5,11.7,30.0
2023-05-26T10:00,34.9,21.5,219.0,10.7,10.3,35.0
2023-05-26T11:00,35.6,21.4,177.0,7.7,8.5,43.0
2023-05-26T12:00,32.8,19.8,131.0,3.3,7.1,63.0
2023-05-26T13:00,31.3,18.8,131.0,4.0,6.9,60.0
2023-05-26T14:00,29.7,17.7,131.0,4.9,6.7,57.0
2023-05-26T15:00,26.3,15.4,135.0,6.3,6.6,52.0
2023-05-26T16:00,23.5,13.8,143.0,7.6,6.7,49.0
2023-05-26T17:00,21.9,13.0,155.0,9.0,6.9,45.0
2023-05-26T18:00,21.1,12.6,167.0,10.1,7.3,42.0
2023-05-26T19:00,19.8,11.9,170.0,9.9,7.7,42.0
2023-05-26T20:00,18.8,11.5,171.0,9.1,8.1,43.0
2023-05-26T21:00,17.3,10.8,169.0,8.1,8.8,43.0
2023-05-26T22:00,18.5,12.0,166.0,8.0,9.6,41.0
2023-05-26T23:00,16.7,11.0,161.0,8.1,10.5,39.0
2023-05-27T00:00,11.5,7.6,130.0,6.0,10.0,42.0
2023-05-27T01:00,11.7,7.7,122.0,5.2,10.1,43.0
2023-05-27T02:00,12.0,7.9,112.0,4.1,10.1,44.0
2023-05-27T03:00,12.4,8.2,111.0,3.7,10.4,45.0
2023-05-27T04:00,13.4,9.0,129.0,5.0,10.8,43.0
2023-05-27T05:00,15.0,10.1,157.0,7.3,11.3,40.0
2023-05-27T06:00,17.6,12.0,195.0,10.1,12.0,37.0
2023-05-27T07:00,18.9,12.9,224.0,12.0,12.8,37.0
2023-05-27T08:00,21.8,15.0,254.0,13.8,13.8,38.0
2023-05-27T09:00,25.1,17.3,266.0,14.4,13.9,40.0
2023-05-27T10:00,28.8,19.7,234.0,12.1,12.2,42.0
2023-05-27T11:00,20.7,14.1,179.0,8.4,9.6,44.0
2023-05-27T12:00,12.5,8.4,115.0,2.5,6.3,67.0
2023-05-27T13:00,15.7,10.4,119.0,3.3,6.6,63.0
2023-05-27T14:00,16.8,11.1,125.0,4.6,7.0,58.0
2023-05-27T15:00,16.7,10.9,138.0,6.6,7.7,51.0
2023-05-27T16:00,17.7,11.5,151.0,8.6,8.4,47.0
2023-05-27T17:00,21.0,13.6,167.0,10.8,9.2,43.0
2023-05-27T18:00,25.3,16.5,194.0,13.6,10.4,38.0
2023-05-27T19:00,30.4,19.8,220.0,15.1,11.4,35.0
2023-05-27T20:00,37.1,24.5,249.0,16.2,12.5,33.0
2023-05-27T21:00,44.5,29.8,291.0,18.1,13.9,30.0
2023-05-27T22:00,44.9,30.4,326.0,20.4,14.9,26.0
2023-05-27T23:00,41.6,28.3,364.0,23.1,15.9,22.0
2023-05-28T00:00,47.0,32.7,430.0,27.0,16.8,15.0
2023-05-28T01:00,51.6,36.0,427.0,26.0,16.2,15.0
2023-05-28T02:00,52.5,36.7,424.0,24.5,15.2,15.0
2023-05-28T03:00,54.1,37.7,428.0,22.7,14.2,16.0
2023-05-28T04:00,60.3,42.1,433.0,22.1,13.7,12.0
2023-05-28T05:00,72.4,50.4,443.0,21.8,13.4,7.0
2023-05-28T06:00,87.5,61.0,494.0,20.3,13.5,19.0
2023-05-28T07:00,110.4,76.8,593.0,17.5,14.1,57.0
2023-05-28T08:00,144.8,101.0,725.0,13.8,15.1,111.0
2023-05-28T09:00,190.5,132.7,863.0,9.5,16.2,168.0
2023-05-28T10:00,261.7,182.5,914.0,7.4,16.5,187.0
2023-05-28T11:00,335.3,234.2,936.0,5.8,16.6,194.0
2023-05-28T12:00,91.7,61.9,629.0,10.0,34.8,164.0
2023-05-28T13:00,78.7,52.4,527.0,9.5,28.5,140.0
2023-05-28T14:00,56.2,36.2,381.0,8.8,19.5,105.0
2023-05-28T15:00,38.4,23.3,224.0,8.0,9.7,68.0
2023-05-28T16:00,29.7,16.9,177.0,7.7,6.5,57.0
2023-05-28T17:00,25.5,14.2,162.0,7.5,5.3,55.0
2023-05-28T18:00,21.2,11.8,153.0,7.0,4.5,55.0
2023-05-28T19:00,20.3,11.2,141.0,6.1,4.0,55.0
2023-05-28T20:00,17.5,9.7,134.0,4.9,4.0,56.0
2023-05-28T21:00,14.7,8.3,123.0,3.5,4.0,58.0
2023-05-28T22:00,10.9,6.3,111.0,2.7,3.7,58.0
2023-05-28T23:00,8.3,4.8,97.0,2.0,3.4,58.0
2023-05-29T00:00,9.6,5.5,91.0,1.6,3.6,57.0
2023-05-29T01:00,9.1,5.3,89.0,1.3,3.5,57.0
2023-05-29T02:00,8.2,4.9,87.0,0.9,3.5,56.0
2023-05-29T03:00,7.7,4.6,91.0,1.0,3.5,56.0
2023-05-29T04:00,7.8,4.7,105.0,2.0,3.7,55.0
2023-05-29T05:00,8.0,4.9,124.0,3.5,4.1,55.0
2023-05-29T06:00,9.1,5.6,145.0,5.0,4.5,55.0
2023-05-29T07:00,10.2,6.5,152.0,5.0,4.7,57.0
2023-05-29T08:00,11.8,7.7,155.0,4.5,4.8,59.0
2023-05-29T09:00,14.7,9.7,156.0,4.0,5.0,62.0
2023-05-29T10:00,18.8,12.5,151.0,3.7,5.0,62.0
2023-05-29T11:00,21.8,14.3,143.0,3.5,5.0,62.0
2023-05-29T12:00,31.4,21.5,175.0,5.6,7.0,63.0
2023-05-29T13:00,32.7,22.2,180.0,6.4,6.9,61.0
2023-05-29T14:00,27.0,18.3,186.0,7.5,6.9,59.0
2023-05-29T15:00,19.5,13.0,203.0,9.7,6.8,55.0
2023-05-29T16:00,13.7,8.9,224.0,12.3,6.7,51.0
2023-05-29T17:00,13.9,8.9,250.0,15.5,6.7,46.0
2023-05-29T18:00,20.6,13.5,286.0,19.0,7.1,40.0
2023-05-29T19:00,32.1,21.7,321.0,20.8,8.3,37.0
2023-05-29T20:00,41.1,27.9,359.0,22.0,9.9,34.0
2023-05-29T21:00,27.1,18.3,368.0,21.1,11.0,33.0
2023-05-29T22:00,15.6,10.6,310.0,16.7,10.0,37.0
2023-05-29T23:00,12.5,8.6,217.0,10.3,8.0,44.0
2023-05-30T00:00,10.7,7.1,111.0,3.0,4.8,55.0
2023-05-30T01:00,11.2,7.3,104.0,2.4,4.6,55.0
2023-05-30T02:00,12.0,7.6,93.0,1.6,4.2,55.0
2023-05-30T03:00,12.6,7.9,88.0,1.2,4.0,54.0
2023-05-30T04:00,12.4,7.9,98.0,2.0,4.2,53.0
2023-05-30T05:00,12.0,7.6,115.0,3.5,4.6,51.0
2023-05-30T06:00,12.3,7.9,135.0,5.1,5.2,49.0
2023-05-30T07:00,12.3,8.1,143.0,5.7,5.5,48.0
2023-05-30T08:00,12.5,8.4,148.0,6.1,5.9,47.0
2023-05-30T09:00,14.3,9.7,154.0,6.4,6.4,48.0
2023-05-30T10:00,18.4,12.6,158.0,6.3,6.9,51.0
2023-05-30T11:00,23.9,16.4,161.0,5.9,7.6,54.0
2023-05-30T12:00,54.5,36.3,225.0,9.6,11.2,52.0
2023-05-30T13:00,53.8,35.3,228.0,9.4,11.1,53.0
2023-05-30T14:00,60.5,39.3,233.0,9.1,10.9,55.0
2023-05-30T15:00,71.2,45.6,233.0,9.0,10.5,57.0
2023-05-30T16:00,72.6,45.6,226.0,9.6,10.0,56.0
2023-05-30T17:00,53.7,31.8,216.0,10.5,9.4,54.0
2023-05-30T18:00,43.1,24.2,195.0,10.6,8.4,52.0
2023-05-30T19:00,36.2,19.7,171.0,8.7,7.2,54.0
2023-05-30T20:00,33.2,17.8,142.0,5.9,5.9,57.0
2023-05-30T21:00,32.1,17.2,109.0,2.7,4.4,60.0
2023-05-30T22:00,30.4,16.2,95.0,1.7,3.8,61.0
2023-05-30T23:00,29.9,15.9,86.0,1.3,3.5,61.0
2023-05-31T00:00,31.3,16.8,89.0,1.4,4.5,62.0
2023-05-31T01:00,31.4,16.8,85.0,1.1,4.2,62.0
2023-05-31T02:00,33.1,17.7,80.0,0.6,3.7,62.0
2023-05-31T03:00,33.1,17.8,82.0,0.7,3.5,61.0
2023-05-31T04:00,32.1,17.4,94.0,1.7,3.8,59.0
2023-05-31T05:00,32.2,17.8,112.0,3.2,4.4,57.0
2023-05-31T06:00,34.1,19.2,140.0,5.2,5.4,55.0
2023-05-31T07:00,36.2,20.8,167.0,6.6,6.3,54.0
2023-05-31T08:00,40.9,24.2,197.0,7.9,7.4,55.0
2023-05-31T09:00,48.1,29.6,225.0,8.6,8.6,57.0
2023-05-31T10:00,58.6,37.0,226.0,7.6,9.2,63.0
2023-05-31T11:00,68.0,43.5,216.0,5.6,9.6,71.0
2023-05-31T12:00,93.4,61.2,233.0,3.4,12.3,86.0
2023-05-31T13:00,88.7,58.1,230.0,4.8,12.3,78.0
2023-05-31T14:00,75.4,48.8,226.0,6.9,12.2,66.0
2023-05-31T15:00,61.5,39.0,224.0,9.8,12.0,53.0
2023-05-31T16:00,47.0,29.2,229.0,12.1,11.7,47.0
2023-05-31T17:00,38.9,23.9,237.0,14.5,11.3,44.0
2023-05-31T18:00,34.3,21.1,247.0,16.4,11.0,41.0
2023-05-31T19:00,32.4,19.9,252.0,16.0,11.0,41.0
2023-05-31T20:00,31.5,19.4,257.0,14.6,11.1,44.0
2023-05-31T21:00,32.2,20.1,259.0,12.7,11.4,46.0
2023-05-31T22:00,32.4,20.3,255.0,11.9,11.7,46.0
2023-05-31T23:00,32.2,20.3,248.0,11.2,12.0,46.0
2023-06-01T00:00,32.0,19.2,165.0,6.5,10.7,51.0
2023-06-01T01:00,34.1,20.8,148.0,5.3,10.6,52.0
2023-06-01T02:00,33.8,20.6,125.0,3.5,10.5,54.0
2023-06-01T03:00,33.1,20.3,113.0,2.4,10.7,54.0
2023-06-01T04:00,34.2,21.3,128.0,3.4,11.0,50.0
2023-06-01T05:00,39.5,25.0,156.0,5.4,11.5,44.0
2023-06-01T06:00,49.2,32.1,212.0,7.9,13.0,44.0
2023-06-01T07:00,65.0,43.3,279.0,9.3,15.5,56.0
2023-06-01T08:00,83.1,55.9,362.0,10.4,18.8,75.0
2023-06-01T09:00,101.5,68.2,440.0,10.5,21.7,98.0
2023-06-01T10:00,133.2,90.6,449.0,8.2,21.6,110.0
2023-06-01T11:00,163.0,111.8,433.0,4.7,20.3,120.0
2023-06-01T12:00,296.2,206.3,459.0,0.6,18.7,121.0
2023-06-01T13:00,266.4,184.9,448.0,1.2,19.7,116.0
2023-06-01T14:00,208.2,144.4,432.0,2.2,21.1,109.0
2023-06-01T15:00,143.9,99.4,425.0,5.9,21.9,95.0
2023-06-01T16:00,94.5,65.2,441.0,12.4,20.9,79.0
2023-06-01T17:00,76.8,53.2,469.0,21.0,19.0,58.0
2023-06-01T18:00,68.0,47.3,500.0,29.6,16.4,37.0
2023-06-01T19:00,57.9,40.3,503.0,31.3,14.8,30.0
2023-06-01T20:00,47.4,32.9,499.0,30.6,13.2,28.0
2023-06-01T21:00,42.8,29.9,514.0,29.5,11.5,25.0
2023-06-01T22:00,42.8,29.9,562.0,29.9,10.9,21.0
2023-06-01T23:00,45.5,31.9,628.0,30.4,10.6,16.0
2023-06-02T00:00,31.1,21.8,435.0,22.9,11.3,19.0
2023-06-02T01:00,35.3,24.7,442.0,21.7,10.5,17.0
2023-06-02T02:00,42.0,29.4,451.0,20.0,9.4,14.0
2023-06-02T03:00,50.1,35.0,447.0,17.8,8.7,13.0
2023-06-02T04:00,49.1,34.3,423.0,16.5,9.7,17.0
2023-06-02T05:00,38.9,27.1,386.0,15.3,11.4,23.0
2023-06-02T06:00,27.4,19.0,327.0,13.3,12.4,31.0
2023-06-02T07:00,18.1,12.4,273.0,10.9,11.0,34.0
2023-06-02T08:00,14.7,10.0,212.0,8.1,8.5,37.0
2023-06-02T09:00,15.8,10.7,148.0,5.0,5.7,41.0
2023-06-02T10:00,17.9,12.2,126.0,3.6,4.7,45.0
2023-06-02T11:00,19.8,13.2,119.0,2.6,4.2,50.0
2023-06-02T12:00,19.4,12.4,117.0,2.1,3.9,56.0
2023-06-02T13:00,17.8,10.9,120.0,2.6,3.8,57.0
2023-06-02T14:00,17.0,10.1,124.0,3.4,3.7,59.0
2023-06-02T15:00,15.8,9.2,129.0,4.2,3.6,60.0
2023-06-02T16:00,14.8,8.6,133.0,4.6,3.5,60.0
2023-06-02T17:00,13.2,7.8,137.0,4.8,3.4,58.0
2023-06-02T18:00,11.7,7.0,137.0,4.7,3.3,57.0
2023-06-02T19:00,10.0,6.0,130.0,4.1,3.1,56.0
2023-06-02T20:00,10.4,6.2,119.0,3.3,2.9,56.0
2023-06-02T21:00,10.7,6.3,104.0,2.2,2.6,56.0
2023-06-02T22:00,10.6,6.1,94.0,1.6,2.4,56.0
2023-06-02T23:00,9.7,5.6,84.0,1.2,2.2,56.0
2023-06-03T00:00,12.0,6.7,72.0,0.6,1.7,58.0
2023-06-03T01:00,14.0,7.7,69.0,0.5,1.7,58.0
2023-06-03T02:00,20.4,11.0,66.0,0.3,1.6,59.0
2023-06-03T03:00,24.9,13.3,66.0,0.4,1.7,60.0
2023-06-03T04:00,30.7,16.4,74.0,1.1,1.9,60.0
2023-06-03T05:00,33.8,17.9,86.0,2.1,2.3,61.0
2023-06-03T06:00,34.6,18.3,99.0,3.1,2.7,61.0
2023-06-03T07:00,35.2,18.7,103.0,3.2,2.9,60.0
2023-06-03T08:00,34.3,18.7,105.0,3.1,3.1,59.0
2023-06-03T09:00,34.6,19.0,108.0,2.9,3.5,58.0
2023-06-03T10:00,38.1,21.4,112.0,3.0,4.0,58.0
2023-06-03T11:00,40.9,23.3,116.0,3.1,4.7,57.0
2023-06-03T12:00,39.9,23.2,115.0,1.9,5.0,67.0
2023-06-03T13:00,37.1,21.1,120.0,2.9,5.4,64.0
2023-06-03T14:00,38.8,21.9,127.0,4.3,5.9,59.0
2023-06-03T15:00,36.0,20.1,138.0,6.1,6.7,54.0
2023-06-03T16:00,34.3,19.4,149.0,7.3,7.3,52.0
2023-06-03T17:00,37.1,21.4,161.0,8.4,8.0,52.0
2023-06-03T18:00,38.6,22.6,177.0,9.5,9.1,51.0
2023-06-03T19:00,41.8,24.7,190.0,9.7,10.2,51.0
2023-06-03T20:00,45.3,27.2,203.0,9.6,11.4,51.0
2023-06-03T21:00,45.9,27.7,213.0,9.3,12.9,50.0
2023-06-03T22:00,38.8,22.5,212.0,9.2,14.3,49.0
2023-06-03T23:00,34.7,20.0,206.0,9.1,15.7,47.0
2023-06-04T00:00,31.9,17.8,140.0,5.3,11.4,53.0
2023-06-04T01:00,30.4,16.8,124.0,4.2,9.6,54.0
2023-06-04T02:00,28.4,15.5,101.0,2.6,6.9,56.0
2023-06-04T03:00,25.2,13.6,79.0,1.2,4.1,58.0
2023-06-04T04:00,23.9,12.8,77.0,1.2,3.2,59.0
2023-06-04T05:00,24.0,12.9,82.0,1.7,2.8,60.0
2023-06-04T06:00,23.7,12.8,92.0,2.6,2.7,60.0
2023-06-04T07:00,22.4,12.4,101.0,3.3,3.0,59.0
2023-06-04T08:00,24.2,13.7,113.0,4.1,3.7,57.0
2023-06-04T09:00,25.5,14.8,122.0,4.6,4.3,56.0
2023-06-04T10:00,25.8,14.8,120.0,4.1,4.2,58.0
2023-06-04T11:00,28.6,16.5,113.0,3.1,3.8,62.0
2023-06-04T12:00,30.5,17.2,104.0,2.5,3.5,65.0
2023-06-04T13:00,32.4,17.5,103.0,2.7,3.4,63.0
2023-06-04T14:00,30.2,16.1,101.0,3.1,3.2,61.0
2023-06-04T15:00,32.9,17.3,99.0,3.3,2.9,59.0
2023-06-04T16:00,36.3,18.9,99.0,3.1,2.8,59.0
2023-06-04T17:00,29.8,15.3,99.0,2.8,2.6,59.0
2023-06-04T18:00,27.1,14.0,97.0,2.3,2.5,60.0
2023-06-04T19:00,25.6,13.2,94.0,1.9,2.5,60.0
2023-06-04T20:00,25.9,13.4,89.0,1.5,2.4,59.0
2023-06-04T21:00,26.0,13.4,83.0,1.0,2.4,58.0
2023-06-04T22:00,25.3,13.0,78.0,0.7,2.2,58.0
2023-06-04T23:00,24.0,12.3,73.0,0.4,2.0,58.0
2023-06-05T00:00,23.8,12.3,68.0,0.2,2.2,59.0
2023-06-05T01:00,23.7,12.2,65.0,0.0,2.0,60.0
2023-06-05T02:00,23.7,12.3,61.0,0.0,1.9,61.0
2023-06-05T03:00,22.6,11.8,68.0,0.2,2.6,61.0
2023-06-05T04:00,22.5,12.1,88.0,1.6,4.6,58.0
2023-06-05T05:00,23.6,13.2,117.0,3.6,7.5,53.0
2023-06-05T06:00,25.4,14.6,159.0,6.5,10.8,47.0
2023-06-05T07:00,27.8,16.5,196.0,9.0,12.5,42.0
2023-06-05T08:00,30.6,18.5,235.0,11.8,13.8,36.0
2023-06-05T09:00,33.3,20.5,261.0,13.5,14.1,32.0
2023-06-05T10:00,35.5,22.2,240.0,11.9,12.6,36.0
2023-06-05T11:00,36.2,22.4,196.0,8.8,10.0,43.0
2023-06-05T12:00,34.1,20.9,158.0,4.4,8.0,61.0
2023-06-05T13:00,28.9,17.3,160.0,4.9,8.2,61.0
2023-06-05T14:00,28.2,17.2,162.0,5.6,8.6,61.0
2023-06-05T15:00,30.9,19.3,170.0,7.0,9.2,59.0
2023-06-05T16:00,30.6,19.2,174.0,8.2,9.6,56.0
2023-06-05T17:00,28.1,17.6,179.0,9.6,10.0,53.0
2023-06-05T18:00,24.6,15.2,215.0,12.8,11.9,47.0
2023-06-05T19:00,24.5,15.3,275.0,17.0,15.5,42.0
2023-06-05T20:00,27.8,17.6,356.0,22.2,20.4,36.0
2023-06-05T21:00,35.9,23.5,486.0,28.8,24.9,28.0
2023-06-05T22:00,41.1,27.5,604.0,32.8,25.5,23.0
2023-06-05T23:00,45.6,31.0,738.0,36.3,24.6,19.0
2023-06-06T00:00,66.4,46.1,792.0,38.2,16.8,13.0
2023-06-06T01:00,76.4,53.2,881.0,39.8,14.9,11.0
2023-06-06T02:00,82.7,57.6,1006.0,42.1,12.2,7.0
2023-06-06T03:00,84.3,58.8,1121.0,44.5,10.5,4.0
2023-06-06T04:00,85.2,59.5,1111.0,45.2,11.3,2.0
2023-06-06T05:00,82.9,58.0,1055.0,45.3,13.5,0.0
2023-06-06T06:00,86.4,60.3,994.0,44.9,19.2,4.0
2023-06-06T07:00,99.2,69.4,1004.0,44.9,27.4,14.0
2023-06-06T08:00,117.8,82.2,1032.0,44.7,37.8,28.0
2023-06-06T09:00,105.5,73.3,1036.0,41.3,48.8,56.0
2023-06-06T10:00,109.0,75.9,976.0,33.8,51.9,89.0
2023-06-06T11:00,83.1,57.7,885.0,23.5,52.5,129.0
2023-06-06T12:00,342.7,239.3,1310.0,4.1,2.7,231.0
2023-06-06T13:00,360.4,252.4,1282.0,4.9,2.5,210.0
2023-06-06T14:00,356.7,249.6,1241.0,6.1,2.3,179.0
2023-06-06T15:00,345.5,241.2,1196.0,9.3,2.7,139.0
2023-06-06T16:00,334.3,233.8,1181.0,13.4,3.3,114.0
2023-06-06T17:00,326.9,228.6,1174.0,18.6,4.2,91.0
2023-06-06T18:00,316.6,221.2,1161.0,26.3,8.7,64.0
2023-06-06T19:00,266.4,186.3,1156.0,33.7,17.6,48.0
2023-06-06T20:00,181.6,127.1,1151.0,41.9,29.4,34.0
2023-06-06T21:00,153.7,107.3,1090.0,47.5,39.3,22.0
2023-06-06T22:00,122.9,85.7,969.0,44.3,37.4,19.0
2023-06-06T23:00,98.0,68.2,804.0,37.0,30.6,20.0
2023-06-07T00:00,133.2,93.1,1178.0,52.3,36.8,10.0
2023-06-07T01:00,82.9,57.7,949.0,41.6,30.0,16.0
2023-06-07T02:00,49.6,34.3,623.0,26.5,20.3,25.0
2023-06-07T03:00,28.8,19.7,269.0,10.1,9.7,35.0
2023-06-07T04:00,12.2,8.0,157.0,5.2,6.0,40.0
2023-06-07T05:00,6.9,4.3,115.0,3.6,4.3,44.0
2023-06-07T06:00,7.1,4.4,99.0,3.2,3.5,47.0
2023-06-07T07:00,9.0,5.8,101.0,3.2,3.8,46.0
2023-06-07T08:00,12.4,8.2,127.0,4.1,5.1,44.0
2023-06-07T09:00,16.8,11.1,152.0,5.0,6.4,42.0
2023-06-07T10:00,19.6,12.8,145.0,4.7,6.2,44.0
2023-06-07T11:00,20.0,13.2,129.0,4.0,5.6,48.0
2023-06-07T12:00,20.5,13.6,108.0,3.2,4.8,51.0
2023-06-07T13:00,18.5,12.2,107.0,3.6,4.6,50.0
2023-06-07T14:00,13.9,9.3,107.0,4.2,4.3,49.0
2023-06-07T15:00,9.8,6.7,106.0,4.8,3.9,47.0
2023-06-07T16:00,7.5,5.2,107.0,4.9,3.6,46.0
2023-06-07T17:00,6.2,4.3,108.0,4.8,3.2,45.0
2023-06-07T18:00,5.6,3.8,109.0,4.5,2.9,45.0
2023-06-07T19:00,4.8,3.2,109.0,4.2,3.0,46.0
2023-06-07T20:00,6.2,3.9,108.0,3.8,3.3,46.0
2023-06-07T21:00,7.5,4.6,104.0,3.1,3.5,48.0
2023-06-07T22:00,7.5,4.5,95.0,2.5,3.5,49.0
2023-06-07T23:00,7.6,4.5,83.0,1.8,3.3,51.0
2023-06-08T00:00,8.1,4.7,72.0,1.2,3.4,53.0
2023-06-08T01:00,9.8,5.6,71.0,1.0,3.4,52.0
2023-06-08T02:00,14.2,8.0,69.0,0.7,3.3,51.0
2023-06-08T03:00,17.6,9.9,72.0,0.8,3.3,50.0
2023-06-08T04:00,19.0,10.6,82.0,1.6,3.4,50.0
2023-06-08T05:00,19.4,10.9,97.0,2.8,3.5,50.0
2023-06-08T06:00,21.8,12.4,114.0,4.1,3.8,50.0
2023-06-08T07:00,25.7,14.7,121.0,4.6,4.1,50.0
2023-06-08T08:00,27.8,16.1,125.0,4.9,4.4,50.0
2023-06-08T09:00,29.9,17.6,128.0,5.0,4.9,50.0
2023-06-08T10:00,34.1,20.7,129.0,4.7,5.3,51.0
2023-06-08T11:00,37.5,23.1,128.0,4.2,5.7,53.0
2023-06-08T12:00,38.0,23.4,113.0,3.1,5.8,59.0
2023-06-08T13:00,33.5,20.3,114.0,3.7,5.9,58.0
2023-06-08T14:00,30.7,18.6,117.0,4.6,6.1,56.0
2023-06-08T15:00,29.0,17.5,125.0,5.9,6.6,53.0
2023-06-08T16:00,31.4,18.8,140.0,7.2,7.5,51.0
2023-06-08T17:00,35.9,21.1,159.0,8.8,8.5,50.0
2023-06-08T18:00,40.9,23.6,176.0,9.8,9.4,49.0
2023-06-08T19:00,41.9,23.9,176.0,9.2,9.0,50.0
2023-06-08T20:00,40.7,23.1,169.0,7.8,8.2,52.0
2023-06-08T21:00,37.8,21.5,154.0,5.8,7.2,55.0
2023-06-08T22:00,35.2,19.8,136.0,4.6,7.0,57.0
2023-06-08T23:00,31.9,17.9,114.0,3.4,7.1,58.0
2023-06-09T00:00,30.7,17.3,102.0,2.5,7.4,59.0
2023-06-09T01:00,28.3,16.1,99.0,2.2,7.5,59.0
2023-06-09T02:00,30.3,17.6,94.0,1.7,7.7,60.0
2023-06-09T03:00,34.9,21.1,90.0,1.3,8.0,60.0
2023-06-09T04:00,41.2,26.0,86.0,1.0,7.9,60.0
2023-06-09T05:00,53.1,34.3,82.0,0.9,7.7,59.0
2023-06-09T06:00,73.6,49.0,101.0,1.6,8.9,57.0
2023-06-09T07:00,101.3,68.7,149.0,3.6,12.2,55.0
2023-06-09T08:00,133.2,91.3,217.0,6.3,16.7,52.0
2023-06-09T09:00,143.4,99.0,296.0,9.5,21.8,50.0
2023-06-09T10:00,163.4,112.9,338.0,11.0,24.1,52.0
2023-06-09T11:00,125.7,86.6,372.0,12.0,25.6,56.0
2023-06-09T12:00,83.4,56.3,414.0,5.1,26.4,127.0
2023-06-09T13:00,72.6,48.8,376.0,6.0,23.7,113.0
2023-06-09T14:00,57.7,38.4,323.0,7.4,19.9,92.0
2023-06-09T15:00,48.5,31.8,273.0,9.9,16.1,69.0
2023-06-09T16:00,42.8,27.7,273.0,12.7,15.7,59.0
2023-06-09T17:00,40.2,26.0,290.0,16.1,16.6,53.0
2023-06-09T18:00,35.9,23.2,309.0,19.1,17.5,47.0
2023-06-09T19:00,31.7,20.6,312.0,19.2,17.6,44.0
2023-06-09T20:00,26.0,16.9,311.0,18.0,17.5,43.0
2023-06-09T21:00,23.0,15.0,289.0,15.3,16.4,43.0
2023-06-09T22:00,15.9,10.2,242.0,12.1,14.0,45.0
2023-06-09T23:00,12.4,7.8,177.0,8.1,10.8,49.0
2023-06-10T00:00,22.8,14.9,222.0,11.4,17.2,41.0
2023-06-10T01:00,19.9,13.1,203.0,9.8,16.8,41.0
2023-06-10T02:00,18.1,12.1,177.0,7.5,16.2,40.0
2023-06-10T03:00,17.1,11.6,159.0,5.7,15.6,39.0
2023-06-10T04:00,16.8,11.4,171.0,6.4,15.4,37.0
2023-06-10T05:00,17.6,12.1,196.0,8.1,15.4,34.0
2023-06-10T06:00,20.0,13.7,236.0,10.9,15.6,31.0
2023-06-10T07:00,22.9,15.7,277.0,13.8,16.3,28.0
2023-06-10T08:00,26.5,18.3,324.0,17.2,17.3,26.0
2023-06-10T09:00,29.0,20.0,347.0,19.0,17.1,26.0
2023-06-10T10:00,30.9,21.2,302.0,15.8,14.5,32.0
2023-06-10T11:00,22.9,15.6,223.0,10.3,10.6,41.0
2023-06-10T12:00,38.0,25.9,266.0,5.5,14.7,88.0
2023-06-10T13:00,34.6,23.5,259.0,6.6,14.5,81.0
2023-06-10T14:00,30.4,20.4,250.0,8.1,14.3,71.0
2023-06-10T15:00,29.1,19.5,241.0,10.3,14.0,58.0
2023-06-10T16:00,29.7,19.8,244.0,12.5,13.9,50.0
2023-06-10T17:00,27.4,18.3,250.0,14.9,13.9,43.0
2023-06-10T18:00,24.7,16.4,244.0,16.0,13.2,38.0
2023-06-10T19:00,14.5,9.3,215.0,13.6,11.6,40.0
2023-06-10T20:00,12.6,7.9,172.0,9.5,9.5,44.0
2023-06-10T21:00,11.7,7.2,124.0,4.8,7.1,50.0
2023-06-10T22:00,11.3,6.9,104.0,3.3,6.2,52.0
2023-06-10T23:00,11.0,6.6,92.0,2.6,5.8,52.0
2023-06-11T00:00,12.6,7.9,116.0,3.9,10.1,48.0
2023-06-11T01:00,12.1,7.5,110.0,3.3,9.5,48.0
2023-06-11T02:00,12.2,7.6,101.0,2.5,8.6,48.0
2023-06-11T03:00,12.5,7.8,99.0,2.2,7.6,47.0
2023-06-11T04:00,13.1,8.3,114.0,3.3,7.4,44.0
2023-06-11T05:00,13.9,8.8,138.0,5.1,7.4,41.0
2023-06-11T06:00,14.9,9.5,162.0,7.0,7.4,37.0
2023-06-11T07:00,15.5,10.1,166.0,7.3,7.1,36.0
2023-06-11T08:00,16.1,10.6,164.0,7.1,6.7,36.0
2023-06-11T09:00,16.4,10.9,156.0,6.5,6.1,38.0
2023-06-11T10:00,16.2,10.7,146.0,5.9,5.8,41.0
2023-06-11T11:00,17.8,11.9,133.0,5.0,5.5,46.0
2023-06-11T12:00,13.1,8.8,105.0,2.4,4.2,57.0
2023-06-11T13:00,13.4,8.8,104.0,3.0,4.1,55.0
2023-06-11T14:00,11.6,7.6,103.0,3.8,3.9,53.0
2023-06-11T15:00,13.4,8.1,104.0,4.6,3.7,51.0
2023-06-11T16:00,16.9,9.7,108.0,4.9,3.8,53.0
2023-06-11T17:00,19.2,10.8,115.0,5.0,3.9,57.0
2023-06-11T18:00,18.6,10.4,120.0,4.9,4.0,61.0
2023-06-11T19:00,17.9,9.9,120.0,4.6,3.9,62.0
2023-06-11T20:00,19.4,10.9,117.0,4.1,3.6,63.0
2023-06-11T21:00,18.8,10.6,111.0,3.4,3.5,63.0
2023-06-11T22:00,21.0,11.7,103.0,2.8,3.8,62.0
2023-06-11T23:00,25.1,13.8,94.0,2.2,4.2,61.0
2023-06-12T00:00,30.7,16.6,79.0,0.8,3.2,60.0
2023-06-12T01:00,35.5,19.2,78.0,0.6,3.4,59.0
2023-06-12T02:00,35.9,19.2,77.0,0.4,3.8,59.0
2023-06-12T03:00,34.6,18.5,78.0,0.5,4.0,58.0
2023-06-12T04:00,34.2,18.1,84.0,1.1,3.8,58.0
2023-06-12T05:00,36.9,19.5,93.0,2.0,3.5,59.0
2023-06-12T06:00,39.1,20.7,102.0,2.9,3.1,60.0
2023-06-12T07:00,40.2,21.2,102.0,2.9,3.0,62.0
2023-06-12T08:00,40.2,21.3,99.0,2.5,2.9,64.0
2023-06-12T09:00,43.4,23.2,95.0,2.0,2.8,66.0
2023-06-12T10:00,46.4,24.8,93.0,1.7,2.7,67.0
2023-06-12T11:00,48.8,26.3,91.0,1.4,2.7,69.0
2023-06-12T12:00,47.1,25.6,92.0,1.5,3.2,69.0
2023-06-12T13:00,43.7,23.6,92.0,1.9,3.2,68.0
2023-06-12T14:00,41.8,22.4,93.0,2.5,3.2,65.0
2023-06-12T15:00,38.4,20.3,97.0,3.2,3.3,63.0
2023-06-12T16:00,36.1,19.4,105.0,3.8,3.7,62.0
2023-06-12T17:00,35.0,18.8,116.0,4.4,4.3,61.0
2023-06-12T18:00,35.0,18.8,123.0,4.6,4.8,60.0
2023-06-12T19:00,37.1,19.7,118.0,4.0,4.6,60.0
2023-06-12T20:00,34.5,18.3,107.0,2.9,4.1,61.0
2023-06-12T21:00,32.9,17.5,93.0,1.7,3.4,62.0
2023-06-12T22:00,31.8,16.8,85.0,1.2,3.1,62.0
2023-06-12T23:00,33.9,17.8,76.0,0.8,2.8,62.0
2023-06-13T00:00,32.8,17.3,73.0,0.8,2.7,61.0
2023-06-13T01:00,34.1,17.9,71.0,0.6,2.6,61.0
2023-06-13T02:00,35.0,18.4,69.0,0.3,2.4,61.0
2023-06-13T03:00,35.2,18.5,71.0,0.4,2.4,60.0
2023-06-13T04:00,34.3,18.2,81.0,1.1,2.6,59.0
2023-06-13T05:00,35.9,19.0,96.0,2.3,2.9,58.0
2023-06-13T06:00,35.0,18.9,111.0,3.4,3.3,56.0
2023-06-13T07:00,36.7,20.0,115.0,3.6,3.6,55.0
2023-06-13T08:00,38.5,21.1,116.0,3.6,4.0,54.0
2023-06-13T09:00,37.3,20.8,115.0,3.3,4.2,54.0
2023-06-13T10:00,38.4,21.8,112.0,2.8,4.1,56.0
2023-06-13T11:00,39.3,22.4,106.0,2.2,3.8,58.0
2023-06-13T12:00,37.3,21.2,94.0,1.6,3.1,61.0
2023-06-13T13:00,34.1,19.2,95.0,2.1,3.2,59.0
2023-06-13T14:00,29.6,16.4,97.0,2.9,3.2,56.0
2023-06-13T15:00,28.9,15.9,99.0,3.7,3.3,52.0
2023-06-13T16:00,27.0,14.8,102.0,3.9,3.3,51.0
2023-06-13T17:00,27.8,15.3,106.0,3.9,3.3,50.0
2023-06-13T18:00,25.9,14.3,107.0,3.7,3.2,50.0
2023-06-13T19:00,25.1,13.9,103.0,3.3,3.0,50.0
2023-06-13T20:00,25.1,13.9,96.0,2.7,2.7,51.0
2023-06-13T21:00,24.9,13.7,86.0,2.0,2.4,52.0
2023-06-13T22:00,25.1,13.8,79.0,1.5,2.2,53.0
2023-06-13T23:00,24.0,13.2,73.0,1.1,2.1,54.0
2023-06-14T00:00,23.6,12.9,66.0,0.6,1.7,56.0
2023-06-14T01:00,25.5,13.9,66.0,0.4,1.6,57.0
2023-06-14T02:00,28.2,15.3,67.0,0.2,1.5,58.0
2023-06-14T03:00,32.2,17.2,72.0,0.3,1.6,60.0
2023-06-14T04:00,34.5,18.4,83.0,1.0,1.9,60.0
2023-06-14T05:00,35.5,19.0,97.0,2.0,2.5,60.0
2023-06-14T06:00,36.0,19.3,113.0,3.1,3.2,60.0
2023-06-14T07:00,38.6,20.8,120.0,3.6,3.8,59.0
2023-06-14T08:00,41.0,22.4,125.0,3.9,4.3,59.0
2023-06-14T09:00,43.1,24.0,129.0,4.2,5.0,58.0
2023-06-14T10:00,46.7,26.4,130.0,4.3,5.3,58.0
2023-06-14T11:00,48.2,27.4,129.0,4.2,5.6,59.0
2023-06-14T12:00,42.3,23.5,100.0,2.3,3.6,62.0
2023-06-14T13:00,40.3,22.2,101.0,2.6,3.6,62.0
2023-06-14T14:00,37.1,20.3,102.0,3.1,3.7,61.0
2023-06-14T15:00,34.5,18.7,107.0,3.8,3.9,60.0
2023-06-14T16:00,33.9,18.3,117.0,4.5,4.3,59.0
2023-06-14T17:00,32.8,17.9,130.0,5.4,4.9,57.0
2023-06-14T18:00,32.4,17.8,139.0,5.8,5.2,56.0
2023-06-14T19:00,30.5,16.8,130.0,5.0,4.7,56.0
2023-06-14T20:00,26.8,14.7,114.0,3.7,3.7,57.0
2023-06-14T21:00,24.9,13.6,96.0,2.2,2.9,57.0
2023-06-14T22:00,21.9,12.0,92.0,1.9,3.2,55.0
2023-06-14T23:00,17.5,9.8,92.0,2.0,3.9,53.0
2023-06-15T00:00,7.0,4.5,89.0,1.6,3.0,52.0
2023-06-15T01:00,3.7,2.6,87.0,1.2,2.6,54.0
2023-06-15T02:00,12.0,6.9,83.0,0.6,2.1,57.0
2023-06-15T03:00,39.1,20.7,83.0,0.3,1.6,61.0
2023-06-15T04:00,34.8,18.4,90.0,0.8,1.7,62.0
2023-06-15T05:00,32.9,17.5,101.0,1.7,2.1,63.0
2023-06-15T06:00,33.4,17.9,112.0,2.6,2.5,64.0
2023-06-15T07:00,38.4,20.6,113.0,2.6,2.6,64.0
2023-06-15T08:00,42.4,22.7,110.0,2.4,2.7,63.0
2023-06-15T09:00,42.4,23.2,110.0,2.1,3.0,63.0
2023-06-15T10:00,44.5,25.1,114.0,1.9,3.6,65.0
2023-06-15T11:00,45.6,26.7,121.0,1.8,4.3,69.0
2023-06-15T12:00,41.1,23.3,109.0,1.7,3.7,68.0
2023-06-15T13:00,40.2,23.2,117.0,2.5,4.4,67.0
2023-06-15T14:00,37.0,21.5,129.0,3.7,5.5,65.0
2023-06-15T15:00,34.8,20.2,151.0,5.8,7.1,61.0
2023-06-15T16:00,39.9,23.9,171.0,7.8,8.4,57.0
2023-06-15T17:00,54.0,34.1,194.0,10.2,9.8,53.0
2023-06-15T18:00,58.1,37.4,235.0,13.6,12.1,47.0
2023-06-15T19:00,54.9,35.2,292.0,17.2,14.9,41.0
2023-06-15T20:00,53.0,34.0,361.0,21.2,18.2,36.0
2023-06-15T21:00,42.3,26.4,396.0,22.8,19.7,32.0
2023-06-15T22:00,34.0,20.5,332.0,18.3,16.2,36.0
2023-06-15T23:00,29.0,16.8,220.0,10.6,10.3,43.0
2023-06-16T00:00,23.8,13.2,91.0,1.6,3.1,57.0
2023-06-16T01:00,22.5,12.5,87.0,1.3,2.7,58.0
2023-06-16T02:00,19.2,10.8,82.0,0.8,2.2,60.0
2023-06-16T03:00,15.6,9.1,79.0,0.5,1.7,61.0
2023-06-16T04:00,12.6,7.6,84.0,0.9,1.8,60.0
2023-06-16T05:00,10.8,6.8,93.0,1.6,2.0,58.0
2023-06-16T06:00,10.2,6.6,104.0,2.5,2.5,55.0
2023-06-16T07:00,11.1,7.3,112.0,3.0,3.0,54.0
2023-06-16T08:00,12.6,8.1,119.0,3.6,3.5,52.0
2023-06-16T09:00,15.5,9.8,124.0,3.9,4.0,52.0
2023-06-16T10:00,17.8,11.2,121.0,3.7,4.0,54.0
2023-06-16T11:00,19.6,12.4,114.0,3.1,3.7,57.0
2023-06-16T12:00,17.5,11.0,98.0,1.5,2.9,64.0
2023-06-16T13:00,17.1,10.7,102.0,2.2,3.1,61.0
2023-06-16T14:00,15.1,9.4,107.0,3.2,3.4,57.0
2023-06-16T15:00,12.4,7.8,112.0,4.2,3.7,53.0
2023-06-16T16:00,10.6,6.8,114.0,4.3,3.6,52.0
2023-06-16T17:00,9.7,6.1,114.0,4.1,3.3,53.0
2023-06-16T18:00,10.2,6.2,113.0,3.7,3.0,53.0
2023-06-16T19:00,11.1,6.6,110.0,3.3,2.9,53.0
2023-06-16T20:00,11.0,6.5,105.0,2.8,2.8,52.0
2023-06-16T21:00,11.3,6.6,98.0,2.1,2.6,52.0
2023-06-16T22:00,12.0,6.9,91.0,1.6,2.3,52.0
2023-06-16T23:00,12.2,6.9,83.0,1.2,2.0,52.0
2023-06-17T00:00,10.8,6.1,75.0,0.7,1.7,52.0
2023-06-17T01:00,12.1,6.9,75.0,0.6,1.8,52.0
2023-06-17T02:00,15.0,8.4,74.0,0.4,2.0,51.0
2023-06-17T03:00,19.4,10.7,79.0,0.6,2.3,52.0
2023-06-17T04:00,25.3,13.8,90.0,1.5,2.7,54.0
2023-06-17T05:00,31.5,17.2,105.0,2.7,3.2,56.0
2023-06-17T06:00,36.7,20.1,122.0,3.9,3.9,59.0
2023-06-17T07:00,40.0,22.0,129.0,4.1,4.4,60.0
2023-06-17T08:00,43.1,23.9,134.0,4.0,4.8,61.0
2023-06-17T09:00,46.0,25.7,134.0,3.7,5.1,62.0
2023-06-17T10:00,46.9,26.4,128.0,3.2,4.8,63.0
2023-06-17T11:00,46.1,25.9,117.0,2.6,4.3,64.0
2023-06-17T12:00,46.8,26.3,117.0,1.7,4.7,71.0
2023-06-17T13:00,44.8,25.1,119.0,2.3,4.9,69.0
2023-06-17T14:00,42.0,23.2,122.0,3.1,5.1,67.0
2023-06-17T15:00,38.2,20.9,129.0,4.3,5.6,63.0
2023-06-17T16:00,37.1,20.2,140.0,5.5,6.2,60.0
2023-06-17T17:00,36.6,20.1,154.0,6.8,7.0,58.0
2023-06-17T18:00,36.1,19.8,161.0,7.5,7.3,56.0
2023-06-17T19:00,33.4,18.0,148.0,6.4,6.5,57.0
2023-06-17T20:00,31.4,16.9,125.0,4.5,5.2,58.0
2023-06-17T21:00,30.2,16.1,98.0,2.3,3.7,60.0
2023-06-17T22:00,29.6,15.7,87.0,1.6,3.1,60.0
2023-06-17T23:00,29.0,15.4,79.0,1.4,2.7,60.0
2023-06-18T00:00,26.3,15.0,132.0,5.3,9.2,47.0
2023-06-18T01:00,25.6,14.3,122.0,4.3,8.3,47.0
2023-06-18T02:00,24.9,13.9,107.0,3.0,7.0,48.0
2023-06-18T03:00,24.0,13.4,93.0,1.7,5.4,49.0
2023-06-18T04:00,24.2,13.2,91.0,1.7,4.4,50.0
2023-06-18T05:00,23.9,13.0,94.0,2.1,3.6,52.0
2023-06-18T06:00,26.1,14.2,101.0,2.8,3.0,53.0
2023-06-18T07:00,24.0,13.3,111.0,3.5,3.4,52.0
2023-06-18T08:00,23.9,13.4,124.0,4.3,4.3,50.0
2023-06-18T09:00,25.4,15.0,134.0,4.9,5.1,49.0
2023-06-18T10:00,28.1,16.8,129.0,4.5,4.9,51.0
2023-06-18T11:00,32.0,18.8,118.0,3.7,4.4,55.0
2023-06-18T12:00,29.6,16.8,92.0,2.1,3.1,63.0
2023-06-18T13:00,28.8,16.1,90.0,2.3,3.0,63.0
2023-06-18T14:00,28.3,15.5,88.0,2.7,2.8,62.0
2023-06-18T15:00,26.2,14.2,87.0,3.0,2.6,62.0
2023-06-18T16:00,25.9,13.9,88.0,3.1,2.6,62.0
2023-06-18T17:00,26.3,14.1,91.0,3.2,2.6,61.0
2023-06-18T18:00,27.3,14.6,94.0,3.1,2.7,61.0
2023-06-18T19:00,29.3,15.5,95.0,3.0,2.8,61.0
2023-06-18T20:00,30.5,16.2,96.0,2.7,3.0,62.0
2023-06-18T21:00,30.7,16.4,93.0,2.3,3.0,63.0
2023-06-18T22:00,28.5,15.0,86.0,1.8,2.7,64.0
2023-06-18T23:00,28.5,14.8,75.0,1.2,2.1,66.0
2023-06-19T00:00,25.0,13.3,65.0,0.7,2.1,62.0
2023-06-19T01:00,28.9,15.3,66.0,0.6,1.9,63.0
2023-06-19T02:00,31.4,16.3,68.0,0.4,1.7,65.0
2023-06-19T03:00,31.1,16.3,72.0,0.3,1.5,66.0
2023-06-19T04:00,36.4,19.0,78.0,0.6,1.4,66.0
2023-06-19T05:00,41.9,21.9,85.0,1.1,1.5,66.0
2023-06-19T06:00,46.8,24.2,91.0,1.6,1.5,65.0
2023-06-19T07:00,46.8,24.2,91.0,1.5,1.6,64.0
2023-06-19T08:00,42.8,21.9,88.0,1.3,1.6,63.0
2023-06-19T09:00,37.4,19.3,84.0,1.0,1.7,62.0
2023-06-19T10:00,35.5,18.8,83.0,0.9,1.7,62.0
2023-06-19T11:00,34.5,18.5,82.0,0.8,1.7,63.0
2023-06-19T12:00,34.3,18.2,82.0,0.9,1.9,63.0
2023-06-19T13:00,34.3,18.3,85.0,1.4,2.1,62.0
2023-06-19T14:00,34.7,18.2,88.0,2.0,2.3,60.0
2023-06-19T15:00,34.7,18.0,91.0,2.5,2.4,59.0
2023-06-19T16:00,35.9,18.6,89.0,2.3,2.2,60.0
2023-06-19T17:00,33.5,17.3,86.0,1.8,1.9,61.0
2023-06-19T18:00,31.3,16.1,82.0,1.2,1.6,63.0
2023-06-19T19:00,32.4,16.6,81.0,1.0,1.6,63.0
2023-06-19T20:00,31.1,15.9,80.0,0.9,1.7,63.0
2023-06-19T21:00,29.5,15.1,78.0,0.7,1.8,63.0
2023-06-19T22:00,28.8,14.8,76.0,0.5,1.8,63.0
2023-06-19T23:00,27.9,14.4,73.0,0.4,1.8,64.0
2023-06-20T00:00,28.7,14.8,68.0,0.2,1.8,64.0
2023-06-20T01:00,26.1,13.4,68.0,0.1,1.6,64.0
2023-06-20T02:00,25.3,13.0,67.0,0.0,1.4,64.0
2023-06-20T03:00,24.2,12.5,69.0,0.1,1.3,64.0
2023-06-20T04:00,24.5,12.7,74.0,0.5,1.4,64.0
2023-06-20T05:00,24.7,12.8,80.0,1.1,1.7,63.0
2023-06-20T06:00,25.5,13.4,87.0,1.7,2.1,63.0
2023-06-20T07:00,26.3,13.9,89.0,1.9,2.5,63.0
2023-06-20T08:00,26.5,14.3,91.0,1.9,2.9,63.0
2023-06-20T09:00,28.2,15.4,92.0,1.8,3.3,64.0
2023-06-20T10:00,29.2,16.3,94.0,1.6,3.5,66.0
2023-06-20T11:00,29.5,16.6,96.0,1.4,3.6,68.0
2023-06-20T12:00,25.1,14.4,92.0,1.3,3.2,70.0
2023-06-20T13:00,24.6,14.0,94.0,1.8,3.3,68.0
2023-06-20T14:00,23.5,13.1,98.0,2.6,3.5,66.0
2023-06-20T15:00,22.6,12.5,101.0,3.3,3.6,63.0
2023-06-20T16:00,22.1,12.0,102.0,3.4,3.5,62.0
2023-06-20T17:00,21.0,11.4,103.0,3.3,3.3,63.0
2023-06-20T18:00,19.4,10.6,101.0,3.0,3.1,63.0
2023-06-20T19:00,18.7,10.2,97.0,2.7,3.0,63.0
2023-06-20T20:00,18.5,10.1,92.0,2.2,2.9,63.0
2023-06-20T21:00,18.3,10.0,85.0,1.7,2.8,63.0
2023-06-20T22:00,18.3,9.9,80.0,1.5,2.7,63.0
2023-06-20T23:00,18.2,9.8,75.0,1.3,2.6,62.0
2023-06-21T00:00,19.8,11.3,115.0,4.2,8.2,50.0
2023-06-21T01:00,19.3,11.0,110.0,3.6,8.3,49.0
2023-06-21T02:00,19.6,11.2,103.0,2.9,8.4,48.0
2023-06-21T03:00,19.4,11.3,107.0,2.8,8.8,45.0
2023-06-21T04:00,19.0,11.4,127.0,4.0,9.4,42.0
2023-06-21T05:00,21.3,12.9,156.0,6.0,10.2,38.0
2023-06-21T06:00,23.7,14.5,199.0,9.1,11.4,33.0
2023-06-21T07:00,26.2,16.2,236.0,12.0,12.4,30.0
2023-06-21T08:00,31.1,19.5,277.0,15.3,13.5,28.0
2023-06-21T09:00,38.1,24.0,314.0,18.0,14.8,28.0
2023-06-21T10:00,48.9,31.1,316.0,17.5,15.5,31.0
2023-06-21T11:00,51.0,32.0,303.0,15.7,16.1,35.0
2023-06-21T12:00,49.1,31.8,228.0,5.6,13.5,73.0
2023-06-21T13:00,53.3,34.6,259.0,8.2,16.6,69.0
2023-06-21T14:00,49.8,31.8,302.0,11.9,20.9,63.0
2023-06-21T15:00,54.5,35.0,342.0,15.8,23.8,54.0
2023-06-21T16:00,45.8,29.5,340.0,17.1,21.3,47.0
2023-06-21T17:00,30.9,20.0,321.0,17.5,16.4,39.0
2023-06-21T18:00,21.1,13.9,300.0,17.3,10.9,32.0
2023-06-21T19:00,15.4,10.1,297.0,16.4,9.5,31.0
2023-06-21T20:00,15.6,10.3,299.0,15.0,9.1,32.0
2023-06-21T21:00,17.0,11.4,297.0,13.2,9.0,34.0
2023-06-21T22:00,17.6,11.9,288.0,12.4,8.8,33.0
2023-06-21T23:00,17.2,11.8,276.0,11.8,8.8,32.0
2023-06-22T00:00,16.5,11.3,244.0,10.0,8.3,31.0
2023-06-22T01:00,17.8,12.2,234.0,8.8,8.3,31.0
2023-06-22T02:00,18.7,12.9,220.0,7.2,8.3,30.0
2023-06-22T03:00,20.1,13.9,219.0,6.4,8.6,28.0
2023-06-22T04:00,21.3,14.8,236.0,7.6,9.0,24.0
2023-06-22T05:00,23.2,16.1,266.0,9.8,9.7,19.0
2023-06-22T06:00,28.0,19.5,335.0,13.8,10.7,16.0
2023-06-22T07:00,36.2,25.3,433.0,18.6,11.4,20.0
2023-06-22T08:00,49.0,34.2,557.0,24.3,12.1,26.0
2023-06-22T09:00,67.8,47.3,672.0,28.7,14.4,36.0
2023-06-22T10:00,62.4,43.7,677.0,27.0,18.7,42.0
2023-06-22T11:00,61.5,42.8,641.0,22.6,24.2,47.0
2023-06-22T12:00,70.5,49.2,621.0,8.3,30.1,146.0
2023-06-22T13:00,71.9,50.2,581.0,7.7,28.4,133.0
2023-06-22T14:00,74.0,51.6,525.0,6.9,26.0,114.0
2023-06-22T15:00,77.1,53.8,503.0,10.1,22.3,86.0
2023-06-22T16:00,72.9,50.9,563.0,19.1,19.1,62.0
2023-06-22T17:00,70.3,49.0,664.0,31.6,15.5,35.0
2023-06-22T18:00,69.2,48.3,807.0,44.6,11.9,8.0
2023-06-22T19:00,69.6,48.7,922.0,47.9,11.0,1.0
2023-06-22T20:00,69.4,48.5,1044.0,48.0,11.0,2.0
2023-06-22T21:00,65.9,46.1,1120.0,46.4,11.1,4.0
2023-06-22T22:00,59.8,41.8,1061.0,45.3,10.7,2.0
2023-06-22T23:00,52.4,36.7,935.0,43.3,10.2,1.0
2023-06-23T00:00,41.8,29.2,693.0,34.2,9.5,5.0
2023-06-23T01:00,36.6,25.6,577.0,28.1,9.5,12.0
2023-06-23T02:00,28.1,19.7,413.0,19.4,9.4,22.0
2023-06-23T03:00,18.3,12.7,233.0,9.8,8.8,33.0
2023-06-23T04:00,10.4,6.8,175.0,6.5,7.4,37.0
2023-06-23T05:00,8.3,5.3,153.0,5.0,5.6,40.0
2023-06-23T06:00,8.6,5.5,140.0,3.9,3.8,42.0
2023-06-23T07:00,9.5,6.2,133.0,3.4,3.6,43.0
2023-06-23T08:00,11.8,7.7,134.0,3.4,3.9,44.0
2023-06-23T09:00,15.7,10.2,139.0,3.4,4.5,47.0
2023-06-23T10:00,20.7,13.5,140.0,3.0,4.7,52.0
2023-06-23T11:00,24.9,16.0,141.0,2.5,4.9,60.0
2023-06-23T12:00,28.7,17.5,119.0,3.0,4.2,59.0
2023-06-23T13:00,29.2,17.7,126.0,4.0,4.8,57.0
2023-06-23T14:00,28.2,16.9,137.0,5.5,5.7,54.0
2023-06-23T15:00,26.9,15.9,152.0,7.3,6.7,51.0
2023-06-23T16:00,24.9,14.7,163.0,8.3,7.0,50.0
2023-06-23T17:00,23.5,13.9,174.0,9.2,7.2,49.0
2023-06-23T18:00,21.5,12.6,185.0,9.7,7.4,48.0
2023-06-23T19:00,19.4,11.5,189.0,9.3,7.8,48.0
2023-06-23T20:00,18.0,10.9,189.0,8.5,8.2,49.0
2023-06-23T21:00,17.4,10.5,184.0,7.3,8.8,49.0
2023-06-23T22:00,16.4,10.0,172.0,6.5,9.3,48.0
2023-06-23T23:00,14.7,9.1,154.0,5.7,9.9,47.0
2023-06-24T00:00,10.3,6.3,87.0,1.8,4.2,52.0
2023-06-24T01:00,10.7,6.7,85.0,1.5,4.2,52.0
2023-06-24T02:00,9.7,6.1,82.0,1.2,4.3,52.0
2023-06-24T03:00,9.3,5.9,86.0,1.3,4.7,51.0
2023-06-24T04:00,9.4,6.0,91.0,1.9,5.0,50.0
2023-06-24T05:00,11.1,7.1,99.0,2.8,5.4,48.0
2023-06-24T06:00,15.9,10.1,144.0,5.5,7.7,47.0
2023-06-24T07:00,38.8,25.9,239.0,9.9,12.5,46.0
2023-06-24T08:00,53.3,35.9,365.0,15.6,18.8,46.0
2023-06-24T09:00,46.9,31.1,471.0,20.1,24.2,47.0
2023-06-24T10:00,45.3,29.5,449.0,18.4,23.2,50.0
2023-06-24T11:00,48.1,31.4,375.0,14.0,19.7,55.0
2023-06-24T12:00,60.1,41.2,469.0,13.9,29.7,83.0
2023-06-24T13:00,43.3,29.6,409.0,12.5,25.1,78.0
2023-06-24T14:00,41.2,27.8,323.0,10.5,18.5,71.0
2023-06-24T15:00,32.1,21.3,232.0,8.7,11.2,62.0
2023-06-24T16:00,24.4,15.9,208.0,9.0,8.8,55.0
2023-06-24T17:00,19.3,12.3,205.0,10.0,7.7,48.0
2023-06-24T18:00,16.6,10.6,204.0,10.7,6.9,42.0
2023-06-24T19:00,15.7,9.9,196.0,9.8,6.4,41.0
2023-06-24T20:00,15.1,9.4,188.0,8.2,6.2,43.0
2023-06-24T21:00,14.6,9.1,172.0,6.0,5.9,46.0
2023-06-24T22:00,13.0,7.9,152.0,4.7,5.5,48.0
2023-06-24T23:00,12.8,7.7,128.0,3.4,5.0,49.0
2023-06-25T00:00,13.2,8.3,110.0,2.5,4.2,49.0
2023-06-25T01:00,12.0,7.5,102.0,2.0,4.2,49.0
2023-06-25T02:00,10.5,6.6,92.0,1.2,4.2,50.0
2023-06-25T03:00,10.3,6.3,87.0,0.9,4.2,50.0
2023-06-25T04:00,11.0,6.7,99.0,1.8,4.3,49.0
2023-06-25T05:00,11.8,7.2,119.0,3.3,4.6,47.0
2023-06-25T06:00,11.2,7.0,142.0,4.8,4.8,46.0
2023-06-25T07:00,11.6,7.4,152.0,4.9,4.9,47.0
2023-06-25T08:00,13.1,8.3,159.0,4.5,5.0,50.0
2023-06-25T09:00,16.2,10.3,160.0,4.0,5.0,53.0
2023-06-25T10:00,18.5,12.0,151.0,3.7,4.8,54.0
2023-06-25T11:00,18.6,12.0,137.0,3.4,4.6,55.0
2023-06-25T12:00,15.1,10.0,125.0,1.8,4.4,64.0
2023-06-25T13:00,16.2,10.7,128.0,2.7,4.5,61.0
2023-06-25T14:00,14.7,9.6,132.0,3.9,4.6,57.0
2023-06-25T15:00,11.6,7.4,137.0,5.2,4.7,53.0
2023-06-25T16:00,9.5,6.0,140.0,5.6,4.5,52.0
2023-06-25T17:00,7.9,5.0,142.0,5.6,4.3,53.0
2023-06-25T18:00,6.8,4.2,143.0,5.4,4.0,54.0
2023-06-25T19:00,6.8,4.2,142.0,5.0,4.0,55.0
2023-06-25T20:00,7.2,4.4,140.0,4.4,4.1,56.0
2023-06-25T21:00,7.9,4.8,133.0,3.5,4.1,57.0
2023-06-25T22:00,8.8,5.2,121.0,2.8,3.9,58.0
2023-06-25T23:00,10.4,6.0,105.0,2.0,3.6,58.0
2023-06-26T00:00,5.1,3.3,101.0,1.5,3.5,59.0
2023-06-26T01:00,5.2,3.3,99.0,1.2,3.5,59.0
2023-06-26T02:00,5.8,3.8,96.0,0.8,3.5,58.0
2023-06-26T03:00,6.2,4.0,100.0,0.9,3.6,57.0
2023-06-26T04:00,5.5,3.5,116.0,2.0,4.0,55.0
2023-06-26T05:00,6.4,4.2,140.0,3.6,4.4,53.0
2023-06-26T06:00,7.7,5.1,165.0,5.2,5.0,52.0
2023-06-26T07:00,9.0,6.0,174.0,5.3,5.2,53.0
2023-06-26T08:00,10.8,7.2,179.0,4.9,5.4,55.0
2023-06-26T09:00,14.5,9.7,179.0,4.1,5.4,59.0
2023-06-26T10:00,16.1,10.8,172.0,3.4,5.2,62.0
2023-06-26T11:00,18.0,12.0,161.0,2.6,5.0,66.0
2023-06-26T12:00,23.2,15.7,154.0,2.1,4.6,68.0
2023-06-26T13:00,21.2,14.3,157.0,3.0,4.7,64.0
2023-06-26T14:00,18.5,12.3,161.0,4.2,4.9,59.0
2023-06-26T15:00,15.8,10.4,168.0,5.7,5.1,54.0
2023-06-26T16:00,14.3,9.5,178.0,6.6,5.1,54.0
2023-06-26T17:00,13.7,9.1,190.0,7.3,5.1,56.0
2023-06-26T18:00,13.1,8.7,199.0,7.6,5.0,59.0
2023-06-26T19:00,12.6,8.4,198.0,6.9,4.9,61.0
2023-06-26T20:00,13.2,8.8,192.0,5.8,4.9,62.0
2023-06-26T21:00,12.0,8.1,178.0,4.2,4.7,63.0
2023-06-26T22:00,9.7,6.5,161.0,3.3,4.4,62.0
2023-06-26T23:00,7.7,5.2,140.0,2.5,4.0,61.0
2023-06-27T00:00,9.8,6.6,143.0,2.9,5.4,55.0
2023-06-27T01:00,8.6,5.8,137.0,2.5,5.3,54.0
2023-06-27T02:00,8.6,5.8,129.0,1.8,5.3,53.0
2023-06-27T03:00,8.6,5.8,128.0,1.7,5.3,52.0
2023-06-27T04:00,7.6,5.1,140.0,2.6,5.4,51.0
2023-06-27T05:00,7.5,5.1,160.0,4.1,5.6,49.0
2023-06-27T06:00,7.9,5.5,189.0,6.1,6.1,47.0
2023-06-27T07:00,9.1,6.2,211.0,7.4,6.7,45.0
2023-06-27T08:00,13.0,8.9,235.0,8.6,7.4,44.0
2023-06-27T09:00,16.4,11.3,260.0,9.8,8.4,43.0
2023-06-27T10:00,22.1,15.3,268.0,10.0,9.1,44.0
2023-06-27T11:00,28.1,19.4,270.0,9.8,9.8,46.0
2023-06-27T12:00,18.1,12.5,319.0,17.9,23.7,41.0
2023-06-27T13:00,19.8,13.8,325.0,20.0,23.6,39.0
2023-06-27T14:00,20.9,14.5,333.0,23.1,23.5,36.0
2023-06-27T15:00,21.2,14.8,336.0,25.8,23.2,34.0
2023-06-27T16:00,21.2,14.8,327.0,25.9,22.9,34.0
2023-06-27T17:00,19.8,13.8,312.0,24.9,22.5,35.0
2023-06-27T18:00,17.7,12.3,283.0,22.4,21.1,38.0
2023-06-27T19:00,14.2,9.9,251.0,19.1,18.7,41.0
2023-06-27T20:00,11.8,8.1,211.0,14.8,15.6,46.0
2023-06-27T21:00,9.4,6.4,167.0,10.1,12.0,50.0
2023-06-27T22:00,7.3,4.9,144.0,8.1,10.0,51.0
2023-06-27T23:00,6.2,4.0,126.0,7.0,8.4,52.0
2023-06-28T00:00,25.6,17.9,421.0,28.4,30.1,23.0
2023-06-28T01:00,30.3,21.1,470.0,30.0,29.0,19.0
2023-06-28T02:00,31.9,22.3,541.0,32.2,27.4,13.0
2023-06-28T03:00,31.2,21.8,638.0,34.6,26.9,7.0
2023-06-28T04:00,29.3,20.5,702.0,35.0,28.9,1.0
2023-06-28T05:00,29.6,20.7,767.0,34.9,32.1,0.0
2023-06-28T06:00,36.3,25.4,857.0,35.9,37.1,3.0
2023-06-28T07:00,48.0,33.5,944.0,39.8,41.5,31.0
2023-06-28T08:00,58.2,40.7,1039.0,45.2,46.3,72.0
2023-06-28T09:00,66.8,46.7,1112.0,47.5,51.2,127.0
2023-06-28T10:00,82.0,57.4,1094.0,41.3,52.8,167.0
2023-06-28T11:00,75.9,53.1,1035.0,30.9,53.2,207.0
2023-06-28T12:00,28.6,19.7,325.0,12.1,22.7,97.0
2023-06-28T13:00,30.5,20.8,332.0,14.2,25.0,99.0
2023-06-28T14:00,31.8,21.5,343.0,17.2,28.3,102.0
2023-06-28T15:00,34.6,23.3,356.0,21.3,31.1,99.0
2023-06-28T16:00,46.2,31.2,367.0,24.7,30.9,86.0
2023-06-28T17:00,37.8,24.9,379.0,28.2,29.5,68.0
2023-06-28T18:00,32.9,21.2,372.0,29.9,26.3,48.0
2023-06-28T19:00,28.5,18.2,337.0,26.8,22.6,42.0
2023-06-28T20:00,23.6,14.8,285.0,21.2,18.0,40.0
2023-06-28T21:00,19.4,11.9,218.0,14.2,12.4,40.0
2023-06-28T22:00,16.2,9.7,179.0,10.6,9.2,43.0
2023-06-28T23:00,14.2,8.3,143.0,7.6,6.4,47.0
2023-06-29T00:00,11.3,6.4,130.0,6.9,5.3,50.0
2023-06-29T01:00,13.9,7.5,118.0,5.8,4.6,52.0
2023-06-29T02:00,18.7,10.0,100.0,4.2,3.5,54.0
2023-06-29T03:00,26.3,13.9,86.0,3.0,2.9,57.0
2023-06-29T04:00,29.4,15.5,91.0,3.6,3.7,58.0
2023-06-29T05:00,28.3,15.1,105.0,5.0,5.1,58.0
2023-06-29T06:00,28.6,15.5,118.0,6.4,6.5,58.0
2023-06-29T07:00,28.6,15.7,118.0,6.3,6.4,59.0
2023-06-29T08:00,28.8,15.7,114.0,5.7,5.8,60.0
2023-06-29T09:00,29.3,15.8,109.0,4.9,5.0,62.0
2023-06-29T10:00,26.5,14.2,106.0,4.4,4.5,63.0
2023-06-29T11:00,25.7,13.8,104.0,3.9,4.0,63.0
2023-06-29T12:00,27.6,14.9,100.0,3.4,3.5,64.0
2023-06-29T13:00,31.8,17.2,104.0,4.3,3.8,62.0
2023-06-29T14:00,35.3,19.0,110.0,5.5,4.3,60.0
2023-06-29T15:00,38.5,20.5,118.0,6.8,5.0,57.0
2023-06-29T16:00,42.0,22.3,123.0,7.2,5.7,56.0
2023-06-29T17:00,44.9,23.8,128.0,7.4,6.5,55.0
2023-06-29T18:00,46.6,24.7,133.0,7.4,7.3,54.0
2023-06-29T19:00,46.1,24.6,136.0,7.3,7.7,53.0
2023-06-29T20:00,44.9,24.0,138.0,7.1,8.0,53.0
2023-06-29T21:00,43.4,23.2,134.0,6.5,7.8,53.0
2023-06-29T22:00,41.9,22.4,123.0,5.6,6.7,53.0
2023-06-29T23:00,39.2,20.7,106.0,4.5,5.0,54.0
2023-06-30T00:00,36.6,19.4,100.0,4.8,4.3,51.0
2023-06-30T01:00,35.7,18.9,96.0,4.2,3.9,52.0
2023-06-30T02:00,35.4,18.5,90.0,3.4,3.4,54.0
2023-06-30T03:00,33.5,17.6,91.0,3.3,3.6,55.0
2023-06-30T04:00,32.1,16.9,106.0,4.9,5.2,53.0
2023-06-30T05:00,31.3,16.8,127.0,7.4,7.7,51.0
2023-06-30T06:00,33.1,18.2,154.0,10.0,10.5,48.0
2023-06-30T07:00,34.1,19.2,169.0,10.6,11.8,48.0
2023-06-30T08:00,33.6,19.0,182.0,10.6,12.8,49.0
2023-06-30T09:00,32.9,18.6,188.0,10.0,13.1,52.0
2023-06-30T10:00,31.8,17.7,177.0,8.7,12.0,57.0
2023-06-30T11:00,29.7,16.4,156.0,7.0,10.1,63.0
2023-06-30T12:00,21.0,11.6,109.0,4.2,6.3,63.0
2023-06-30T13:00,18.7,10.5,111.0,5.1,6.3,61.0
2023-06-30T14:00,17.4,9.9,113.0,6.3,6.2,59.0
2023-06-30T15:00,16.9,9.7,120.0,8.0,6.7,56.0
2023-06-30T16:00,17.0,9.8,130.0,9.2,7.8,53.0
2023-06-30T17:00,17.6,10.3,143.0,10.5,9.2,50.0
2023-06-30T18:00,18.3,11.0,159.0,11.7,10.9,47.0
2023-06-30T19:00,18.2,11.2,169.0,12.1,11.8,45.0
2023-06-30T20:00,16.6,10.4,178.0,12.2,12.6,44.0
2023-06-30T21:00,15.0,9.5,183.0,11.9,12.8,42.0
2023-06-30T22:00,13.1,8.5,176.0,11.4,11.8,41.0
2023-06-30T23:00,11.0,7.2,164.0,10.6,10.1,40.0
2023-07-01T00:00,9.0,6.0,143.0,9.0,7.8,43.0
2023-07-01T01:00,7.8,5.3,140.0,8.4,7.6,44.0
2023-07-01T02:00,7.8,5.2,135.0,7.6,7.4,45.0
2023-07-01T03:00,7.9,5.4,148.0,8.2,8.6,44.0
2023-07-01T04:00,8.4,5.8,186.0,11.6,11.7,39.0
2023-07-01T05:00,11.1,7.7,239.0,16.5,15.9,33.0
2023-07-01T06:00,17.2,12.0,296.0,21.0,20.5,31.0
2023-07-01T07:00,23.7,16.4,316.0,21.1,22.1,40.0
2023-07-01T08:00,23.5,16.2,325.0,19.5,22.9,54.0
2023-07-01T09:00,23.5,16.1,318.0,16.7,22.7,71.0
2023-07-01T10:00,21.8,14.7,292.0,14.1,21.2,81.0
2023-07-01T11:00,18.5,12.1,251.0,11.0,18.8,89.0
2023-07-01T12:00,20.7,13.4,241.0,10.6,17.9,97.0
2023-07-01T13:00,21.9,14.0,254.0,13.3,19.1,93.0
2023-07-01T14:00,25.5,16.4,272.0,17.1,21.0,88.0
2023-07-01T15:00,28.1,18.2,303.0,23.1,23.9,77.0
2023-07-01T16:00,34.3,22.8,331.0,28.5,26.5,63.0
2023-07-01T17:00,30.7,20.5,364.0,34.5,29.4,46.0
2023-07-01T18:00,32.8,22.2,407.0,40.6,33.4,27.0
2023-07-01T19:00,34.2,23.2,440.0,42.4,37.1,21.0
2023-07-01T20:00,36.0,24.6,473.0,42.7,41.0,19.0
2023-07-01T21:00,38.4,26.4,503.0,42.2,43.4,17.0
2023-07-01T22:00,39.3,27.0,503.0,41.4,40.7,16.0
2023-07-01T23:00,36.4,25.0,492.0,40.2,35.6,15.0
2023-07-02T00:00,29.6,20.4,418.0,33.4,34.5,21.0
2023-07-02T01:00,29.3,20.2,364.0,28.9,30.4,25.0
2023-07-02T02:00,14.7,9.9,288.0,22.5,24.6,31.0
2023-07-02T03:00,15.0,10.1,232.0,17.2,20.5,35.0
2023-07-02T04:00,17.3,11.8,257.0,18.9,22.9,29.0
2023-07-02T05:00,21.1,14.4,318.0,23.3,28.1,18.0
2023-07-02T06:00,29.8,20.5,426.0,28.8,36.0,19.0
2023-07-02T07:00,39.2,27.2,540.0,31.5,42.7,43.0
2023-07-02T08:00,51.6,35.9,676.0,33.7,50.1,79.0
2023-07-02T09:00,63.1,43.9,786.0,33.2,54.9,125.0
2023-07-02T10:00,70.8,49.2,762.0,27.6,51.3,155.0
2023-07-02T11:00,59.0,40.6,681.0,19.1,43.7,183.0
2023-07-02T12:00,45.6,31.4,553.0,11.3,33.9,205.0
2023-07-02T13:00,41.9,28.6,507.0,13.0,30.1,185.0
2023-07-02T14:00,37.3,25.3,442.0,15.6,24.9,156.0
2023-07-02T15:00,31.7,21.6,392.0,20.7,20.9,118.0
2023-07-02T16:00,30.0,20.6,413.0,27.1,23.1,91.0
2023-07-02T17:00,34.1,23.5,465.0,35.0,28.0,65.0
2023-07-02T18:00,40.6,28.1,535.0,43.1,33.7,38.0
2023-07-02T19:00,44.9,31.2,583.0,45.5,36.2,28.0
2023-07-02T20:00,36.6,25.3,631.0,45.9,37.9,25.0
2023-07-02T21:00,40.4,28.0,654.0,44.5,37.2,24.0
2023-07-02T22:00,37.8,26.2,616.0,42.0,32.5,24.0
2023-07-02T23:00,31.7,21.8,547.0,38.1,25.4,25.0
2023-07-03T00:00,18.0,12.3,280.0,20.9,17.0,39.0
2023-07-03T01:00,16.0,10.8,250.0,18.6,14.9,40.0
2023-07-03T02:00,13.5,9.0,208.0,15.3,11.9,41.0
2023-07-03T03:00,12.2,8.0,184.0,13.2,10.5,40.0
2023-07-03T04:00,12.4,8.3,208.0,15.1,13.0,34.0
2023-07-03T05:00,15.4,10.4,256.0,18.9,17.5,25.0
2023-07-03T06:00,23.2,15.8,351.0,24.0,25.2,26.0
2023-07-03T07:00,31.5,21.7,457.0,27.6,32.4,42.0
2023-07-03T08:00,44.0,30.4,586.0,31.3,40.8,68.0
2023-07-03T09:00,56.9,39.5,740.0,33.3,51.2,112.0
2023-07-03T10:00,68.0,47.0,839.0,30.4,59.0,162.0
2023-07-03T11:00,82.0,56.6,926.0,25.2,66.5,222.0
2023-07-03T12:00,46.9,32.4,495.0,13.5,36.0,190.0
2023-07-03T13:00,46.9,32.2,472.0,14.5,32.8,178.0
2023-07-03T14:00,48.0,32.9,441.0,16.1,28.3,160.0
2023-07-03T15:00,41.6,28.2,411.0,19.2,24.4,131.0
2023-07-03T16:00,33.6,22.4,405.0,22.9,25.0,104.0
2023-07-03T17:00,31.8,20.9,408.0,27.5,27.5,74.0
2023-07-03T18:00,38.4,25.4,438.0,32.9,31.4,42.0
2023-07-03T19:00,39.6,26.4,504.0,36.4,35.2,29.0
2023-07-03T20:00,45.8,31.0,594.0,39.5,39.5,23.0
2023-07-03T21:00,49.7,33.9,661.0,40.7,41.5,19.0
2023-07-03T22:00,40.9,27.5,629.0,37.9,37.4,18.0
2023-07-03T23:00,36.1,24.0,554.0,32.9,30.3,21.0
2023-07-04T00:00,31.5,21.1,542.0,34.3,27.7,21.0
2023-07-04T01:00,28.3,18.7,494.0,30.4,23.8,23.0
2023-07-04T02:00,25.2,16.4,427.0,24.8,18.5,25.0
2023-07-04T03:00,22.3,14.2,365.0,20.3,14.6,28.0
2023-07-04T04:00,21.5,13.0,317.0,18.0,13.6,30.0
2023-07-04T05:00,25.5,14.9,274.0,16.7,14.0,31.0
2023-07-04T06:00,31.0,18.1,235.0,14.9,13.9,35.0
2023-07-04T07:00,36.2,21.3,198.0,11.7,12.2,42.0
2023-07-04T08:00,33.1,18.3,165.0,7.9,10.0,51.0
2023-07-04T09:00,31.3,17.2,140.0,5.1,8.2,58.0
2023-07-04T10:00,29.4,16.2,127.0,3.9,7.1,62.0
2023-07-04T11:00,28.5,15.7,122.0,3.5,6.5,64.0
2023-07-04T12:00,29.3,15.8,115.0,3.8,6.3,64.0
2023-07-04T13:00,27.1,14.6,112.0,4.0,5.7,62.0
2023-07-04T14:00,25.0,13.4,108.0,4.4,5.0,60.0
2023-07-04T15:00,23.5,12.6,107.0,4.7,4.6,58.0
2023-07-04T16:00,22.6,12.2,111.0,5.1,4.9,57.0
2023-07-04T17:00,22.1,12.0,117.0,5.6,5.6,56.0
2023-07-04T18:00,21.5,11.8,121.0,5.8,6.0,56.0
2023-07-04T19:00,20.7,11.4,122.0,5.6,6.0,56.0
2023-07-04T20:00,19.2,10.6,121.0,5.1,5.8,57.0
2023-07-04T21:00,16.7,9.3,118.0,4.6,5.5,57.0
2023-07-04T22:00,14.0,7.8,111.0,4.1,4.9,57.0
2023-07-04T23:00,11.5,6.4,102.0,3.6,4.1,58.0
2023-07-05T00:00,11.1,6.4,116.0,4.7,4.6,54.0
2023-07-05T01:00,10.3,5.9,111.0,4.2,4.3,55.0
2023-07-05T02:00,9.3,5.4,106.0,3.6,4.0,55.0
2023-07-05T03:00,8.6,5.0,108.0,3.8,4.3,55.0
2023-07-05T04:00,9.3,5.4,126.0,5.5,5.8,53.0
2023-07-05T05:00,10.9,6.4,151.0,8.0,8.0,49.0
2023-07-05T06:00,13.5,8.3,171.0,9.6,9.7,48.0
2023-07-05T07:00,15.7,9.8,179.0,9.4,10.6,50.0
2023-07-05T08:00,15.1,9.5,181.0,8.4,11.0,55.0
2023-07-05T09:00,14.7,9.2,180.0,7.4,11.2,59.0
2023-07-05T10:00,13.9,8.8,175.0,6.5,11.0,63.0
2023-07-05T11:00,13.8,8.8,168.0,5.6,10.6,68.0
2023-07-05T12:00,11.5,7.1,139.0,4.9,8.7,66.0
2023-07-05T13:00,9.9,6.3,140.0,6.1,8.9,62.0
2023-07-05T14:00,10.3,6.8,145.0,8.0,9.4,57.0
2023-07-05T15:00,11.5,7.7,170.0,11.3,11.0,50.0
2023-07-05T16:00,14.0,9.5,228.0,17.5,14.6,40.0
2023-07-05T17:00,18.5,12.7,308.0,25.2,19.2,27.0
2023-07-05T18:00,23.0,15.8,390.0,30.6,23.3,18.0
2023-07-05T19:00,26.8,18.5,480.0,31.8,26.8,14.0
2023-07-05T20:00,29.5,20.5,572.0,30.8,29.7,13.0
2023-07-05T21:00,32.0,22.3,635.0,29.7,30.4,13.0
2023-07-05T22:00,31.7,22.1,648.0,29.1,27.0,12.0
2023-07-05T23:00,28.5,19.9,630.0,28.5,21.4,12.0
2023-07-06T00:00,22.5,15.8,493.0,26.3,16.9,12.0
2023-07-06T01:00,21.3,14.9,475.0,24.4,15.5,12.0
2023-07-06T02:00,19.6,13.7,453.0,22.0,13.7,13.0
2023-07-06T03:00,17.6,12.3,453.0,21.0,14.2,13.0
2023-07-06T04:00,16.6,11.6,505.0,23.2,19.3,10.0
2023-07-06T05:00,19.6,13.7,579.0,26.9,26.6,6.0
2023-07-06T06:00,29.0,20.3,618.0,28.9,31.2,8.0
2023-07-06T07:00,38.5,26.8,596.0,28.0,31.0,23.0
2023-07-06T08:00,36.8,25.6,539.0,25.5,28.0,45.0
2023-07-06T09:00,26.5,18.4,467.0,21.9,24.0,61.0
2023-07-06T10:00,15.9,11.0,369.0,16.4,18.4,66.0
2023-07-06T11:00,10.0,6.9,255.0,9.8,11.6,66.0
2023-07-06T12:00,10.2,6.9,191.0,6.4,9.0,70.0
2023-07-06T13:00,7.7,5.1,187.0,7.3,8.3,66.0
2023-07-06T14:00,7.3,4.7,181.0,8.6,7.3,59.0
2023-07-06T15:00,8.3,5.2,179.0,9.5,6.8,54.0
2023-07-06T16:00,9.4,5.9,185.0,10.0,7.1,51.0
2023-07-06T17:00,11.2,6.9,194.0,10.2,7.8,48.0
2023-07-06T18:00,14.2,8.6,196.0,9.9,8.2,47.0
2023-07-06T19:00,17.1,10.4,187.0,9.0,7.8,48.0
2023-07-06T20:00,19.3,11.7,171.0,7.6,7.1,50.0
2023-07-06T21:00,20.1,12.2,155.0,6.4,6.3,51.0
2023-07-06T22:00,19.4,11.6,138.0,5.5,5.3,51.0
2023-07-06T23:00,18.5,10.9,121.0,4.7,4.2,51.0
2023-07-07T00:00,15.9,9.7,99.0,3.8,3.4,52.0
2023-07-07T01:00,15.9,9.6,95.0,3.6,3.3,53.0
2023-07-07T02:00,16.2,9.7,90.0,3.4,3.2,53.0
2023-07-07T03:00,16.6,10.0,91.0,3.7,3.5,53.0
2023-07-07T04:00,17.3,10.4,104.0,5.1,4.7,51.0
2023-07-07T05:00,18.2,11.1,122.0,6.9,6.4,48.0
2023-07-07T06:00,18.3,11.5,134.0,8.0,7.4,46.0
2023-07-07T07:00,17.6,11.3,132.0,7.6,7.3,47.0
2023-07-07T08:00,15.5,9.7,123.0,6.5,6.6,49.0
2023-07-07T09:00,14.9,9.4,114.0,5.5,5.8,52.0
2023-07-07T10:00,15.9,9.6,107.0,4.9,5.0,54.0
2023-07-07T11:00,18.0,10.5,100.0,4.5,4.0,57.0
2023-07-07T12:00,17.6,9.8,97.0,4.4,3.7,60.0
2023-07-07T13:00,23.0,12.6,97.0,4.6,3.7,61.0
2023-07-07T14:00,28.7,15.5,98.0,4.8,3.8,62.0
2023-07-07T15:00,31.3,16.8,100.0,5.1,4.0,62.0
2023-07-07T16:00,30.9,16.5,104.0,5.4,4.6,61.0
2023-07-07T17:00,30.3,16.3,110.0,5.7,5.3,60.0
2023-07-07T18:00,29.9,16.1,113.0,5.7,5.7,59.0
2023-07-07T19:00,31.2,16.6,112.0,5.2,5.5,60.0
2023-07-07T20:00,32.1,17.0,109.0,4.4,4.9,62.0
2023-07-07T21:00,32.4,17.0,105.0,3.6,4.2,63.0
2023-07-07T22:00,32.1,16.7,101.0,2.8,3.2,63.0
2023-07-07T23:00,32.1,16.5,96.0,1.9,2.1,63.0
2023-07-08T00:00,33.3,17.2,90.0,1.7,1.7,63.0
2023-07-08T01:00,40.0,20.7,88.0,1.6,1.5,62.0
2023-07-08T02:00,36.4,18.7,85.0,1.4,1.3,60.0
2023-07-08T03:00,34.3,17.7,83.0,1.4,1.2,59.0
2023-07-08T04:00,31.1,16.0,83.0,1.7,1.5,59.0
2023-07-08T05:00,33.9,17.3,84.0,2.2,2.1,59.0
2023-07-08T06:00,31.4,15.9,85.0,2.6,2.5,60.0
2023-07-08T07:00,28.4,14.5,87.0,2.6,2.8,61.0
2023-07-08T08:00,29.8,15.4,89.0,2.5,3.0,62.0
2023-07-08T09:00,32.9,17.1,90.0,2.4,3.1,63.0
2023-07-08T10:00,35.4,18.3,90.0,2.3,3.0,63.0
2023-07-08T11:00,35.2,18.0,89.0,2.2,2.8,63.0
2023-07-08T12:00,32.2,16.6,92.0,2.3,3.2,64.0
2023-07-08T13:00,27.6,14.1,93.0,2.7,3.1,63.0
2023-07-08T14:00,28.2,14.4,94.0,3.1,3.0,61.0
2023-07-08T15:00,29.2,14.8,95.0,3.4,2.9,60.0
2023-07-08T16:00,27.5,13.9,96.0,3.3,3.0,60.0
2023-07-08T17:00,27.8,14.2,97.0,3.0,3.2,61.0
2023-07-08T18:00,29.3,15.0,97.0,2.7,3.3,61.0
2023-07-08T19:00,27.6,14.1,94.0,2.6,3.2,60.0
2023-07-08T20:00,26.4,13.6,91.0,2.5,3.1,59.0
2023-07-08T21:00,25.6,13.2,86.0,2.3,2.8,58.0
2023-07-08T22:00,25.1,12.8,80.0,2.0,2.3,58.0
2023-07-08T23:00,27.8,14.1,74.0,1.6,1.6,57.0
2023-07-09T00:00,27.9,14.2,72.0,1.7,1.5,57.0
2023-07-09T01:00,27.1,13.8,70.0,1.5,1.3,57.0
2023-07-09T02:00,26.1,13.3,67.0,1.3,1.0,57.0
2023-07-09T03:00,24.5,12.5,71.0,1.7,1.5,56.0
2023-07-09T04:00,24.5,12.6,84.0,3.1,3.1,54.0
2023-07-09T05:00,24.8,13.0,103.0,5.0,5.3,52.0
2023-07-09T06:00,25.3,13.5,124.0,6.5,7.6,51.0
2023-07-09T07:00,30.2,16.4,151.0,7.5,10.4,54.0
2023-07-09T08:00,32.8,18.0,178.0,8.1,13.2,58.0
2023-07-09T09:00,32.7,18.0,190.0,8.0,14.4,61.0
2023-07-09T10:00,30.0,16.4,171.0,6.7,12.5,63.0
2023-07-09T11:00,23.3,12.5,136.0,4.7,8.9,63.0
2023-07-09T12:00,22.1,11.8,104.0,3.1,6.8,66.0
2023-07-09T13:00,18.0,9.6,100.0,3.4,6.1,64.0
2023-07-09T14:00,16.5,8.8,95.0,3.9,5.2,61.0
2023-07-09T15:00,17.5,9.3,93.0,4.4,4.7,58.0
2023-07-09T16:00,19.8,10.6,97.0,4.9,5.0,56.0
2023-07-09T17:00,21.3,11.4,105.0,5.3,5.8,55.0
2023-07-09T18:00,22.5,12.1,110.0,5.5,6.3,54.0
2023-07-09T19:00,23.5,12.7,111.0,5.3,6.4,54.0
2023-07-09T20:00,22.8,12.3,109.0,4.8,6.3,54.0
2023-07-09T21:00,22.6,12.2,107.0,4.4,6.1,54.0
2023-07-09T22:00,21.1,11.5,105.0,4.3,5.7,54.0
2023-07-09T23:00,21.8,11.9,103.0,4.2,5.2,53.0
2023-07-10T00:00,19.2,10.5,121.0,5.4,5.6,51.0
2023-07-10T01:00,19.2,10.4,111.0,4.7,5.1,52.0
2023-07-10T02:00,18.7,10.2,99.0,3.9,4.5,53.0
2023-07-10T03:00,18.7,10.0,103.0,4.3,5.2,52.0
2023-07-10T04:00,17.9,9.8,141.0,7.5,8.6,47.0
2023-07-10T05:00,19.2,10.8,195.0,12.1,13.3,41.0
2023-07-10T06:00,23.3,14.0,229.0,14.6,16.4,39.0
2023-07-10T07:00,27.7,17.3,223.0,13.3,16.5,45.0
2023-07-10T08:00,23.5,14.4,197.0,10.0,15.0,55.0
2023-07-10T09:00,18.5,10.9,173.0,7.2,13.4,63.0
2023-07-10T10:00,17.4,10.2,157.0,5.8,12.0,67.0
2023-07-10T11:00,16.1,9.3,143.0,4.8,10.5,68.0
2023-07-10T12:00,21.9,14.0,216.0,8.6,21.7,91.0
2023-07-10T13:00,20.5,12.8,190.0,8.0,18.1,84.0
2023-07-10T14:00,18.7,11.1,154.0,7.2,13.1,73.0
2023-07-10T15:00,17.2,9.6,131.0,7.0,9.5,64.0
2023-07-10T16:00,16.2,9.0,131.0,8.1,8.8,57.0
2023-07-10T17:00,16.2,9.2,144.0,9.8,9.5,51.0
2023-07-10T18:00,16.5,9.7,157.0,11.0,10.3,47.0
2023-07-10T19:00,17.0,10.1,170.0,11.3,11.0,45.0
2023-07-10T20:00,17.5,10.5,185.0,11.0,11.9,45.0
2023-07-10T21:00,17.1,10.3,192.0,10.6,12.0,45.0
2023-07-10T22:00,16.4,10.0,186.0,9.9,10.8,45.0
2023-07-10T23:00,14.2,8.6,172.0,9.0,8.9,45.0
2023-07-11T00:00,13.6,8.5,202.0,11.0,8.9,40.0
2023-07-11T01:00,11.6,7.3,186.0,9.6,8.1,41.0
2023-07-11T02:00,10.3,6.5,165.0,7.8,7.2,42.0
2023-07-11T03:00,9.6,6.1,167.0,7.8,7.8,42.0
2023-07-11T04:00,9.7,6.2,209.0,11.3,11.2,36.0
2023-07-11T05:00,12.5,8.2,272.0,16.6,16.1,28.0
2023-07-11T06:00,19.7,13.3,330.0,20.2,20.4,29.0
2023-07-11T07:00,28.0,19.2,381.0,20.7,23.4,45.0
2023-07-11T08:00,30.2,20.7,426.0,19.6,25.8,70.0
2023-07-11T09:00,33.4,23.0,443.0,17.6,27.0,92.0
2023-07-11T10:00,36.6,25.3,408.0,14.0,26.0,107.0
2023-07-11T11:00,27.5,18.9,345.0,9.5,23.8,119.0
2023-07-11T12:00,32.0,22.3,392.0,9.3,28.6,146.0
2023-07-11T13:00,28.8,20.0,383.0,11.0,29.9,141.0
2023-07-11T14:00,30.7,21.2,375.0,13.9,31.9,132.0
2023-07-11T15:00,37.1,25.6,403.0,20.0,34.9,116.0
2023-07-11T16:00,49.4,34.0,489.0,33.0,39.9,85.0
2023-07-11T17:00,53.8,37.0,611.0,49.2,45.9,47.0
2023-07-11T18:00,56.6,39.1,731.0,59.5,50.4,19.0
2023-07-11T19:00,58.4,40.5,846.0,58.7,53.2,10.0
2023-07-11T20:00,59.1,41.1,961.0,52.0,54.5,11.0
2023-07-11T21:00,61.2,42.7,1049.0,45.8,52.7,13.0
2023-07-11T22:00,60.8,42.4,1100.0,42.4,45.8,12.0
2023-07-11T23:00,56.0,39.0,1125.0,39.6,35.8,12.0
2023-07-12T00:00,42.8,29.8,952.0,37.6,24.4,12.0
2023-07-12T01:00,37.4,26.0,913.0,35.7,21.6,12.0
2023-07-12T02:00,32.8,22.9,863.0,33.0,18.0,12.0
2023-07-12T03:00,30.0,21.0,849.0,31.1,17.3,12.0
2023-07-12T04:00,28.7,20.0,881.0,29.5,21.5,5.0
2023-07-12T05:00,31.3,21.8,950.0,28.5,28.7,0.0
2023-07-12T06:00,41.7,29.1,1071.0,31.1,36.8,11.0
2023-07-12T07:00,56.2,39.3,1309.0,42.2,46.2,59.0
2023-07-12T08:00,80.6,56.3,1599.0,56.7,56.6,128.0
2023-07-12T09:00,100.6,70.3,1769.0,62.6,65.2,190.0
2023-07-12T10:00,107.6,75.2,1732.0,50.7,72.6,248.0
2023-07-12T11:00,107.6,75.2,1573.0,30.1,78.3,300.0
2023-07-12T12:00,44.2,30.7,608.0,13.4,38.0,185.0
2023-07-12T13:00,43.8,30.4,551.0,15.9,34.0,159.0
2023-07-12T14:00,38.4,26.6,475.0,19.6,28.7,123.0
2023-07-12T15:00,34.6,23.9,446.0,24.7,26.1,89.0
2023-07-12T16:00,35.2,24.3,500.0,32.9,28.7,60.0
2023-07-12T17:00,38.1,26.4,601.0,42.4,33.9,33.0
2023-07-12T18:00,42.0,29.2,702.0,48.1,38.0,14.0
2023-07-12T19:00,44.7,31.1,802.0,46.8,40.3,8.0
2023-07-12T20:00,45.6,31.8,901.0,41.6,41.4,10.0
2023-07-12T21:00,47.6,33.2,959.0,36.9,39.8,12.0
2023-07-12T22:00,45.6,31.8,950.0,34.4,33.3,12.0
2023-07-12T23:00,38.6,26.8,898.0,32.3,24.1,13.0
2023-07-13T00:00,26.0,18.0,697.0,30.4,15.4,14.0
2023-07-13T01:00,23.1,16.1,674.0,28.6,13.9,14.0
2023-07-13T02:00,21.6,15.0,647.0,26.1,12.1,13.0
2023-07-13T03:00,20.5,14.3,651.0,24.6,12.8,13.0
2023-07-13T04:00,20.7,14.4,700.0,24.0,17.4,7.0
2023-07-13T05:00,24.4,17.1,782.0,24.3,24.4,1.0
2023-07-13T06:00,36.6,25.6,892.0,27.0,32.1,11.0
2023-07-13T07:00,53.0,37.1,1065.0,35.5,40.5,49.0
2023-07-13T08:00,70.1,49.1,1268.0,46.4,49.6,103.0
2023-07-13T09:00,83.6,58.6,1395.0,51.1,57.9,157.0
2023-07-13T10:00,85.7,60.1,1391.0,43.1,65.2,213.0
2023-07-13T11:00,90.1,63.1,1311.0,29.0,71.7,269.0
2023-07-13T12:00,71.2,49.7,808.0,19.6,52.7,205.0
2023-07-13T13:00,72.9,50.9,731.0,21.0,49.0,186.0
2023-07-13T14:00,62.2,43.3,631.0,23.7,44.4,158.0
2023-07-13T15:00,55.5,38.6,597.0,30.5,45.1,126.0
2023-07-13T16:00,57.9,40.3,680.0,46.2,56.2,85.0
2023-07-13T17:00,67.1,46.8,830.0,66.0,72.6,39.0
2023-07-13T18:00,76.8,53.7,980.0,78.8,84.9,6.0
2023-07-13T19:00,84.1,58.7,1142.0,78.8,91.2,0.0
2023-07-13T20:00,85.0,59.4,1304.0,71.8,93.5,0.0
2023-07-13T21:00,80.1,56.0,1369.0,64.3,88.2,0.0
2023-07-13T22:00,69.4,48.4,1274.0,59.0,69.4,0.0
2023-07-13T23:00,53.4,37.3,1082.0,53.2,43.0,2.0
2023-07-14T00:00,38.4,26.8,888.0,47.9,20.8,7.0
2023-07-14T01:00,25.4,17.7,713.0,36.5,18.1,22.0
2023-07-14T02:00,17.0,11.8,473.0,20.9,14.5,42.0
2023-07-14T03:00,12.3,8.5,306.0,10.6,13.1,56.0
2023-07-14T04:00,10.6,7.3,280.0,10.9,15.7,56.0
2023-07-14T05:00,13.2,9.1,325.0,16.5,20.5,49.0
2023-07-14T06:00,21.4,14.9,374.0,20.9,24.6,47.0
2023-07-14T07:00,28.8,20.0,411.0,21.8,27.6,55.0
2023-07-14T08:00,31.5,21.9,451.0,21.5,30.0,67.0
2023-07-14T09:00,31.3,21.8,467.0,20.5,30.7,77.0
2023-07-14T10:00,28.9,20.1,440.0,18.1,28.3,84.0
2023-07-14T11:00,27.8,19.3,389.0,15.0,24.2,90.0
2023-07-14T12:00,75.0,52.3,840.0,28.3,64.3,184.0
2023-07-14T13:00,86.4,59.8,828.0,30.0,62.4,180.0
2023-07-14T14:00,87.1,59.8,813.0,32.8,60.1,172.0
2023-07-14T15:00,78.7,53.6,811.0,37.9,60.2,154.0
2023-07-14T16:00,76.1,51.7,838.0,48.2,65.6,115.0
2023-07-14T17:00,76.8,52.3,878.0,60.9,73.5,65.0
2023-07-14T18:00,77.5,52.7,899.0,68.5,78.2,27.0
2023-07-14T19:00,74.3,50.6,895.0,67.0,77.9,12.0
2023-07-14T20:00,68.2,46.3,872.0,60.5,74.4,10.0
2023-07-14T21:00,61.5,41.7,816.0,53.3,67.2,10.0
2023-07-14T22:00,50.9,34.2,707.0,46.7,53.8,11.0
2023-07-14T23:00,39.7,26.4,565.0,39.4,36.7,15.0
2023-07-15T00:00,22.1,14.1,271.0,19.4,13.7,26.0
2023-07-15T01:00,18.7,11.7,239.0,16.6,11.9,30.0
2023-07-15T02:00,17.3,10.6,195.0,12.8,9.4,34.0
2023-07-15T03:00,16.9,10.2,171.0,10.8,8.5,37.0
2023-07-15T04:00,16.8,10.0,186.0,12.7,10.5,34.0
2023-07-15T05:00,18.8,11.4,220.0,16.4,13.9,29.0
2023-07-15T06:00,22.0,13.8,247.0,18.6,16.5,27.0
2023-07-15T07:00,23.9,15.1,260.0,17.8,17.4,32.0
2023-07-15T08:00,25.7,16.4,266.0,15.5,17.4,42.0
2023-07-15T09:00,24.4,15.2,258.0,13.1,16.5,50.0
2023-07-15T10:00,21.1,12.2,227.0,10.7,14.1,56.0
2023-07-15T11:00,22.3,12.7,182.0,8.2,10.8,62.0
2023-07-15T12:00,27.0,15.2,141.0,6.8,7.9,65.0
2023-07-15T13:00,29.7,16.8,140.0,7.4,7.5,65.0
2023-07-15T14:00,31.3,17.7,139.0,8.2,7.0,65.0
2023-07-15T15:00,31.5,17.8,139.0,8.7,6.7,65.0
2023-07-15T16:00,31.4,17.8,142.0,8.8,7.1,64.0
2023-07-15T17:00,31.3,17.8,147.0,8.7,7.7,63.0
2023-07-15T18:00,30.7,17.6,149.0,8.3,8.0,62.0
2023-07-15T19:00,29.3,17.0,146.0,7.7,7.8,61.0
2023-07-15T20:00,27.1,15.8,141.0,6.8,7.2,61.0
2023-07-15T21:00,25.1,14.8,133.0,6.0,6.5,60.0
2023-07-15T22:00,23.1,13.6,121.0,5.2,5.5,59.0
2023-07-15T23:00,21.8,12.8,107.0,4.5,4.2,58.0
2023-07-16T00:00,20.3,12.0,100.0,3.9,3.6,58.0
2023-07-16T01:00,19.3,11.5,97.0,3.7,3.4,57.0
2023-07-16T02:00,19.2,11.4,94.0,3.5,3.2,56.0
2023-07-16T03:00,16.9,10.2,96.0,3.8,3.6,54.0
2023-07-16T04:00,14.1,8.6,109.0,5.2,5.0,51.0
2023-07-16T05:00,13.8,8.7,127.0,7.2,6.9,47.0
2023-07-16T06:00,15.6,10.0,143.0,8.6,8.4,45.0
2023-07-16T07:00,16.8,10.9,153.0,8.9,9.2,45.0
2023-07-16T08:00,16.9,11.1,160.0,8.7,9.6,47.0
2023-07-16T09:00,15.9,10.4,163.0,8.2,9.7,50.0
2023-07-16T10:00,14.5,9.5,159.0,7.3,9.1,54.0
2023-07-16T11:00,13.4,8.8,151.0,6.3,8.2,58.0
2023-07-16T12:00,11.0,7.3,129.0,5.5,6.5,58.0
2023-07-16T13:00,12.1,8.0,130.0,6.6,6.5,56.0
2023-07-16T14:00,13.4,8.7,133.0,8.2,6.7,53.0
2023-07-16T15:00,14.6,9.5,139.0,9.7,7.3,50.0
2023-07-16T16:00,15.6,10.2,152.0,11.2,8.9,47.0
2023-07-16T17:00,16.2,10.7,169.0,12.5,11.0,45.0
2023-07-16T18:00,16.8,11.2,181.0,13.3,12.6,43.0
2023-07-16T19:00,16.9,11.4,189.0,13.2,13.5,42.0
2023-07-16T20:00,16.4,11.1,192.0,12.5,13.8,42.0
2023-07-16T21:00,14.9,10.2,186.0,11.3,13.2,43.0
2023-07-16T22:00,12.4,8.5,160.0,9.2,10.8,46.0
2023-07-16T23:00,9.1,6.2,124.0,6.7,7.5,51.0
2023-07-17T00:00,9.2,6.3,121.0,7.6,6.8,45.0
2023-07-17T01:00,8.7,6.0,115.0,6.8,6.4,45.0
2023-07-17T02:00,8.7,6.0,110.0,6.0,6.1,46.0
2023-07-17T03:00,9.1,6.2,125.0,6.9,7.5,44.0
2023-07-17T04:00,9.9,6.8,179.0,11.3,12.0,37.0
2023-07-17T05:00,13.9,9.5,253.0,17.5,18.1,29.0
2023-07-17T06:00,21.7,15.1,310.0,21.7,23.0,26.0
2023-07-17T07:00,29.7,20.7,334.0,22.2,25.5,33.0
2023-07-17T08:00,31.8,21.9,342.0,20.8,26.7,45.0
2023-07-17T09:00,28.2,19.2,346.0,19.1,27.8,60.0
2023-07-17T10:00,31.1,20.8,344.0,16.6,28.5,81.0
2023-07-17T11:00,33.8,22.1,339.0,13.7,29.0,104.0
2023-07-17T12:00,28.5,19.3,377.0,14.9,31.7,124.0
2023-07-17T13:00,31.3,21.4,387.0,18.0,32.4,116.0
2023-07-17T14:00,33.1,22.7,403.0,22.7,33.8,105.0
2023-07-17T15:00,36.8,25.3,436.0,29.1,36.8,89.0
2023-07-17T16:00,39.1,27.0,503.0,39.7,43.6,64.0
2023-07-17T17:00,42.7,29.6,587.0,52.1,52.1,34.0
2023-07-17T18:00,46.3,32.1,639.0,59.3,57.4,13.0
2023-07-17T19:00,46.7,32.4,639.0,57.3,57.6,7.0
2023-07-17T20:00,42.6,29.6,608.0,50.2,54.6,9.0
2023-07-17T21:00,39.7,27.5,559.0,42.9,49.2,13.0
2023-07-17T22:00,36.3,25.1,486.0,37.1,40.1,16.0
2023-07-17T23:00,29.5,20.3,394.0,31.1,28.6,19.0
2023-07-18T00:00,18.7,12.5,215.0,19.6,11.7,31.0
2023-07-18T01:00,16.0,10.5,197.0,17.2,10.6,31.0
2023-07-18T02:00,14.4,9.4,173.0,13.8,9.2,32.0
2023-07-18T03:00,12.4,8.1,152.0,11.1,8.1,33.0
2023-07-18T04:00,11.3,7.3,138.0,9.6,7.8,35.0
2023-07-18T05:00,9.9,6.3,128.0,8.8,7.9,38.0
2023-07-18T06:00,12.0,7.7,123.0,8.3,8.1,40.0
2023-07-18T07:00,14.4,9.3,127.0,8.3,8.5,41.0
2023-07-18T08:00,14.3,9.2,136.0,8.7,8.9,42.0
2023-07-18T09:00,13.1,8.4,140.0,8.5,8.9,45.0
2023-07-18T10:00,14.6,8.8,135.0,7.2,8.0,51.0
2023-07-18T11:00,20.4,11.7,126.0,5.3,6.5,59.0
2023-07-18T12:00,26.2,14.3,113.0,5.5,5.3,54.0
2023-07-18T13:00,28.9,15.6,112.0,5.5,5.1,56.0
2023-07-18T14:00,33.3,18.0,111.0,5.4,4.8,59.0
2023-07-18T15:00,31.8,17.1,112.0,5.5,4.7,61.0
2023-07-18T16:00,32.1,17.1,118.0,5.9,5.1,60.0
2023-07-18T17:00,35.2,18.6,125.0,6.5,5.7,58.0
2023-07-18T18:00,37.5,19.8,129.0,6.6,6.0,57.0
2023-07-18T19:00,35.3,18.7,126.0,5.8,5.9,57.0
2023-07-18T20:00,34.0,18.1,119.0,4.6,5.5,58.0
2023-07-18T21:00,30.0,15.8,111.0,3.6,4.9,58.0
2023-07-18T22:00,30.9,16.1,103.0,2.9,4.0,58.0
2023-07-18T23:00,30.7,15.8,95.0,2.5,3.0,58.0
2023-07-19T00:00,27.8,14.2,87.0,1.7,1.9,59.0
2023-07-19T01:00,24.7,12.7,87.0,1.7,1.9,59.0
2023-07-19T02:00,23.3,12.0,88.0,1.7,1.9,58.0
2023-07-19T03:00,22.8,11.7,90.0,1.8,2.1,58.0
2023-07-19T04:00,22.8,11.7,94.0,2.3,2.7,59.0
2023-07-19T05:00,23.2,12.0,99.0,2.9,3.5,61.0
2023-07-19T06:00,23.9,12.5,104.0,3.4,4.2,63.0
2023-07-19T07:00,24.2,12.8,108.0,3.5,4.8,64.0
2023-07-19T08:00,24.7,13.0,112.0,3.3,5.4,64.0
2023-07-19T09:00,25.3,13.4,114.0,3.2,5.7,64.0
2023-07-19T10:00,24.7,13.1,112.0,3.0,5.6,65.0
2023-07-19T11:00,23.7,12.6,109.0,2.8,5.3,66.0
2023-07-19T12:00,23.2,12.3,107.0,2.8,4.8,66.0
2023-07-19T13:00,22.8,12.0,105.0,3.0,4.6,65.0
2023-07-19T14:00,22.3,11.7,103.0,3.3,4.3,64.0
2023-07-19T15:00,21.9,11.5,103.0,3.7,4.3,62.0
2023-07-19T16:00,21.1,11.2,107.0,4.4,4.8,60.0
2023-07-19T17:00,19.9,10.7,113.0,5.2,5.5,58.0
2023-07-19T18:00,19.3,10.5,119.0,5.8,6.2,57.0
2023-07-19T19:00,19.6,10.8,125.0,6.0,7.0,56.0
2023-07-19T20:00,19.2,10.6,132.0,6.0,7.7,55.0
2023-07-19T21:00,17.8,10.0,134.0,5.8,8.0,55.0
2023-07-19T22:00,16.4,9.2,128.0,5.5,7.4,55.0
2023-07-19T23:00,14.8,8.2,119.0,5.1,6.3,56.0
2023-07-20T00:00,17.2,9.3,113.0,4.6,5.0,56.0
2023-07-20T01:00,16.0,8.6,109.0,4.2,4.8,56.0
2023-07-20T02:00,14.4,7.8,104.0,3.7,4.5,57.0
2023-07-20T03:00,13.1,7.1,105.0,3.7,4.8,57.0
2023-07-20T04:00,12.3,6.8,119.0,4.9,6.2,55.0
2023-07-20T05:00,12.6,7.0,140.0,6.6,8.2,53.0
2023-07-20T06:00,15.2,8.8,157.0,7.7,9.9,53.0
2023-07-20T07:00,16.5,9.9,168.0,7.7,11.0,56.0
2023-07-20T08:00,15.1,9.2,176.0,7.1,11.8,61.0
2023-07-20T09:00,13.9,8.7,178.0,6.4,12.2,65.0
2023-07-20T10:00,12.3,7.9,172.0,5.7,11.9,68.0
2023-07-20T11:00,11.4,7.4,160.0,4.9,11.1,71.0
2023-07-20T12:00,15.9,10.0,155.0,5.5,12.0,76.0
2023-07-20T13:00,13.1,8.1,147.0,5.7,11.3,72.0
2023-07-20T14:00,11.0,6.9,140.0,6.4,10.5,66.0
2023-07-20T15:00,11.1,7.2,159.0,9.4,11.5,58.0
2023-07-20T16:00,12.6,8.5,221.0,16.9,15.5,46.0
2023-07-20T17:00,17.8,12.2,309.0,26.6,21.3,32.0
2023-07-20T18:00,24.0,16.5,404.0,33.9,26.8,22.0
2023-07-20T19:00,33.4,23.2,521.0,36.8,32.6,18.0
2023-07-20T20:00,42.3,29.3,644.0,37.3,38.2,17.0
2023-07-20T21:00,39.0,27.0,706.0,36.3,39.7,17.0
2023-07-20T22:00,34.1,23.6,658.0,33.7,33.7,18.0
2023-07-20T23:00,25.1,17.3,548.0,29.7,23.6,21.0
2023-07-21T00:00,19.0,13.1,433.0,24.9,15.9,26.0
2023-07-21T01:00,17.6,12.1,417.0,22.6,14.5,27.0
2023-07-21T02:00,16.8,11.5,399.0,19.6,12.9,28.0
2023-07-21T03:00,16.4,11.2,411.0,18.3,13.7,28.0
2023-07-21T04:00,16.5,11.3,480.0,20.3,18.7,21.0
2023-07-21T05:00,18.2,12.5,580.0,23.9,26.0,12.0
2023-07-21T06:00,31.3,21.8,666.0,27.1,32.7,17.0
2023-07-21T07:00,53.3,37.3,734.0,29.7,38.2,47.0
2023-07-21T08:00,72.4,50.6,789.0,31.7,43.2,91.0
2023-07-21T09:00,54.8,38.2,798.0,31.4,46.1,128.0
2023-07-21T10:00,44.0,30.5,727.0,26.3,45.5,151.0
2023-07-21T11:00,47.8,33.2,610.0,18.8,42.9,168.0
2023-07-21T12:00,37.7,26.0,469.0,13.4,35.4,164.0
2023-07-21T13:00,33.6,23.1,466.0,16.0,36.5,158.0
2023-07-21T14:00,33.1,22.5,469.0,20.5,38.8,148.0
2023-07-21T15:00,46.1,31.4,522.0,29.9,45.7,131.0
2023-07-21T16:00,58.8,40.2,660.0,49.3,61.6,100.0
2023-07-21T17:00,70.8,48.5,848.0,73.5,82.0,61.0
2023-07-21T18:00,83.8,57.5,1028.0,90.7,97.4,32.0
2023-07-21T19:00,92.9,64.0,1206.0,94.8,105.0,21.0
2023-07-21T20:00,97.8,67.5,1376.0,91.8,107.6,18.0
2023-07-21T21:00,98.0,67.8,1455.0,87.5,103.1,18.0
2023-07-21T22:00,92.2,63.8,1387.0,83.7,87.3,17.0
2023-07-21T23:00,77.3,53.3,1228.0,78.6,64.5,17.0
2023-07-22T00:00,67.1,46.3,1189.0,69.2,43.7,16.0
2023-07-22T01:00,48.3,33.2,1010.0,59.4,36.7,20.0
2023-07-22T02:00,37.4,25.4,763.0,45.9,27.2,25.0
2023-07-22T03:00,31.4,21.2,571.0,35.1,20.4,29.0
2023-07-22T04:00,27.8,18.5,490.0,30.0,19.1,29.0
2023-07-22T05:00,26.0,17.1,465.0,27.6,20.7,28.0
2023-07-22T06:00,27.8,18.3,455.0,25.7,22.3,30.0
2023-07-22T07:00,31.1,20.5,464.0,23.9,23.9,40.0
2023-07-22T08:00,34.9,23.1,488.0,22.6,25.6,54.0
2023-07-22T09:00,34.8,22.6,473.0,20.3,25.2,64.0
2023-07-22T10:00,23.6,14.2,378.0,15.4,20.7,68.0
2023-07-22T11:00,20.7,11.8,245.0,9.6,14.0,69.0
2023-07-22T12:00,17.8,9.6,153.0,6.1,10.5,77.0
2023-07-22T13:00,19.8,10.9,148.0,7.1,10.1,73.0
2023-07-22T14:00,21.5,11.9,142.0,8.7,9.6,68.0
2023-07-22T15:00,23.1,12.8,146.0,10.7,10.0,63.0
2023-07-22T16:00,25.4,14.1,166.0,13.5,11.7,57.0
2023-07-22T17:00,29.8,16.8,195.0,16.8,14.2,51.0
2023-07-22T18:00,32.7,19.0,228.0,19.7,17.5,46.0
2023-07-22T19:00,38.9,23.4,270.0,22.1,22.6,42.0
2023-07-22T20:00,39.6,23.7,315.0,24.1,28.4,39.0
2023-07-22T21:00,41.3,24.7,337.0,24.7,31.5,38.0
2023-07-22T22:00,39.8,23.7,317.0,23.1,29.3,40.0
2023-07-22T23:00,36.6,21.4,274.0,20.2,24.3,43.0
2023-07-23T00:00,27.4,15.8,211.0,15.3,16.8,49.0
2023-07-23T01:00,27.3,15.5,197.0,14.2,15.9,49.0
2023-07-23T02:00,28.1,15.8,180.0,12.9,15.0,49.0
2023-07-23T03:00,29.2,16.4,191.0,13.5,16.7,48.0
2023-07-23T04:00,30.4,17.1,263.0,18.5,24.2,42.0
2023-07-23T05:00,33.5,19.4,363.0,25.3,34.2,34.0
2023-07-23T06:00,41.7,25.9,415.0,28.4,39.4,34.0
2023-07-23T07:00,52.7,33.9,376.0,24.1,35.2,48.0
2023-07-23T08:00,52.9,33.2,289.0,16.0,26.2,68.0
2023-07-23T09:00,35.6,20.3,215.0,9.4,18.4,83.0
2023-07-23T10:00,33.6,18.7,175.0,6.4,14.1,86.0
2023-07-23T11:00,32.7,17.9,147.0,4.9,11.2,82.0
2023-07-23T12:00,33.2,17.9,120.0,4.3,9.1,77.0
2023-07-23T13:00,31.8,17.1,117.0,4.7,8.5,73.0
2023-07-23T14:00,30.3,16.2,114.0,5.3,7.8,68.0
2023-07-23T15:00,28.2,15.1,113.0,5.9,7.4,64.0
2023-07-23T16:00,25.9,14.0,114.0,6.4,7.4,61.0
2023-07-23T17:00,23.9,13.0,118.0,6.9,7.7,59.0
2023-07-23T18:00,23.0,12.6,130.0,7.7,8.8,57.0
2023-07-23T19:00,22.4,12.3,155.0,9.0,11.6,55.0
2023-07-23T20:00,22.5,12.5,186.0,10.7,15.1,52.0
2023-07-23T21:00,26.5,15.4,214.0,12.1,17.5,50.0
2023-07-23T22:00,27.9,16.3,230.0,13.2,17.5,48.0
2023-07-23T23:00,27.1,15.7,243.0,14.2,16.2,47.0
2023-07-24T00:00,24.8,14.2,188.0,10.9,11.8,51.0
2023-07-24T01:00,25.2,14.6,193.0,10.6,11.5,51.0
2023-07-24T02:00,25.9,15.0,206.0,10.4,11.7,50.0
2023-07-24T03:00,25.8,15.4,260.0,11.9,15.1,47.0
2023-07-24T04:00,27.0,16.7,391.0,17.0,24.9,36.0
2023-07-24T05:00,34.1,21.7,562.0,23.8,38.0,22.0
2023-07-24T06:00,49.0,32.2,698.0,28.8,48.3,24.0
2023-07-24T07:00,69.2,46.4,788.0,31.1,54.4,56.0
2023-07-24T08:00,69.2,45.8,842.0,31.5,57.7,104.0
2023-07-24T09:00,66.1,42.8,817.0,29.3,56.0,136.0
2023-07-24T10:00,36.1,21.3,650.0,22.2,45.6,138.0
2023-07-24T11:00,31.7,18.1,404.0,12.5,30.3,125.0
2023-07-24T12:00,22.6,12.9,195.0,7.7,18.1,89.0
2023-07-24T13:00,21.9,12.4,182.0,7.7,16.7,87.0
2023-07-24T14:00,21.6,12.1,165.0,7.9,15.2,83.0
2023-07-24T15:00,21.5,12.0,170.0,10.1,16.1,77.0
2023-07-24T16:00,22.3,12.5,195.0,15.3,20.6,68.0
2023-07-24T17:00,25.3,14.4,240.0,22.5,27.6,58.0
2023-07-24T18:00,34.9,21.2,334.0,30.2,36.8,47.0
2023-07-24T19:00,47.1,29.7,532.0,39.4,51.7,36.0
2023-07-24T20:00,63.6,41.3,779.0,49.0,68.8,24.0
2023-07-24T21:00,70.1,45.9,928.0,54.8,76.6,17.0
2023-07-24T22:00,67.3,43.9,896.0,54.2,67.1,16.0
2023-07-24T23:00,56.2,36.1,767.0,49.7,48.4,18.0
2023-07-25T00:00,58.0,37.6,927.0,49.7,41.9,15.0
2023-07-25T01:00,50.3,32.1,853.0,47.0,36.9,16.0
2023-07-25T02:00,44.5,28.3,753.0,43.3,30.1,18.0
2023-07-25T03:00,40.5,25.7,693.0,40.2,26.4,19.0
2023-07-25T04:00,37.6,23.9,725.0,39.0,29.3,17.0
2023-07-25T05:00,36.9,23.7,797.0,38.3,35.3,15.0
2023-07-25T06:00,45.3,29.9,814.0,36.0,38.7,21.0
2023-07-25T07:00,54.0,36.3,723.0,30.4,36.8,45.0
2023-07-25T08:00,44.8,29.9,577.0,23.1,32.3,77.0
2023-07-25T09:00,34.0,22.4,446.0,16.8,27.6,101.0
2023-07-25T10:00,27.4,17.8,351.0,12.0,23.2,108.0
2023-07-25T11:00,23.1,14.8,271.0,8.2,18.5,106.0
2023-07-25T12:00,15.8,10.3,235.0,6.6,14.7,104.0
2023-07-25T13:00,14.3,9.4,223.0,7.6,13.8,95.0
2023-07-25T14:00,13.2,8.8,209.0,9.3,12.7,82.0
2023-07-25T15:00,12.8,8.5,209.0,11.7,12.5,70.0
2023-07-25T16:00,12.0,8.0,234.0,15.7,14.0,59.0
2023-07-25T17:00,13.4,9.0,273.0,20.6,16.4,48.0
2023-07-25T18:00,16.8,11.5,316.0,24.2,18.7,39.0
2023-07-25T19:00,19.9,13.6,361.0,25.2,20.7,35.0
2023-07-25T20:00,21.3,14.6,409.0,24.9,22.7,33.0
2023-07-25T21:00,22.7,15.7,455.0,25.3,23.9,31.0
2023-07-25T22:00,25.3,17.5,503.0,27.6,24.0,27.0
2023-07-25T23:00,26.5,18.3,549.0,30.6,23.5,21.0
2023-07-26T00:00,13.2,8.9,291.0,14.1,11.8,39.0
2023-07-26T01:00,14.4,9.8,314.0,14.4,13.1,37.0
2023-07-26T02:00,16.1,11.0,346.0,14.9,14.8,35.0
2023-07-26T03:00,18.7,12.5,361.0,15.6,16.3,34.0
2023-07-26T04:00,17.2,11.1,336.0,16.3,16.3,35.0
2023-07-26T05:00,16.0,10.0,295.0,17.1,15.9,37.0
2023-07-26T06:00,20.8,13.1,290.0,18.6,18.2,43.0
2023-07-26T07:00,27.2,17.2,365.0,22.0,26.4,52.0
2023-07-26T08:00,33.3,21.7,477.0,26.0,37.2,64.0
2023-07-26T09:00,43.8,29.1,545.0,27.0,43.4,80.0
2023-07-26T10:00,48.7,32.6,529.0,22.0,40.8,107.0
2023-07-26T11:00,43.1,28.6,469.0,14.1,33.5,138.0
2023-07-26T12:00,17.3,11.9,307.0,12.7,17.5,73.0
2023-07-26T13:00,13.5,9.0,268.0,11.1,14.6,72.0
2023-07-26T14:00,11.4,6.8,215.0,9.0,10.7,71.0
2023-07-26T15:00,13.2,7.3,180.0,8.3,8.4,68.0
2023-07-26T16:00,16.1,8.9,176.0,10.0,9.2,64.0
2023-07-26T17:00,18.5,10.4,190.0,13.0,11.6,59.0
2023-07-26T18:00,21.8,12.7,214.0,15.8,14.4,54.0
2023-07-26T19:00,25.6,15.8,260.0,18.5,18.2,47.0
2023-07-26T20:00,26.0,16.6,315.0,21.0,22.3,40.0
2023-07-26T21:00,24.2,15.9,333.0,21.2,23.4,37.0
2023-07-26T22:00,20.7,13.8,279.0,17.1,19.0,41.0
2023-07-26T23:00,15.5,10.3,188.0,10.7,11.6,49.0
2023-07-27T00:00,9.2,5.7,122.0,5.8,5.9,57.0
2023-07-27T01:00,8.9,5.3,115.0,4.8,5.1,60.0
2023-07-27T02:00,9.3,5.5,106.0,3.5,3.9,65.0
2023-07-27T03:00,9.3,5.4,103.0,2.8,3.4,67.0
2023-07-27T04:00,9.3,5.5,110.0,3.2,3.9,66.0
2023-07-27T05:00,9.1,5.4,124.0,4.3,5.0,62.0
2023-07-27T06:00,10.0,6.3,137.0,5.1,6.2,60.0
2023-07-27T07:00,11.0,7.2,149.0,5.5,7.3,60.0
2023-07-27T08:00,11.7,7.7,162.0,5.6,8.5,61.0
2023-07-27T09:00,11.8,7.7,170.0,5.7,9.3,63.0
2023-07-27T10:00,11.6,7.4,170.0,5.5,9.5,66.0
2023-07-27T11:00,11.4,7.1,166.0,5.2,9.3,70.0
2023-07-27T12:00,8.7,5.4,141.0,4.1,7.8,75.0
2023-07-27T13:00,9.4,5.8,150.0,5.3,8.7,74.0
2023-07-27T14:00,11.2,7.0,166.0,7.4,10.3,73.0
2023-07-27T15:00,14.8,9.6,206.0,12.2,13.9,67.0
2023-07-27T16:00,19.6,13.0,292.0,22.5,21.3,53.0
2023-07-27T17:00,26.3,17.6,402.0,35.5,30.8,36.0
2023-07-27T18:00,33.1,22.3,488.0,44.3,38.0,23.0
2023-07-27T19:00,36.4,24.6,526.0,45.0,41.2,21.0
2023-07-27T20:00,36.7,24.6,540.0,41.7,42.2,23.0
2023-07-27T21:00,38.5,26.0,554.0,39.2,42.1,25.0
2023-07-27T22:00,42.3,28.5,585.0,40.4,41.2,22.0
2023-07-27T23:00,42.3,28.4,616.0,42.5,39.2,19.0
2023-07-28T00:00,46.6,31.8,728.0,43.7,42.0,16.0
2023-07-28T01:00,45.8,31.2,699.0,42.2,36.6,15.0
2023-07-28T02:00,40.4,27.4,655.0,39.8,29.1,14.0
2023-07-28T03:00,31.3,21.1,596.0,36.3,23.0,15.0
2023-07-28T04:00,26.5,17.8,514.0,30.8,20.2,20.0
2023-07-28T05:00,21.5,14.3,416.0,24.1,18.8,27.0
2023-07-28T06:00,20.0,13.2,331.0,18.2,17.3,34.0
2023-07-28T07:00,19.9,13.3,266.0,13.5,14.8,42.0
2023-07-28T08:00,16.4,10.8,212.0,9.5,12.0,51.0
2023-07-28T09:00,10.8,6.9,171.0,6.6,9.7,57.0
2023-07-28T10:00,8.0,5.0,145.0,5.1,8.0,60.0
2023-07-28T11:00,8.4,5.3,130.0,4.7,6.8,60.0
2023-07-28T12:00,9.3,5.5,124.0,4.2,5.5,63.0
2023-07-28T13:00,10.2,6.0,121.0,4.5,5.1,63.0
2023-07-28T14:00,10.6,6.2,117.0,4.8,4.5,63.0
2023-07-28T15:00,10.7,6.1,115.0,5.2,4.3,62.0
2023-07-28T16:00,13.3,7.3,117.0,5.7,5.0,61.0
2023-07-28T17:00,25.5,13.4,121.0,6.3,6.1,59.0
2023-07-28T18:00,34.5,17.9,122.0,6.3,6.6,58.0
2023-07-28T19:00,30.4,15.8,117.0,5.4,6.1,59.0
2023-07-28T20:00,22.4,11.7,110.0,4.0,4.9,60.0
2023-07-28T21:00,19.2,9.9,102.0,2.8,3.9,61.0
2023-07-28T22:00,17.6,9.1,95.0,2.2,3.1,62.0
2023-07-28T23:00,20.3,10.2,88.0,1.9,2.3,62.0
2023-07-29T00:00,20.1,10.4,92.0,2.5,2.7,62.0
2023-07-29T01:00,19.8,10.1,89.0,2.2,2.3,63.0
2023-07-29T02:00,19.7,10.1,85.0,1.8,1.9,65.0
2023-07-29T03:00,19.2,9.8,84.0,1.6,1.7,66.0
2023-07-29T04:00,20.8,10.8,87.0,1.9,2.1,66.0
2023-07-29T05:00,23.5,12.2,93.0,2.4,2.8,66.0
2023-07-29T06:00,23.8,12.5,98.0,2.9,3.5,66.0
2023-07-29T07:00,24.7,13.0,104.0,3.3,4.1,65.0
2023-07-29T08:00,25.1,13.3,110.0,3.7,4.7,65.0
2023-07-29T09:00,27.8,14.6,112.0,3.8,4.9,64.0
2023-07-29T10:00,29.7,15.5,107.0,3.4,4.5,64.0
2023-07-29T11:00,32.1,16.6,99.0,2.6,3.8,65.0
2023-07-29T12:00,29.8,15.1,93.0,1.9,3.3,67.0
2023-07-29T13:00,30.5,15.5,91.0,2.1,3.0,66.0
2023-07-29T14:00,31.2,15.9,88.0,2.4,2.7,65.0
2023-07-29T15:00,33.2,16.9,87.0,2.7,2.6,64.0
2023-07-29T16:00,31.5,16.2,91.0,3.3,3.1,63.0
2023-07-29T17:00,31.2,16.1,98.0,3.9,3.8,62.0
2023-07-29T18:00,29.0,15.1,102.0,4.2,4.3,61.0
2023-07-29T19:00,29.6,15.3,100.0,3.8,4.3,61.0
2023-07-29T20:00,28.9,14.9,95.0,3.0,4.0,62.0
2023-07-29T21:00,28.6,14.7,90.0,2.4,3.6,62.0
2023-07-29T22:00,27.8,14.2,86.0,2.1,3.1,62.0
2023-07-29T23:00,26.0,13.3,81.0,1.9,2.5,62.0
2023-07-30T00:00,24.3,12.5,85.0,1.8,2.0,62.0
2023-07-30T01:00,22.7,11.6,83.0,1.6,1.8,62.0
2023-07-30T02:00,22.2,11.4,82.0,1.4,1.6,63.0
2023-07-30T03:00,22.6,11.6,83.0,1.5,1.8,63.0
2023-07-30T04:00,23.0,11.7,91.0,2.3,2.8,63.0
2023-07-30T05:00,22.7,11.6,101.0,3.3,4.1,62.0
2023-07-30T06:00,24.2,12.7,108.0,4.0,5.1,62.0
2023-07-30T07:00,24.9,12.9,107.0,3.9,5.3,62.0
2023-07-30T08:00,25.3,13.2,102.0,3.5,5.0,63.0
2023-07-30T09:00,26.8,14.1,98.0,3.1,4.7,64.0
2023-07-30T10:00,29.4,15.5,97.0,2.9,4.3,65.0
2023-07-30T11:00,30.5,16.1,97.0,2.7,3.7,66.0
2023-07-30T12:00,25.9,13.6,94.0,2.7,3.6,67.0
2023-07-30T13:00,26.7,13.9,97.0,3.2,3.7,66.0
2023-07-30T14:00,26.8,14.0,102.0,4.0,3.9,65.0
2023-07-30T15:00,27.7,14.5,106.0,4.5,4.0,64.0
2023-07-30T16:00,30.3,15.9,109.0,4.8,4.2,63.0
2023-07-30T17:00,31.0,16.4,111.0,4.9,4.4,62.0
2023-07-30T18:00,32.7,17.3,110.0,4.7,4.4,61.0
2023-07-30T19:00,32.7,17.3,103.0,4.0,3.9,62.0
2023-07-30T20:00,30.6,16.2,93.0,3.0,3.3,63.0
2023-07-30T21:00,30.3,15.8,86.0,2.2,2.7,64.0
2023-07-30T22:00,31.1,16.3,84.0,2.0,2.4,63.0
2023-07-30T23:00,32.9,17.3,85.0,2.1,2.3,61.0
2023-07-31T00:00,43.2,22.9,86.0,2.1,2.5,60.0
2023-07-31T01:00,33.4,17.6,85.0,1.8,2.1,61.0
2023-07-31T02:00,31.3,16.5,83.0,1.4,1.7,62.0
2023-07-31T03:00,28.0,14.6,83.0,1.3,1.6,63.0
2023-07-31T04:00,30.7,15.9,87.0,1.8,2.2,63.0
2023-07-31T05:00,35.2,18.2,93.0,2.7,3.2,62.0
2023-07-31T06:00,39.1,20.5,99.0,3.3,4.1,62.0
2023-07-31T07:00,38.1,20.1,104.0,3.5,4.9,62.0
2023-07-31T08:00,35.3,18.7,107.0,3.6,5.6,63.0
2023-07-31T09:00,33.1,17.5,109.0,3.5,6.0,64.0
2023-07-31T10:00,32.0,17.0,106.0,3.1,5.7,65.0
2023-07-31T11:00,31.0,16.5,100.0,2.6,5.1,67.0
2023-07-31T12:00,29.9,15.9,106.0,3.2,6.0,70.0
2023-07-31T13:00,29.4,15.6,103.0,3.4,5.7,69.0
2023-07-31T14:00,28.9,15.4,101.0,3.8,5.4,67.0
2023-07-31T15:00,28.3,15.2,113.0,5.4,6.5,64.0
2023-07-31T16:00,27.9,15.1,139.0,8.7,9.4,59.0
2023-07-31T17:00,27.6,15.0,179.0,13.3,13.7,54.0
2023-07-31T18:00,32.9,19.3,249.0,18.6,19.7,47.0
2023-07-31T19:00,38.3,23.3,383.0,25.8,30.1,39.0
2023-07-31T20:00,44.9,28.2,547.0,33.7,42.3,29.0
2023-07-31T21:00,54.5,35.0,658.0,39.0,48.7,23.0
2023-07-31T22:00,57.3,37.1,675.0,40.1,44.6,21.0
2023-07-31T23:00,50.3,32.5,639.0,38.6,34.8,22.0
2023-08-01T00:00,53.1,34.9,838.0,38.7,34.7,21.0
2023-08-01T01:00,44.5,28.8,743.0,35.2,29.4,24.0
2023-08-01T02:00,39.0,24.7,612.0,30.3,22.1,27.0
2023-08-01T03:00,33.9,21.1,513.0,26.5,17.7,30.0
2023-08-01T04:00,29.8,18.3,487.0,25.3,19.2,30.0
2023-08-01T05:00,27.9,17.1,493.0,25.1,23.4,29.0
2023-08-01T06:00,35.0,22.2,481.0,23.8,26.0,33.0
2023-08-01T07:00,43.8,28.6,421.0,19.7,24.5,47.0
2023-08-01T08:00,42.5,27.6,342.0,14.5,21.4,66.0
2023-08-01T09:00,26.4,16.2,282.0,10.5,19.2,82.0
2023-08-01T10:00,22.4,13.8,260.0,8.9,19.5,91.0
2023-08-01T11:00,21.7,13.6,256.0,8.5,20.7,96.0
2023-08-01T12:00,33.5,21.5,335.0,10.8,28.3,124.0
2023-08-01T13:00,30.4,19.2,310.0,11.2,25.7,116.0
2023-08-01T14:00,28.5,17.9,276.0,12.0,22.2,103.0
2023-08-01T15:00,28.3,18.1,264.0,14.3,20.0,89.0
2023-08-01T16:00,25.8,16.6,293.0,20.0,20.6,70.0
2023-08-01T17:00,26.2,17.2,342.0,27.3,22.5,49.0
2023-08-01T18:00,27.6,18.3,382.0,31.8,24.0,34.0
2023-08-01T19:00,28.6,19.2,401.0,31.0,24.6,30.0
2023-08-01T20:00,25.1,16.8,410.0,27.3,24.8,32.0
2023-08-01T21:00,23.7,16.1,412.0,24.1,23.9,34.0
2023-08-01T22:00,22.4,15.3,401.0,22.3,20.9,34.0
2023-08-01T23:00,18.5,12.7,383.0,20.9,16.7,33.0
2023-08-02T00:00,16.9,11.6,363.0,19.3,12.9,32.0
2023-08-02T01:00,15.8,10.9,345.0,17.5,11.9,33.0
2023-08-02T02:00,13.1,9.0,326.0,15.2,10.9,33.0
2023-08-02T03:00,15.1,10.4,350.0,14.7,12.3,32.0
2023-08-02T04:00,17.3,12.0,453.0,17.4,18.0,23.0
2023-08-02T05:00,21.2,14.6,599.0,21.8,26.1,12.0
2023-08-02T06:00,35.7,24.9,732.0,25.7,33.9,18.0
2023-08-02T07:00,57.5,40.2,843.0,29.1,40.9,53.0
2023-08-02T08:00,79.9,55.9,941.0,31.9,47.5,104.0
2023-08-02T09:00,67.1,46.9,991.0,32.0,52.7,151.0
2023-08-02T10:00,53.6,37.5,953.0,26.0,55.2,191.0
2023-08-02T11:00,63.6,44.5,868.0,17.3,56.3,228.0
2023-08-02T12:00,64.3,44.9,752.0,12.6,52.0,226.0
2023-08-02T13:00,83.1,58.1,824.0,18.6,58.0,221.0
2023-08-02T14:00,94.5,65.9,922.0,27.3,66.1,212.0
2023-08-02T15:00,93.8,65.4,992.0,36.8,70.9,189.0
2023-08-02T16:00,81.5,56.9,984.0,48.0,68.6,138.0
2023-08-02T17:00,72.6,50.6,948.0,60.0,63.0,72.0
2023-08-02T18:00,70.8,49.5,977.0,67.6,60.0,23.0
2023-08-02T19:00,74.5,52.2,1155.0,67.6,64.5,6.0
2023-08-02T20:00,79.2,55.3,1399.0,63.2,71.7,6.0
2023-08-02T21:00,82.2,57.6,1553.0,58.7,72.3,7.0
2023-08-02T22:00,78.2,54.8,1555.0,56.1,60.0,3.0
2023-08-02T23:00,64.5,45.2,1466.0,53.3,41.3,1.0
2023-08-03T00:00,41.3,28.9,1137.0,46.4,23.5,4.0
2023-08-03T01:00,28.0,19.6,928.0,37.1,19.9,15.0
2023-08-03T02:00,18.2,12.7,639.0,24.3,14.9,31.0
2023-08-03T03:00,13.7,9.6,416.0,14.7,11.8,44.0
2023-08-03T04:00,12.3,8.6,324.0,11.7,12.1,51.0
2023-08-03T05:00,12.4,8.6,297.0,11.9,14.3,56.0
2023-08-03T06:00,17.3,12.0,287.0,12.1,16.1,62.0
2023-08-03T07:00,21.4,14.8,285.0,11.4,17.1,70.0
2023-08-03T08:00,22.2,15.3,299.0,10.8,17.8,78.0
2023-08-03T09:00,21.7,14.8,306.0,10.0,17.8,85.0
2023-08-03T10:00,20.3,13.7,292.0,8.7,16.2,89.0
2023-08-03T11:00,19.3,12.9,272.0,7.2,13.9,91.0
2023-08-03T12:00,20.2,13.6,309.0,9.0,18.4,106.0
2023-08-03T13:00,23.7,15.9,307.0,10.0,17.6,98.0
2023-08-03T14:00,24.8,16.8,309.0,11.8,17.0,87.0
2023-08-03T15:00,24.9,17.0,340.0,16.3,19.3,73.0
2023-08-03T16:00,26.0,17.9,425.0,26.3,27.2,53.0
2023-08-03T17:00,30.5,21.1,539.0,39.1,38.1,29.0
2023-08-03T18:00,38.2,26.5,633.0,47.9,47.0,12.0
2023-08-03T19:00,45.2,31.4,706.0,50.4,53.6,5.0
2023-08-03T20:00,45.4,31.4,759.0,49.0,58.2,3.0
2023-08-03T21:00,42.5,29.4,743.0,44.1,56.3,7.0
2023-08-03T22:00,33.6,23.3,603.0,33.6,42.7,17.0
2023-08-03T23:00,20.5,13.7,394.0,19.6,22.6,32.0
2023-08-04T00:00,53.8,37.3,922.0,46.9,74.0,1.0
2023-08-04T01:00,27.8,18.4,709.0,35.2,54.0,15.0
2023-08-04T02:00,19.3,11.9,418.0,19.1,26.5,34.0
2023-08-04T03:00,16.7,10.0,213.0,7.7,7.1,48.0
2023-08-04T04:00,15.0,9.1,179.0,5.8,3.7,50.0
2023-08-04T05:00,13.7,8.7,232.0,8.5,8.3,46.0
2023-08-04T06:00,15.9,10.5,280.0,10.9,12.7,44.0
2023-08-04T07:00,21.2,14.4,297.0,11.1,14.3,49.0
2023-08-04T08:00,21.5,14.6,309.0,10.9,15.8,56.0
2023-08-04T09:00,19.9,13.5,308.0,10.4,16.6,62.0
2023-08-04T10:00,16.5,10.8,284.0,9.4,16.3,68.0
2023-08-04T11:00,16.6,10.7,246.0,8.1,15.2,73.0
2023-08-04T12:00,17.7,11.0,214.0,7.8,14.3,75.0
2023-08-04T13:00,18.5,11.4,199.0,8.0,12.7,71.0
2023-08-04T14:00,21.5,12.9,183.0,8.6,10.8,66.0
2023-08-04T15:00,24.2,14.2,198.0,12.0,12.4,58.0
2023-08-04T16:00,26.1,15.5,276.0,21.2,21.2,46.0
2023-08-04T17:00,31.5,19.5,385.0,33.3,33.4,33.0
2023-08-04T18:00,40.6,26.3,466.0,41.1,41.6,23.0
2023-08-04T19:00,46.6,31.0,496.0,41.4,42.2,20.0
2023-08-04T20:00,36.8,24.6,496.0,37.5,38.8,20.0
2023-08-04T21:00,33.1,22.2,473.0,32.7,33.9,22.0
2023-08-04T22:00,27.8,18.7,417.0,27.5,27.6,24.0
2023-08-04T23:00,21.9,14.7,336.0,21.3,20.0,27.0
2023-08-05T00:00,17.5,11.5,233.0,14.6,12.2,36.0
2023-08-05T01:00,13.9,8.4,195.0,11.6,10.0,41.0
2023-08-05T02:00,14.3,8.3,144.0,7.6,7.1,49.0
2023-08-05T03:00,14.6,8.4,117.0,5.5,6.1,53.0
2023-08-05T04:00,15.1,8.6,136.0,7.1,8.6,50.0
2023-08-05T05:00,16.3,9.7,179.0,10.6,12.8,43.0
2023-08-05T06:00,20.6,12.9,216.0,13.0,16.4,41.0
2023-08-05T07:00,23.5,15.0,240.0,13.2,18.5,47.0
2023-08-05T08:00,23.2,14.8,258.0,12.4,19.9,56.0
2023-08-05T09:00,25.2,16.1,263.0,11.2,20.3,66.0
2023-08-05T10:00,23.7,14.8,245.0,9.3,19.1,76.0
2023-08-05T11:00,23.5,14.3,213.0,7.1,16.9,86.0
2023-08-05T12:00,51.0,32.1,493.0,14.5,33.7,158.0
2023-08-05T13:00,24.4,14.3,403.0,13.7,28.0,135.0
2023-08-05T14:00,23.8,13.6,282.0,12.7,20.3,104.0
2023-08-05T15:00,27.1,15.5,206.0,13.4,15.7,78.0
2023-08-05T16:00,31.7,18.5,222.0,17.6,17.6,63.0
2023-08-05T17:00,35.3,21.0,284.0,23.4,22.6,53.0
2023-08-05T18:00,37.4,22.7,329.0,26.9,26.2,47.0
2023-08-05T19:00,38.1,23.3,333.0,25.9,26.9,46.0
2023-08-05T20:00,36.2,21.9,320.0,22.5,26.2,48.0
2023-08-05T21:00,35.2,21.4,299.0,19.2,24.2,51.0
2023-08-05T22:00,33.3,20.7,267.0,16.6,20.2,52.0
2023-08-05T23:00,28.2,17.1,227.0,13.9,15.0,53.0
2023-08-06T00:00,22.9,13.4,163.0,10.6,8.5,57.0
2023-08-06T01:00,20.7,11.9,143.0,8.8,7.6,59.0
2023-08-06T02:00,20.7,11.8,117.0,6.5,6.6,62.0
2023-08-06T03:00,21.8,12.4,116.0,6.0,7.1,61.0
2023-08-06T04:00,21.7,12.5,167.0,9.4,10.8,53.0
2023-08-06T05:00,23.2,13.8,243.0,14.7,16.0,42.0
2023-08-06T06:00,27.9,17.4,287.0,17.4,19.1,37.0
2023-08-06T07:00,32.7,21.0,267.0,15.1,17.9,45.0
2023-08-06T08:00,23.7,14.7,216.0,10.2,14.5,59.0
2023-08-06T09:00,17.1,10.5,174.0,6.4,11.8,70.0
2023-08-06T10:00,15.4,9.6,154.0,4.8,10.6,76.0
2023-08-06T11:00,15.4,9.6,143.0,4.2,10.1,79.0
2023-08-06T12:00,10.5,6.8,143.0,5.2,11.3,88.0
2023-08-06T13:00,11.9,7.6,143.0,6.0,11.7,88.0
2023-08-06T14:00,13.8,8.5,146.0,7.5,12.6,88.0
2023-08-06T15:00,16.9,10.5,179.0,11.9,16.3,83.0
2023-08-06T16:00,27.5,17.9,263.0,21.8,25.3,69.0
2023-08-06T17:00,40.4,27.2,376.0,34.6,37.1,51.0
2023-08-06T18:00,38.2,25.7,480.0,44.6,46.7,37.0
2023-08-06T19:00,45.9,31.3,575.0,49.8,53.3,30.0
2023-08-06T20:00,49.7,34.1,662.0,52.2,57.7,26.0
2023-08-06T21:00,51.9,35.6,704.0,51.6,57.5,25.0
2023-08-06T22:00,49.4,34.0,672.0,46.7,49.6,28.0
2023-08-06T23:00,43.5,29.8,597.0,38.8,37.0,34.0
2023-08-07T00:00,73.6,50.9,1180.0,55.1,58.4,15.0
2023-08-07T01:00,67.3,46.6,1113.0,53.0,50.9,15.0
2023-08-07T02:00,62.4,43.3,1025.0,50.2,40.9,15.0
2023-08-07T03:00,58.0,40.2,986.0,47.9,35.9,15.0
2023-08-07T04:00,55.2,38.1,1022.0,46.4,39.7,7.0
2023-08-07T05:00,56.9,39.3,1108.0,45.5,48.5,0.0
2023-08-07T06:00,67.5,46.9,1241.0,46.2,58.0,14.0
2023-08-07T07:00,83.8,58.4,1471.0,51.4,70.0,73.0
2023-08-07T08:00,104.5,72.9,1750.0,58.2,82.7,156.0
2023-08-07T09:00,126.7,88.2,1925.0,59.1,86.5,227.0
2023-08-07T10:00,148.5,103.4,1921.0,47.8,73.4,278.0
2023-08-07T11:00,162.5,113.2,1814.0,30.6,51.4,318.0
2023-08-07T12:00,117.1,81.0,1283.0,16.7,26.9,286.0
2023-08-07T13:00,100.1,69.4,1043.0,16.4,21.8,242.0
2023-08-07T14:00,71.0,49.0,714.0,16.3,15.0,180.0
2023-08-07T15:00,47.6,32.6,476.0,17.8,11.9,127.0
2023-08-07T16:00,38.3,26.2,417.0,22.4,15.8,92.0
2023-08-07T17:00,34.3,23.5,449.0,28.7,23.6,65.0
2023-08-07T18:00,35.7,24.7,491.0,33.9,30.7,44.0
2023-08-07T19:00,39.0,27.0,525.0,37.1,36.6,30.0
2023-08-07T20:00,39.2,27.1,570.0,39.3,41.9,23.0
2023-08-07T21:00,35.9,24.7,595.0,40.1,44.5,19.0
2023-08-07T22:00,33.5,23.0,588.0,39.3,42.7,17.0
2023-08-07T23:00,29.6,20.3,562.0,37.2,38.1,18.0
2023-08-08T00:00,39.5,27.2,635.0,35.8,41.7,22.0
2023-08-08T01:00,38.5,26.6,642.0,34.2,38.0,20.0
2023-08-08T02:00,37.8,26.1,649.0,31.9,32.8,18.0
2023-08-08T03:00,38.6,26.6,629.0,29.5,28.9,18.0
2023-08-08T04:00,37.7,25.3,564.0,27.6,28.2,21.0
2023-08-08T05:00,37.1,23.5,472.0,25.7,28.7,26.0
2023-08-08T06:00,38.5,23.4,385.0,22.7,27.6,34.0
2023-08-08T07:00,41.1,24.6,308.0,17.3,22.9,47.0
2023-08-08T08:00,38.5,22.2,235.0,10.8,16.5,62.0
2023-08-08T09:00,36.4,20.5,178.0,5.9,11.3,73.0
2023-08-08T10:00,34.0,18.7,146.0,3.8,8.6,76.0
2023-08-08T11:00,31.1,17.1,130.0,3.3,7.1,74.0
2023-08-08T12:00,26.9,14.7,122.0,3.2,6.1,72.0
2023-08-08T13:00,26.0,14.3,125.0,4.1,6.2,70.0
2023-08-08T14:00,24.5,13.5,130.0,5.3,6.4,66.0
2023-08-08T15:00,22.8,12.7,135.0,6.3,6.7,63.0
2023-08-08T16:00,21.4,12.0,142.0,7.1,7.3,60.0
2023-08-08T17:00,20.1,11.5,151.0,7.7,8.0,57.0
2023-08-08T18:00,18.9,11.0,157.0,8.0,8.5,55.0
2023-08-08T19:00,17.9,10.4,161.0,7.8,8.8,54.0
2023-08-08T20:00,16.0,9.5,162.0,7.2,8.9,54.0
2023-08-08T21:00,13.8,8.4,158.0,6.4,8.5,55.0
2023-08-08T22:00,10.9,6.7,144.0,5.4,7.2,57.0
2023-08-08T23:00,8.5,5.3,126.0,4.2,5.4,59.0
2023-08-09T00:00,12.2,7.8,181.0,7.5,8.0,51.0
2023-08-09T01:00,10.7,7.0,170.0,6.6,7.2,51.0
2023-08-09T02:00,10.3,6.8,158.0,5.4,6.4,51.0
2023-08-09T03:00,10.0,6.7,169.0,5.8,7.4,49.0
2023-08-09T04:00,10.5,7.0,210.0,9.0,11.0,40.0
2023-08-09T05:00,13.6,9.3,273.0,13.6,16.5,30.0
2023-08-09T06:00,21.6,15.0,360.0,17.8,23.0,32.0
2023-08-09T07:00,32.2,22.5,503.0,21.5,31.9,57.0
2023-08-09T08:00,44.9,31.4,671.0,24.6,41.8,94.0
2023-08-09T09:00,59.6,41.7,767.0,25.2,48.3,127.0
2023-08-09T10:00,44.5,30.7,721.0,20.3,47.8,151.0
2023-08-09T11:00,44.8,31.1,604.0,12.9,43.9,171.0
2023-08-09T12:00,48.7,33.4,506.0,9.9,40.7,173.0
2023-08-09T13:00,59.5,41.1,538.0,14.6,43.0,168.0
2023-08-09T14:00,64.5,44.6,586.0,21.4,46.4,158.0
2023-08-09T15:00,61.2,42.3,651.0,29.4,50.8,139.0
2023-08-09T16:00,54.7,37.8,735.0,40.6,57.2,100.0
2023-08-09T17:00,58.1,40.3,837.0,53.0,64.6,50.0
2023-08-09T18:00,65.2,45.4,948.0,59.7,69.5,14.0
2023-08-09T19:00,71.0,49.4,1092.0,56.0,71.1,4.0
2023-08-09T20:00,72.2,50.3,1245.0,46.5,70.3,7.0
2023-08-09T21:00,70.5,49.1,1337.0,38.7,65.9,10.0
2023-08-09T22:00,63.8,44.5,1318.0,35.2,55.2,9.0
2023-08-09T23:00,54.5,38.0,1236.0,33.3,40.9,7.0
2023-08-10T00:00,38.0,26.3,858.0,30.1,25.2,8.0
2023-08-10T01:00,35.2,24.4,850.0,29.0,23.5,7.0
2023-08-10T02:00,34.5,23.9,844.0,27.5,21.5,5.0
2023-08-10T03:00,34.3,23.9,873.0,27.5,23.3,4.0
2023-08-10T04:00,34.8,24.2,938.0,29.9,29.7,0.0
2023-08-10T05:00,39.7,27.6,1040.0,33.6,39.8,0.0
2023-08-10T06:00,56.1,39.0,1211.0,37.3,54.8,8.0
2023-08-10T07:00,81.5,56.8,1519.0,41.8,78.4,97.0
2023-08-10T08:00,115.5,80.6,1896.0,46.2,106.9,222.0
2023-08-10T09:00,151.8,105.9,2178.0,46.3,129.8,330.0
2023-08-10T10:00,172.3,120.1,2299.0,37.6,144.2,410.0
2023-08-10T11:00,180.7,126.2,2323.0,24.5,153.0,473.0
2023-08-10T12:00,192.8,134.6,2402.0,17.9,161.5,535.0
2023-08-10T13:00,187.2,130.4,2331.0,21.5,157.3,521.0
2023-08-10T14:00,185.8,129.0,2226.0,26.7,151.1,498.0
2023-08-10T15:00,175.1,121.1,2097.0,31.4,142.5,451.0
2023-08-10T16:00,155.1,106.2,1900.0,34.2,128.5,359.0
2023-08-10T17:00,130.9,89.2,1678.0,36.6,112.1,243.0
2023-08-10T18:00,125.7,85.9,1572.0,41.5,102.8,149.0
2023-08-10T19:00,136.4,94.1,1705.0,52.4,109.5,97.0
2023-08-10T20:00,148.1,102.7,1955.0,65.6,123.2,68.0
2023-08-10T21:00,153.2,106.6,2088.0,73.4,126.4,49.0
2023-08-10T22:00,141.1,98.0,1987.0,71.2,107.9,39.0
2023-08-10T23:00,115.3,79.9,1771.0,63.6,79.0,39.0
2023-08-11T00:00,68.9,47.6,1116.0,34.7,33.9,55.0
2023-08-11T01:00,65.0,45.1,1100.0,33.1,33.3,51.0
2023-08-11T02:00,63.8,44.2,1077.0,31.0,33.0,44.0
2023-08-11T03:00,62.6,42.3,1062.0,30.5,35.9,39.0
2023-08-11T04:00,61.0,40.4,1071.0,34.0,46.0,30.0
2023-08-11T05:00,67.8,45.1,1087.0,39.2,59.3,22.0
2023-08-11T06:00,73.1,49.4,1073.0,40.6,67.5,29.0
2023-08-11T07:00,70.3,47.8,986.0,34.6,64.1,60.0
2023-08-11T08:00,65.9,44.8,870.0,24.9,55.6,106.0
2023-08-11T09:00,68.7,46.6,818.0,17.6,52.8,155.0
2023-08-11T10:00,76.4,51.8,899.0,14.8,62.8,212.0
2023-08-11T11:00,92.2,63.1,1044.0,14.3,78.6,272.0
2023-08-11T12:00,54.8,37.1,706.0,11.5,47.4,216.0
2023-08-11T13:00,59.3,39.7,685.0,16.6,45.3,196.0
2023-08-11T14:00,61.5,41.0,657.0,23.8,42.5,167.0
2023-08-11T15:00,56.7,37.4,633.0,30.8,41.0,136.0
2023-08-11T16:00,46.0,29.8,605.0,37.2,40.8,99.0
2023-08-11T17:00,43.3,28.3,581.0,43.5,41.9,60.0
2023-08-11T18:00,48.3,32.2,604.0,48.4,46.5,31.0
2023-08-11T19:00,57.7,39.1,734.0,52.0,59.7,19.0
2023-08-11T20:00,65.9,44.9,910.0,54.2,76.4,17.0
2023-08-11T21:00,69.4,47.5,989.0,53.9,83.3,18.0
2023-08-11T22:00,65.0,44.4,883.0,49.7,71.6,20.0
2023-08-11T23:00,52.2,35.2,681.0,43.0,50.1,24.0
2023-08-12T00:00,29.8,18.6,294.0,19.6,18.0,42.0
2023-08-12T01:00,26.7,16.5,253.0,16.5,16.1,44.0
2023-08-12T02:00,27.0,16.6,201.0,12.5,13.9,47.0
2023-08-12T03:00,27.2,16.6,188.0,11.5,15.3,47.0
2023-08-12T04:00,26.9,16.4,251.0,16.7,23.8,40.0
2023-08-12T05:00,30.9,19.3,354.0,24.8,35.9,30.0
2023-08-12T06:00,43.7,28.6,436.0,29.8,44.8,32.0
2023-08-12T07:00,45.4,29.9,486.0,28.6,48.3,59.0
2023-08-12T08:00,51.8,34.3,515.0,24.2,48.5,98.0
2023-08-12T09:00,50.3,32.6,503.0,19.4,45.3,124.0
2023-08-12T10:00,44.8,28.1,418.0,14.4,36.3,125.0
2023-08-12T11:00,31.5,19.0,292.0,8.9,23.9,114.0
2023-08-12T12:00,21.2,12.6,192.0,5.9,16.6,109.0
2023-08-12T13:00,20.5,12.1,190.0,7.4,16.1,102.0
2023-08-12T14:00,21.4,12.7,190.0,9.6,15.6,93.0
2023-08-12T15:00,22.1,13.2,208.0,13.1,16.9,82.0
2023-08-12T16:00,25.4,15.6,262.0,19.1,22.0,69.0
2023-08-12T17:00,29.9,18.8,335.0,26.4,28.9,54.0
2023-08-12T18:00,33.8,21.5,387.0,30.9,33.5,43.0
2023-08-12T19:00,36.0,23.0,406.0,30.7,34.0,39.0
2023-08-12T20:00,36.8,23.5,404.0,27.9,32.1,39.0
2023-08-12T21:00,32.9,20.8,383.0,24.4,28.8,40.0
2023-08-12T22:00,28.7,17.7,331.0,20.5,23.4,42.0
2023-08-12T23:00,24.0,14.5,259.0,16.1,16.6,44.0
2023-08-13T00:00,21.8,13.0,215.0,13.2,12.7,47.0
2023-08-13T01:00,20.3,11.8,194.0,11.5,11.0,47.0
2023-08-13T02:00,19.5,11.2,167.0,9.4,9.0,47.0
2023-08-13T03:00,19.9,11.4,165.0,9.0,9.6,46.0
2023-08-13T04:00,21.8,12.4,201.0,12.2,14.3,38.0
2023-08-13T05:00,24.6,14.5,261.0,17.1,21.5,28.0
2023-08-13T06:00,31.8,19.7,336.0,20.9,29.5,32.0
2023-08-13T07:00,43.0,27.6,457.0,22.7,40.5,64.0
2023-08-13T08:00,54.5,35.3,593.0,23.4,52.4,109.0
2023-08-13T09:00,64.7,41.8,645.0,22.0,56.7,138.0
2023-08-13T10:00,44.0,25.9,536.0,17.1,46.9,136.0
2023-08-13T11:00,35.7,20.5,343.0,10.2,29.6,118.0
2023-08-13T12:00,27.0,15.1,181.0,5.6,17.8,99.0
2023-08-13T13:00,25.1,13.9,171.0,6.2,16.1,92.0
2023-08-13T14:00,24.3,13.4,157.0,7.0,13.6,81.0
2023-08-13T15:00,24.6,13.5,148.0,7.7,11.8,72.0
2023-08-13T16:00,25.0,13.7,147.0,8.3,11.2,65.0
2023-08-13T17:00,25.3,14.0,151.0,8.8,11.1,58.0
2023-08-13T18:00,26.0,14.3,152.0,8.8,10.9,54.0
2023-08-13T19:00,25.8,14.2,148.0,8.1,10.3,53.0
2023-08-13T20:00,26.2,14.3,141.0,6.9,9.4,54.0
2023-08-13T21:00,25.4,13.8,132.0,5.7,8.4,56.0
2023-08-13T22:00,23.7,12.7,119.0,4.7,6.9,58.0
2023-08-13T23:00,21.7,11.4,104.0,3.7,5.2,59.0
2023-08-14T00:00,21.2,11.0,93.0,3.2,4.2,62.0
2023-08-14T01:00,20.8,10.8,88.0,2.8,3.7,63.0
2023-08-14T02:00,20.3,10.5,83.0,2.3,3.1,64.0
2023-08-14T03:00,19.4,10.1,88.0,2.7,3.7,64.0
2023-08-14T04:00,19.0,10.0,116.0,5.2,6.8,62.0
2023-08-14T05:00,20.4,11.1,154.0,8.6,11.1,58.0
2023-08-14T06:00,24.3,13.8,176.0,10.4,13.6,57.0
2023-08-14T07:00,21.7,11.7,165.0,9.0,12.5,60.0
2023-08-14T08:00,22.6,12.4,138.0,6.0,9.5,65.0
2023-08-14T09:00,21.7,11.8,116.0,3.6,7.2,69.0
2023-08-14T10:00,21.8,12.0,109.0,2.8,6.4,72.0
2023-08-14T11:00,20.8,11.2,107.0,2.6,6.1,74.0
2023-08-14T12:00,19.7,10.7,108.0,3.1,7.6,77.0
2023-08-14T13:00,19.3,10.5,108.0,3.6,7.3,75.0
2023-08-14T14:00,20.7,11.3,109.0,4.3,7.0,72.0
2023-08-14T15:00,21.7,11.8,115.0,5.5,7.6,69.0
2023-08-14T16:00,22.8,12.5,128.0,7.5,9.8,65.0
2023-08-14T17:00,23.9,13.3,147.0,9.9,12.9,61.0
2023-08-14T18:00,24.7,14.0,167.0,11.8,15.3,57.0
2023-08-14T19:00,30.2,18.3,196.0,13.0,16.8,54.0
2023-08-14T20:00,27.5,16.8,227.0,13.8,17.8,52.0
2023-08-14T21:00,23.2,14.0,237.0,13.4,17.2,51.0
2023-08-14T22:00,18.5,11.0,208.0,11.2,14.1,53.0
2023-08-14T23:00,14.0,8.1,159.0,7.9,9.5,56.0
2023-08-15T00:00,13.2,7.7,146.0,6.7,6.6,56.0
2023-08-15T01:00,10.9,6.2,134.0,5.9,6.1,56.0
2023-08-15T02:00,9.3,5.3,119.0,4.9,5.4,57.0
2023-08-15T03:00,8.4,4.8,110.0,4.3,5.1,57.0
2023-08-15T04:00,8.1,4.7,113.0,4.6,5.6,57.0
2023-08-15T05:00,9.2,5.5,124.0,5.4,6.6,56.0
2023-08-15T06:00,8.8,5.3,135.0,5.9,7.7,57.0
2023-08-15T07:00,8.8,5.4,149.0,5.8,8.9,60.0
2023-08-15T08:00,11.3,7.1,164.0,5.5,10.1,64.0
2023-08-15T09:00,12.0,7.7,172.0,5.1,10.8,67.0
2023-08-15T10:00,10.4,6.6,166.0,4.5,10.3,70.0
2023-08-15T11:00,9.0,5.8,152.0,3.8,9.3,71.0
2023-08-15T12:00,10.1,6.7,147.0,4.5,9.5,73.0
2023-08-15T13:00,12.3,8.3,160.0,6.2,10.3,71.0
2023-08-15T14:00,13.5,9.1,179.0,8.6,11.4,67.0
2023-08-15T15:00,13.6,9.1,194.0,10.5,12.3,63.0
2023-08-15T16:00,13.0,8.6,202.0,11.6,12.8,58.0
2023-08-15T17:00,12.7,8.4,206.0,12.3,13.2,52.0
2023-08-15T18:00,12.4,8.1,209.0,12.5,13.4,48.0
2023-08-15T19:00,12.0,7.8,213.0,11.9,13.6,47.0
2023-08-15T20:00,11.8,7.7,217.0,10.8,13.6,48.0
2023-08-15T21:00,12.2,8.1,215.0,9.8,13.2,48.0
2023-08-15T22:00,11.1,7.3,201.0,8.9,11.6,48.0
2023-08-15T23:00,9.4,6.2,182.0,8.0,9.6,47.0
2023-08-16T00:00,8.1,5.4,165.0,7.1,7.9,45.0
2023-08-16T01:00,8.2,5.4,180.0,7.6,8.8,42.0
2023-08-16T02:00,9.1,6.1,201.0,8.3,10.2,37.0
2023-08-16T03:00,10.3,7.0,223.0,9.4,11.7,33.0
2023-08-16T04:00,11.6,7.9,251.0,11.5,14.0,28.0
2023-08-16T05:00,13.0,8.9,279.0,14.0,16.4,24.0
2023-08-16T06:00,14.5,9.9,288.0,14.8,17.4,25.0
2023-08-16T07:00,16.9,11.6,259.0,12.4,15.6,36.0
2023-08-16T08:00,14.0,9.4,211.0,8.3,12.4,51.0
2023-08-16T09:00,12.4,8.1,173.0,5.1,9.7,65.0
2023-08-16T10:00,12.2,7.5,159.0,3.9,8.3,74.0
2023-08-16T11:00,13.6,7.9,156.0,3.6,7.5,81.0
2023-08-16T12:00,5.4,3.2,167.0,4.2,7.7,86.0
2023-08-16T13:00,11.8,6.8,163.0,4.9,7.5,85.0
2023-08-16T14:00,16.1,9.0,157.0,5.9,7.2,83.0
2023-08-16T15:00,18.2,10.2,153.0,6.7,7.1,81.0
2023-08-16T16:00,19.4,11.0,153.0,7.2,7.6,78.0
2023-08-16T17:00,20.3,11.4,155.0,7.5,8.3,76.0
2023-08-16T18:00,20.0,11.3,152.0,7.3,8.4,73.0
2023-08-16T19:00,18.9,10.5,141.0,6.2,7.5,71.0
2023-08-16T20:00,17.2,9.4,125.0,4.7,6.1,70.0
2023-08-16T21:00,18.1,9.7,111.0,3.4,4.8,68.0
2023-08-16T22:00,19.6,10.3,101.0,2.7,3.8,66.0
2023-08-16T23:00,20.0,10.5,94.0,2.3,2.9,65.0
2023-08-17T00:00,17.5,9.1,90.0,1.9,2.4,66.0
2023-08-17T01:00,19.7,10.2,89.0,1.8,2.2,65.0
2023-08-17T02:00,21.4,11.1,88.0,1.7,2.1,64.0
2023-08-17T03:00,22.6,11.8,89.0,1.8,2.2,63.0
2023-08-17T04:00,22.0,11.5,95.0,2.5,2.9,61.0
2023-08-17T05:00,22.5,11.9,103.0,3.4,3.9,60.0
2023-08-17T06:00,21.1,11.4,110.0,4.0,4.7,59.0
2023-08-17T07:00,22.5,12.4,112.0,3.9,5.1,60.0
2023-08-17T08:00,21.8,12.0,113.0,3.5,5.3,61.0
2023-08-17T09:00,20.9,11.4,114.0,3.3,5.4,63.0
2023-08-17T10:00,21.8,12.0,117.0,3.4,5.6,66.0
2023-08-17T11:00,23.1,12.7,120.0,3.6,5.7,69.0
2023-08-17T12:00,18.3,10.3,124.0,4.1,6.1,71.0
2023-08-17T13:00,22.0,12.2,123.0,4.6,6.0,69.0
2023-08-17T14:00,25.4,13.7,120.0,5.3,5.9,66.0
2023-08-17T15:00,24.3,13.2,117.0,5.6,5.7,64.0
2023-08-17T16:00,20.1,10.9,112.0,5.2,5.3,63.0
2023-08-17T17:00,18.9,10.2,106.0,4.5,4.8,63.0
2023-08-17T18:00,19.4,10.5,101.0,3.8,4.3,63.0
2023-08-17T19:00,18.2,9.8,97.0,3.3,3.9,64.0
2023-08-17T20:00,17.8,9.5,93.0,2.9,3.5,64.0
2023-08-17T21:00,18.7,10.0,90.0,2.6,3.1,65.0
2023-08-17T22:00,18.2,9.6,88.0,2.3,2.7,65.0
2023-08-17T23:00,17.2,9.1,86.0,2.1,2.4,65.0
2023-08-18T00:00,21.2,11.1,86.0,2.3,2.7,64.0
2023-08-18T01:00,24.9,13.0,87.0,2.2,2.6,64.0
2023-08-18T02:00,25.4,13.3,89.0,2.1,2.5,65.0
2023-08-18T03:00,24.9,13.0,94.0,2.4,3.0,64.0
2023-08-18T04:00,26.5,13.9,106.0,3.6,4.4,62.0
2023-08-18T05:00,27.2,14.5,121.0,5.2,6.4,58.0
2023-08-18T06:00,27.6,15.0,136.0,6.4,8.2,56.0
2023-08-18T07:00,27.7,15.2,151.0,6.8,9.9,56.0
2023-08-18T08:00,28.2,15.7,166.0,6.9,11.5,56.0
2023-08-18T09:00,28.2,15.9,173.0,6.6,12.3,59.0
2023-08-18T10:00,26.8,15.1,166.0,5.7,11.6,65.0
2023-08-18T11:00,25.1,13.9,151.0,4.5,10.2,72.0
2023-08-18T12:00,24.2,13.4,133.0,4.4,9.4,74.0
2023-08-18T13:00,26.1,14.4,127.0,4.5,9.0,75.0
2023-08-18T14:00,29.3,16.2,125.0,5.3,9.1,76.0
2023-08-18T15:00,30.9,17.1,167.0,9.9,13.2,71.0
2023-08-18T16:00,38.0,22.2,295.0,22.6,25.8,56.0
2023-08-18T17:00,46.0,28.2,468.0,39.2,42.4,36.0
2023-08-18T18:00,53.0,34.0,599.0,50.5,53.8,22.0
2023-08-18T19:00,48.3,31.5,662.0,52.6,55.9,18.0
2023-08-18T20:00,46.4,31.0,684.0,49.6,52.7,19.0
2023-08-18T21:00,44.1,29.8,658.0,44.0,46.9,23.0
2023-08-18T22:00,37.8,25.6,556.0,35.2,37.4,31.0
2023-08-18T23:00,30.2,20.2,406.0,23.9,25.3,41.0
2023-08-19T00:00,24.1,15.9,380.0,21.6,20.8,40.0
2023-08-19T01:00,21.9,14.2,349.0,18.6,17.9,41.0
2023-08-19T02:00,19.8,12.9,311.0,14.7,14.2,42.0
2023-08-19T03:00,18.7,12.3,321.0,13.4,14.7,41.0
2023-08-19T04:00,19.3,12.9,418.0,17.5,22.9,29.0
2023-08-19T05:00,24.3,16.6,563.0,24.2,35.2,14.0
2023-08-19T06:00,40.2,27.8,689.0,28.5,45.5,19.0
2023-08-19T07:00,49.1,34.0,796.0,28.5,53.1,67.0
2023-08-19T08:00,66.4,45.9,883.0,26.1,58.8,134.0
2023-08-19T09:00,71.9,49.1,885.0,22.4,58.7,181.0
2023-08-19T10:00,53.1,34.6,733.0,16.6,48.4,186.0
2023-08-19T11:00,44.4,27.3,495.0,9.6,32.3,169.0
2023-08-19T12:00,26.4,15.3,269.0,4.6,16.6,143.0
2023-08-19T13:00,25.4,14.0,228.0,5.1,14.3,128.0
2023-08-19T14:00,25.4,13.6,174.0,5.9,11.3,106.0
2023-08-19T15:00,24.7,12.9,143.0,7.5,10.0,87.0
2023-08-19T16:00,26.0,14.0,164.0,11.1,12.4,74.0
2023-08-19T17:00,27.9,15.5,210.0,15.6,16.4,64.0
2023-08-19T18:00,29.2,16.7,235.0,17.8,18.7,57.0
2023-08-19T19:00,28.6,16.7,217.0,15.9,17.3,55.0
2023-08-19T20:00,24.1,13.9,179.0,11.9,14.1,57.0
2023-08-19T21:00,19.7,11.1,144.0,8.4,11.1,59.0
2023-08-19T22:00,16.5,9.1,120.0,6.4,8.7,58.0
2023-08-19T23:00,13.7,7.4,100.0,5.0,6.4,58.0
2023-08-20T00:00,10.6,5.9,105.0,5.5,6.1,55.0
2023-08-20T01:00,8.2,4.6,97.0,4.6,5.2,56.0
2023-08-20T02:00,7.0,3.9,87.0,3.4,4.1,58.0
2023-08-20T03:00,6.6,3.7,81.0,2.6,3.4,59.0
2023-08-20T04:00,6.6,3.8,84.0,2.8,3.7,59.0
2023-08-20T05:00,6.5,3.8,92.0,3.6,4.5,58.0
2023-08-20T06:00,6.9,4.2,98.0,4.0,5.1,58.0
2023-08-20T07:00,7.7,5.0,101.0,3.8,5.4,59.0
2023-08-20T08:00,7.7,5.0,102.0,3.4,5.6,62.0
2023-08-20T09:00,9.2,5.4,103.0,3.0,5.6,64.0
2023-08-20T10:00,10.4,6.1,103.0,2.8,5.4,67.0
2023-08-20T11:00,11.6,6.6,101.0,2.7,5.1,69.0
2023-08-20T12:00,7.2,4.1,84.0,2.4,4.3,70.0
2023-08-20T13:00,7.8,4.4,82.0,2.7,4.0,69.0
2023-08-20T14:00,10.0,5.6,80.0,3.2,3.6,68.0
2023-08-20T15:00,12.0,6.7,81.0,3.7,3.6,66.0
2023-08-20T16:00,12.9,7.2,88.0,4.4,4.3,64.0
2023-08-20T17:00,13.8,7.7,98.0,5.2,5.4,61.0
2023-08-20T18:00,14.8,8.4,104.0,5.5,5.9,59.0
2023-08-20T19:00,14.5,8.0,101.0,4.9,5.4,58.0
2023-08-20T20:00,15.8,8.7,95.0,3.7,4.3,58.0
2023-08-20T21:00,16.4,9.0,89.0,2.8,3.3,58.0
2023-08-20T22:00,17.0,9.3,86.0,2.3,2.7,58.0
2023-08-20T23:00,20.3,10.9,83.0,2.1,2.1,57.0
2023-08-21T00:00,19.3,10.4,81.0,1.6,1.6,58.0
2023-08-21T01:00,22.8,12.2,82.0,1.5,1.5,60.0
2023-08-21T02:00,26.3,14.0,84.0,1.4,1.5,63.0
2023-08-21T03:00,30.2,15.9,90.0,1.7,1.8,65.0
2023-08-21T04:00,33.5,17.5,103.0,2.7,2.9,65.0
2023-08-21T05:00,34.0,17.9,119.0,4.1,4.5,63.0
2023-08-21T06:00,35.2,18.7,130.0,4.9,5.5,63.0
2023-08-21T07:00,36.3,19.4,130.0,4.5,5.6,65.0
2023-08-21T08:00,34.1,18.1,124.0,3.4,5.2,67.0
2023-08-21T09:00,33.1,17.5,118.0,2.6,4.8,69.0
2023-08-21T10:00,36.2,19.2,115.0,2.4,4.6,70.0
2023-08-21T11:00,36.7,19.4,112.0,2.4,4.3,70.0
2023-08-21T12:00,34.0,17.9,103.0,2.2,3.7,71.0
2023-08-21T13:00,34.5,18.2,103.0,2.6,3.6,69.0
2023-08-21T14:00,35.2,18.6,102.0,3.2,3.5,67.0
2023-08-21T15:00,34.2,18.2,104.0,3.8,3.6,65.0
2023-08-21T16:00,35.6,18.9,111.0,4.4,4.3,63.0
2023-08-21T17:00,34.9,18.7,120.0,5.0,5.3,62.0
2023-08-21T18:00,37.6,20.1,125.0,5.2,5.8,61.0
2023-08-21T19:00,34.5,18.4,123.0,4.7,5.5,61.0
2023-08-21T20:00,36.2,19.3,116.0,3.9,4.7,62.0
2023-08-21T21:00,32.4,17.2,110.0,3.1,3.9,63.0
2023-08-21T22:00,31.3,16.5,104.0,2.6,3.2,64.0
2023-08-21T23:00,29.9,15.7,99.0,2.1,2.6,64.0
2023-08-22T00:00,27.1,14.3,91.0,1.8,2.0,62.0
2023-08-22T01:00,24.6,13.0,91.0,1.8,2.0,62.0
2023-08-22T02:00,23.4,12.5,91.0,1.8,2.0,61.0
2023-08-22T03:00,25.4,13.5,94.0,2.1,2.3,61.0
2023-08-22T04:00,24.9,13.2,103.0,3.1,3.3,60.0
2023-08-22T05:00,25.7,13.8,116.0,4.4,4.5,60.0
2023-08-22T06:00,26.3,14.2,125.0,5.4,5.5,59.0
2023-08-22T07:00,28.1,15.1,130.0,5.7,5.9,59.0
2023-08-22T08:00,28.4,15.5,131.0,5.5,6.1,58.0
2023-08-22T09:00,26.7,14.7,129.0,5.2,5.9,59.0
2023-08-22T10:00,28.5,15.4,120.0,4.6,5.2,62.0
2023-08-22T11:00,28.5,15.3,108.0,3.7,4.3,65.0
2023-08-22T12:00,25.3,13.7,92.0,3.1,3.3,67.0
2023-08-22T13:00,27.4,14.8,91.0,3.4,3.2,66.0
2023-08-22T14:00,27.5,14.9,90.0,3.8,3.2,64.0
2023-08-22T15:00,25.8,14.1,92.0,4.2,3.3,62.0
2023-08-22T16:00,26.4,14.4,101.0,4.6,3.8,61.0
2023-08-22T17:00,28.8,15.5,113.0,5.1,4.4,60.0
2023-08-22T18:00,31.4,16.8,120.0,5.1,4.7,59.0
2023-08-22T19:00,32.8,17.5,119.0,4.4,4.6,59.0
2023-08-22T20:00,30.4,15.9,112.0,3.4,4.1,60.0
2023-08-22T21:00,28.0,14.6,105.0,2.5,3.6,61.0
2023-08-22T22:00,28.1,14.5,97.0,2.0,2.9,63.0
2023-08-22T23:00,30.9,15.8,87.0,1.6,2.2,65.0
2023-08-23T00:00,34.6,17.6,84.0,1.3,1.6,66.0
2023-08-23T01:00,33.8,17.2,82.0,1.2,1.5,66.0
2023-08-23T02:00,32.6,16.6,79.0,1.1,1.4,65.0
2023-08-23T03:00,32.5,16.6,80.0,1.3,1.6,64.0
2023-08-23T04:00,32.2,16.5,87.0,2.1,2.5,62.0
2023-08-23T05:00,33.2,17.1,96.0,3.2,3.7,60.0
2023-08-23T06:00,33.2,17.3,104.0,3.9,4.6,59.0
2023-08-23T07:00,32.0,16.8,107.0,3.8,5.0,60.0
2023-08-23T08:00,30.6,16.1,108.0,3.2,5.2,62.0
2023-08-23T09:00,31.3,16.5,108.0,2.7,5.2,64.0
2023-08-23T10:00,30.5,16.2,107.0,2.4,5.0,66.0
2023-08-23T11:00,29.2,15.5,104.0,2.1,4.7,68.0
2023-08-23T12:00,27.0,14.3,90.0,2.4,4.9,69.0
2023-08-23T13:00,25.8,13.8,90.0,2.6,4.9,69.0
2023-08-23T14:00,25.0,13.3,91.0,3.0,4.9,68.0
2023-08-23T15:00,23.9,12.8,94.0,3.6,5.3,67.0
2023-08-23T16:00,23.7,12.9,100.0,4.4,6.1,66.0
2023-08-23T17:00,23.5,12.9,109.0,5.4,7.3,65.0
2023-08-23T18:00,23.7,13.1,121.0,6.5,8.8,64.0
2023-08-23T19:00,23.6,13.0,132.0,7.2,10.6,64.0
2023-08-23T20:00,22.8,12.6,147.0,8.0,12.8,63.0
2023-08-23T21:00,25.7,14.9,179.0,9.9,15.7,61.0
2023-08-23T22:00,27.4,16.1,236.0,13.7,20.1,56.0
2023-08-23T23:00,29.2,17.4,309.0,18.6,25.2,49.0
2023-08-24T00:00,39.3,24.7,402.0,24.7,31.3,40.0
2023-08-24T01:00,43.5,28.2,490.0,27.4,31.3,35.0
2023-08-24T02:00,47.4,30.9,613.0,31.2,31.5,28.0
2023-08-24T03:00,47.6,31.0,711.0,34.1,32.6,23.0
2023-08-24T04:00,44.6,28.9,776.0,36.0,36.1,19.0
2023-08-24T05:00,44.0,28.6,816.0,37.1,40.6,16.0
2023-08-24T06:00,49.6,32.0,799.0,35.6,42.6,22.0
2023-08-24T07:00,53.4,34.7,681.0,29.6,39.9,43.0
2023-08-24T08:00,55.1,35.6,505.0,21.0,34.7,72.0
2023-08-24T09:00,35.6,22.1,366.0,14.1,30.3,96.0
2023-08-24T10:00,31.0,19.3,303.0,10.4,27.7,109.0
2023-08-24T11:00,30.4,18.9,276.0,8.3,26.0,116.0
2023-08-24T12:00,36.0,22.4,319.0,11.1,33.9,125.0
2023-08-24T13:00,38.6,24.2,338.0,12.9,36.7,131.0
2023-08-24T14:00,41.4,26.3,363.0,15.2,40.3,138.0
2023-08-24T15:00,43.1,27.2,373.0,16.8,41.4,140.0
2023-08-24T16:00,42.8,26.0,355.0,16.9,37.9,132.0
2023-08-24T17:00,41.7,24.4,323.0,16.2,31.9,118.0
2023-08-24T18:00,37.8,21.2,289.0,15.1,26.3,104.0
2023-08-24T19:00,33.6,18.3,259.0,13.8,22.3,92.0
2023-08-24T20:00,31.5,17.3,229.0,12.2,18.9,81.0
2023-08-24T21:00,29.8,16.6,198.0,10.5,15.4,72.0
2023-08-24T22:00,26.5,14.6,166.0,8.6,11.5,66.0
2023-08-24T23:00,23.1,12.5,133.0,6.6,7.6,62.0
2023-08-25T00:00,19.1,10.0,109.0,4.9,5.2,61.0
2023-08-25T01:00,17.5,9.1,100.0,4.1,4.3,60.0
2023-08-25T02:00,16.8,8.8,88.0,3.0,3.1,59.0
2023-08-25T03:00,17.6,9.3,82.0,2.3,2.3,59.0
2023-08-25T04:00,20.3,10.8,87.0,2.4,2.3,61.0
2023-08-25T05:00,25.5,13.6,98.0,2.8,2.7,63.0
2023-08-25T06:00,29.2,15.5,106.0,3.1,3.0,65.0
2023-08-25T07:00,30.9,16.4,108.0,2.9,3.1,66.0
2023-08-25T08:00,30.3,16.1,108.0,2.5,3.2,66.0
2023-08-25T09:00,28.6,15.1,107.0,2.2,3.2,67.0
2023-08-25T10:00,33.3,17.5,106.0,2.1,3.2,68.0
2023-08-25T11:00,34.6,18.1,103.0,2.1,3.1,69.0
2023-08-25T12:00,29.9,15.6,101.0,2.3,3.2,68.0
2023-08-25T13:00,32.1,16.6,100.0,2.4,3.0,67.0
2023-08-25T14:00,25.1,12.6,98.0,2.5,2.7,66.0
2023-08-25T15:00,23.7,11.9,97.0,2.6,2.5,66.0
2023-08-25T16:00,28.5,14.3,98.0,2.5,2.6,67.0
2023-08-25T17:00,30.6,15.6,100.0,2.4,2.9,68.0
2023-08-25T18:00,31.3,16.0,100.0,2.3,3.0,69.0
2023-08-25T19:00,31.0,15.8,98.0,2.2,3.0,69.0
2023-08-25T20:00,31.0,15.8,94.0,2.1,2.8,69.0
2023-08-25T21:00,31.9,16.3,90.0,2.0,2.6,69.0
2023-08-25T22:00,31.0,15.8,86.0,1.7,2.2,69.0
2023-08-25T23:00,30.5,15.5,83.0,1.4,1.7,68.0
2023-08-26T00:00,27.0,13.6,79.0,1.1,1.3,68.0
2023-08-26T01:00,25.2,12.8,78.0,1.1,1.2,68.0
2023-08-26T02:00,24.7,12.6,77.0,1.0,1.2,68.0
2023-08-26T03:00,25.1,12.8,78.0,1.2,1.4,68.0
2023-08-26T04:00,25.1,12.8,84.0,1.8,2.1,68.0
2023-08-26T05:00,25.7,13.2,91.0,2.6,3.0,67.0
2023-08-26T06:00,26.4,13.8,98.0,3.1,3.7,67.0
2023-08-26T07:00,26.4,13.8,102.0,3.1,4.1,68.0
2023-08-26T08:00,26.4,13.7,105.0,2.7,4.4,69.0
2023-08-26T09:00,26.6,14.0,107.0,2.5,4.6,70.0
2023-08-26T10:00,26.0,13.7,109.0,2.4,4.8,72.0
2023-08-26T11:00,25.8,13.5,110.0,2.3,5.0,73.0
2023-08-26T12:00,26.2,13.9,114.0,2.7,5.4,75.0
2023-08-26T13:00,26.5,14.1,115.0,3.4,5.6,73.0
2023-08-26T14:00,27.0,14.5,118.0,4.3,5.9,70.0
2023-08-26T15:00,27.5,14.8,122.0,5.2,6.5,67.0
2023-08-26T16:00,27.6,15.0,124.0,5.7,7.1,65.0
2023-08-26T17:00,28.2,15.5,128.0,6.2,7.9,63.0
2023-08-26T18:00,28.8,16.0,147.0,7.5,9.7,60.0
2023-08-26T19:00,31.5,18.1,200.0,10.7,14.1,55.0
2023-08-26T20:00,33.9,20.0,267.0,14.6,19.5,50.0
2023-08-26T21:00,36.0,21.7,306.0,16.8,22.2,47.0
2023-08-26T22:00,34.2,20.7,291.0,15.6,19.5,48.0
2023-08-26T23:00,30.3,18.0,248.0,12.7,14.1,51.0
2023-08-27T00:00,30.3,18.0,287.0,14.9,13.2,47.0
2023-08-27T01:00,25.7,15.0,253.0,12.4,11.3,49.0
2023-08-27T02:00,23.1,13.4,207.0,9.0,8.9,52.0
2023-08-27T03:00,20.9,12.1,181.0,7.2,7.9,54.0
2023-08-27T04:00,19.2,11.2,197.0,8.7,10.0,52.0
2023-08-27T05:00,18.9,11.2,234.0,11.8,13.6,48.0
2023-08-27T06:00,22.2,14.0,260.0,13.4,16.2,49.0
2023-08-27T07:00,23.2,15.0,261.0,12.1,16.7,59.0
2023-08-27T08:00,22.8,15.0,250.0,9.3,16.3,74.0
2023-08-27T09:00,21.7,14.3,238.0,7.0,15.7,86.0
2023-08-27T10:00,19.5,12.9,224.0,5.5,15.3,94.0
2023-08-27T11:00,20.1,13.3,207.0,4.5,14.7,99.0
2023-08-27T12:00,21.1,13.7,227.0,5.0,17.4,115.0
2023-08-27T13:00,20.0,13.1,218.0,6.2,15.7,104.0
2023-08-27T14:00,19.6,12.9,207.0,8.0,13.5,87.0
2023-08-27T15:00,17.2,11.4,215.0,11.0,13.1,71.0
2023-08-27T16:00,15.3,10.3,247.0,16.2,15.7,55.0
2023-08-27T17:00,16.5,11.3,298.0,22.5,20.1,39.0
2023-08-27T18:00,20.6,14.2,367.0,27.3,24.8,26.0
2023-08-27T19:00,25.7,17.8,479.0,29.3,30.7,19.0
2023-08-27T20:00,31.7,22.0,611.0,29.7,36.8,16.0
2023-08-27T21:00,36.4,25.3,687.0,29.6,38.8,14.0
2023-08-27T22:00,36.1,24.9,664.0,29.3,33.0,14.0
2023-08-27T23:00,30.7,21.0,586.0,28.4,23.0,15.0
2023-08-28T00:00,27.6,18.9,609.0,26.6,17.4,14.0
2023-08-28T01:00,19.0,13.0,540.0,23.2,15.0,16.0
2023-08-28T02:00,15.9,11.0,452.0,18.8,12.0,19.0
2023-08-28T03:00,15.4,10.7,429.0,17.0,12.6,21.0
2023-08-28T04:00,16.9,11.8,512.0,20.8,18.2,11.0
2023-08-28T05:00,23.1,16.1,661.0,27.2,27.4,0.0
2023-08-28T06:00,39.2,27.5,842.0,31.5,39.6,20.0
2023-08-28T07:00,64.0,44.8,1071.0,31.4,56.5,98.0
2023-08-28T08:00,92.7,64.7,1332.0,29.1,76.5,207.0
2023-08-28T09:00,112.9,79.2,1541.0,26.1,93.9,302.0
2023-08-28T10:00,130.4,91.0,1673.0,21.7,108.1,372.0
2023-08-28T11:00,144.4,100.8,1753.0,16.7,119.7,426.0
2023-08-28T12:00,97.8,68.5,1082.0,14.3,78.1,325.0
2023-08-28T13:00,106.2,74.0,1107.0,17.9,80.6,328.0
2023-08-28T14:00,111.3,77.8,1145.0,23.3,84.5,328.0
2023-08-28T15:00,115.3,80.3,1199.0,30.7,90.3,306.0
2023-08-28T16:00,119.2,83.1,1274.0,41.2,99.8,241.0
2023-08-28T17:00,123.9,86.4,1366.0,53.6,111.3,153.0
2023-08-28T18:00,131.3,91.7,1458.0,64.6,119.9,83.0
2023-08-28T19:00,139.7,97.8,1588.0,74.9,126.7,46.0
2023-08-28T20:00,143.4,100.6,1719.0,83.8,130.6,26.0
2023-08-28T21:00,125.7,88.0,1728.0,85.3,123.4,14.0
2023-08-28T22:00,98.7,69.2,1519.0,74.5,95.7,10.0
2023-08-28T23:00,67.8,47.4,1187.0,56.3,57.0,14.0
2023-08-29T00:00,46.8,32.7,1034.0,48.8,27.1,10.0
2023-08-29T01:00,29.6,20.7,863.0,38.2,22.6,20.0
2023-08-29T02:00,21.8,15.3,631.0,23.9,16.6,33.0
2023-08-29T03:00,19.4,13.4,479.0,14.8,14.3,43.0
2023-08-29T04:00,19.8,13.6,489.0,16.6,19.3,42.0
2023-08-29T05:00,24.5,16.8,580.0,23.6,28.1,37.0
2023-08-29T06:00,36.0,24.7,651.0,28.0,34.6,44.0
2023-08-29T07:00,48.5,33.4,673.0,26.2,37.0,75.0
2023-08-29T08:00,53.8,36.9,675.0,21.8,37.1,118.0
2023-08-29T09:00,49.9,34.2,645.0,17.5,35.3,148.0
2023-08-29T10:00,43.7,29.8,556.0,13.8,30.1,152.0
2023-08-29T11:00,36.8,25.1,435.0,10.2,23.0,143.0
2023-08-29T12:00,56.9,38.3,374.0,9.3,19.8,142.0
2023-08-29T13:00,47.8,32.2,366.0,10.6,18.5,133.0
2023-08-29T14:00,43.3,29.5,358.0,12.8,17.0,121.0
2023-08-29T15:00,40.3,27.6,377.0,16.5,18.3,106.0
2023-08-29T16:00,39.1,27.0,446.0,23.5,24.5,87.0
2023-08-29T17:00,40.9,28.3,542.0,32.0,33.5,66.0
2023-08-29T18:00,47.1,32.7,621.0,38.3,41.9,50.0
2023-08-29T19:00,55.9,38.3,663.0,40.1,49.3,44.0
2023-08-29T20:00,63.1,41.7,688.0,39.6,56.1,43.0
2023-08-29T21:00,66.4,43.2,716.0,39.4,60.5,41.0
2023-08-29T22:00,71.2,47.0,777.0,41.8,62.6,34.0
2023-08-29T23:00,69.6,46.7,841.0,44.5,62.3,26.0
2023-08-30T00:00,66.6,46.1,1090.0,58.0,64.8,10.0
2023-08-30T01:00,50.9,34.8,873.0,44.9,49.4,21.0
2023-08-30T02:00,39.3,26.1,574.0,27.0,28.4,36.0
2023-08-30T03:00,34.0,21.9,361.0,14.5,14.1,47.0
2023-08-30T04:00,34.8,22.0,314.0,13.0,12.7,47.0
2023-08-30T05:00,38.3,24.6,352.0,17.0,18.0,43.0
2023-08-30T06:00,45.4,29.9,399.0,20.0,23.6,47.0
2023-08-30T07:00,52.3,35.0,440.0,19.8,28.0,68.0
2023-08-30T08:00,58.6,39.6,490.0,18.6,32.8,97.0
2023-08-30T09:00,62.9,42.3,520.0,16.8,35.7,124.0
2023-08-30T10:00,67.3,45.2,516.0,13.9,35.9,150.0
2023-08-30T11:00,68.0,44.9,492.0,10.4,34.3,173.0
2023-08-30T12:00,39.5,24.6,322.0,7.6,21.1,143.0
2023-08-30T13:00,38.1,23.1,289.0,8.5,18.9,129.0
2023-08-30T14:00,34.3,20.8,246.0,10.0,16.2,108.0
2023-08-30T15:00,31.9,19.6,230.0,13.2,15.9,88.0
2023-08-30T16:00,30.7,18.9,279.0,20.7,21.5,69.0
2023-08-30T17:00,35.4,22.3,355.0,29.9,29.5,50.0
2023-08-30T18:00,40.7,26.1,386.0,34.0,33.3,39.0
2023-08-30T19:00,27.0,16.6,323.0,28.3,28.5,41.0
2023-08-30T20:00,22.4,13.5,214.0,17.5,19.5,51.0
2023-08-30T21:00,20.3,12.2,128.0,8.9,11.9,60.0
2023-08-30T22:00,18.3,10.7,95.0,5.3,8.0,65.0
2023-08-30T23:00,16.3,9.2,86.0,3.9,5.5,68.0
2023-08-31T00:00,15.9,8.4,79.0,2.3,2.9,73.0
2023-08-31T01:00,16.8,8.7,80.0,2.1,2.7,74.0
2023-08-31T02:00,15.8,8.2,82.0,1.8,2.4,74.0
2023-08-31T03:00,15.6,8.1,86.0,1.9,2.5,74.0
2023-08-31T04:00,15.8,8.3,96.0,2.8,3.4,72.0
2023-08-31T05:00,17.2,9.1,108.0,4.1,4.6,70.0
2023-08-31T06:00,19.3,10.4,117.0,5.0,5.5,68.0
2023-08-31T07:00,21.9,11.8,120.0,5.0,5.8,67.0
2023-08-31T08:00,24.2,13.0,119.0,4.6,5.8,67.0
2023-08-31T09:00,24.4,13.2,117.0,4.3,5.6,67.0
2023-08-31T10:00,24.0,13.0,113.0,4.2,5.2,66.0
2023-08-31T11:00,24.1,13.0,107.0,4.0,4.6,65.0
2023-08-31T12:00,20.1,10.6,96.0,3.7,4.2,65.0
2023-08-31T13:00,21.8,11.5,96.0,3.8,4.1,68.0
2023-08-31T14:00,25.8,13.6,97.0,3.9,3.9,72.0
2023-08-31T15:00,29.7,15.5,97.0,3.8,3.8,74.0
2023-08-31T16:00,34.2,17.6,97.0,3.5,3.6,71.0
2023-08-31T17:00,33.1,17.0,97.0,3.0,3.5,65.0
2023-08-31T18:00,29.4,15.2,97.0,2.7,3.4,61.0
2023-08-31T19:00,25.1,13.1,99.0,2.7,3.6,61.0
2023-08-31T20:00,24.6,12.8,101.0,2.9,4.0,62.0
2023-08-31T21:00,24.9,13.0,101.0,2.9,4.1,64.0
2023-08-31T22:00,24.2,12.6,98.0,2.7,3.7,65.0
2023-08-31T23:00,24.0,12.5,93.0,2.3,3.1,66.0
2023-09-01T00:00,24.7,12.7,95.0,1.9,2.4,67.0
2023-09-01T01:00,24.6,12.7,89.0,1.4,1.8,68.0
2023-09-01T02:00,23.7,12.2,84.0,1.0,1.3,69.0
2023-09-01T03:00,23.0,11.9,97.0,2.0,2.7,69.0
2023-09-01T04:00,22.9,12.0,151.0,6.5,8.5,64.0
2023-09-01T05:00,24.6,13.3,224.0,12.6,16.3,58.0
2023-09-01T06:00,32.0,18.9,262.0,15.7,20.6,55.0
2023-09-01T07:00,35.9,21.8,233.0,13.1,18.0,59.0
2023-09-01T08:00,24.9,13.7,170.0,7.5,11.8,67.0
2023-09-01T09:00,21.8,11.8,120.0,3.2,6.9,73.0
2023-09-01T10:00,20.5,11.1,104.0,1.9,5.2,75.0
2023-09-01T11:00,19.2,10.3,101.0,1.8,4.8,76.0
2023-09-01T12:00,23.2,12.5,113.0,3.4,7.6,80.0
2023-09-01T13:00,22.4,12.0,110.0,3.6,6.9,77.0
2023-09-01T14:00,22.3,11.9,105.0,3.9,6.0,73.0
2023-09-01T15:00,23.5,12.6,102.0,4.1,5.3,69.0
2023-09-01T16:00,23.1,12.4,102.0,4.2,5.1,67.0
2023-09-01T17:00,22.7,12.3,104.0,4.3,5.2,66.0
2023-09-01T18:00,22.0,11.9,108.0,4.5,5.6,65.0
2023-09-01T19:00,20.7,11.1,117.0,5.0,6.7,64.0
2023-09-01T20:00,20.3,11.0,128.0,5.5,8.0,63.0
2023-09-01T21:00,21.2,11.9,136.0,6.1,8.8,62.0
2023-09-01T22:00,20.4,11.6,137.0,6.5,8.3,60.0
2023-09-01T23:00,18.9,10.8,136.0,6.9,7.2,57.0
2023-09-02T00:00,18.6,10.4,123.0,6.3,5.3,54.0
2023-09-02T01:00,17.5,9.7,125.0,6.3,5.2,51.0
2023-09-02T02:00,17.9,9.9,127.0,6.3,5.2,48.0
2023-09-02T03:00,18.2,10.0,132.0,6.5,5.6,45.0
2023-09-02T04:00,22.8,12.4,142.0,7.4,6.9,44.0
2023-09-02T05:00,21.0,11.6,154.0,8.5,8.6,43.0
2023-09-02T06:00,21.3,12.0,160.0,8.8,9.7,45.0
2023-09-02T07:00,22.5,12.7,156.0,7.7,9.7,51.0
2023-09-02T08:00,24.6,13.8,147.0,5.9,9.0,59.0
2023-09-02T09:00,26.1,14.3,137.0,4.4,8.3,66.0
2023-09-02T10:00,24.5,13.3,128.0,3.7,7.5,70.0
2023-09-02T11:00,25.2,13.6,118.0,3.3,6.7,72.0
2023-09-02T12:00,25.7,13.8,98.0,3.1,5.7,72.0
2023-09-02T13:00,24.4,13.1,97.0,3.5,5.4,71.0
2023-09-02T14:00,23.5,12.6,96.0,4.1,5.1,70.0
2023-09-02T15:00,21.8,11.8,97.0,4.8,5.2,68.0
2023-09-02T16:00,20.8,11.3,101.0,5.4,5.8,66.0
2023-09-02T17:00,21.2,11.6,108.0,6.1,6.8,64.0
2023-09-02T18:00,21.8,12.0,119.0,7.1,8.4,62.0
2023-09-02T19:00,21.9,12.2,137.0,8.4,11.0,60.0
2023-09-02T20:00,22.1,12.4,160.0,10.0,14.1,58.0
2023-09-02T21:00,24.7,14.4,182.0,11.6,16.3,55.0
2023-09-02T22:00,26.0,15.4,201.0,13.2,17.1,51.0
2023-09-02T23:00,25.0,15.0,219.0,14.8,17.0,46.0
2023-09-03T00:00,27.1,16.5,261.0,17.6,19.2,40.0
2023-09-03T01:00,26.7,16.8,261.0,17.3,18.3,39.0
2023-09-03T02:00,25.0,15.6,262.0,16.9,17.2,37.0
2023-09-03T03:00,23.9,14.9,276.0,17.1,17.2,36.0
2023-09-03T04:00,23.6,14.9,322.0,19.0,20.0,33.0
2023-09-03T05:00,24.6,15.7,380.0,21.5,24.0,30.0
2023-09-03T06:00,29.6,19.3,399.0,21.7,25.5,33.0
2023-09-03T07:00,31.0,20.1,341.0,17.3,22.0,47.0
2023-09-03T08:00,30.6,19.6,244.0,10.5,16.0,66.0
2023-09-03T09:00,20.0,11.4,166.0,5.3,11.1,80.0
2023-09-03T10:00,17.8,9.9,132.0,3.3,8.6,83.0
2023-09-03T11:00,17.0,9.4,118.0,2.9,7.2,81.0
2023-09-03T12:00,17.8,9.6,106.0,2.8,5.5,75.0
2023-09-03T13:00,18.5,9.9,104.0,3.0,5.1,73.0
2023-09-03T14:00,19.7,10.5,101.0,3.3,4.5,70.0
2023-09-03T15:00,20.8,11.1,101.0,3.7,4.3,67.0
2023-09-03T16:00,22.6,12.1,105.0,4.3,4.6,65.0
2023-09-03T17:00,24.1,13.0,111.0,5.0,5.3,64.0
2023-09-03T18:00,23.8,12.9,115.0,5.5,5.9,63.0
2023-09-03T19:00,22.1,12.0,117.0,5.5,6.5,62.0
2023-09-03T20:00,19.6,10.6,117.0,5.3,7.0,62.0
2023-09-03T21:00,20.4,11.1,116.0,5.1,7.1,62.0
2023-09-03T22:00,19.5,10.7,110.0,4.8,6.3,62.0
2023-09-03T23:00,19.6,10.6,102.0,4.4,5.2,62.0
2023-09-04T00:00,23.8,12.9,118.0,6.0,6.4,59.0
2023-09-04T01:00,24.7,13.2,113.0,5.6,6.2,59.0
2023-09-04T02:00,27.2,14.6,107.0,5.0,6.0,60.0
2023-09-04T03:00,27.5,14.7,106.0,4.9,6.3,60.0
2023-09-04T04:00,26.8,14.3,112.0,5.6,7.2,59.0
2023-09-04T05:00,26.7,14.4,123.0,6.7,8.6,57.0
2023-09-04T06:00,26.6,14.6,135.0,7.4,10.3,58.0
2023-09-04T07:00,27.8,15.5,151.0,7.4,12.7,63.0
2023-09-04T08:00,27.9,15.7,168.0,7.1,15.4,71.0
2023-09-04T09:00,27.2,15.3,176.0,6.5,16.6,78.0
2023-09-04T10:00,26.1,14.5,169.0,5.5,15.3,82.0
2023-09-04T11:00,24.9,13.7,154.0,4.3,12.6,86.0
2023-09-04T12:00,28.0,15.3,160.0,4.4,13.9,98.0
2023-09-04T13:00,24.7,13.3,146.0,4.4,11.9,91.0
2023-09-04T14:00,22.2,11.9,128.0,4.3,9.0,81.0
2023-09-04T15:00,20.5,11.0,113.0,4.3,6.8,73.0
2023-09-04T16:00,19.2,10.4,107.0,4.4,5.9,68.0
2023-09-04T17:00,18.7,10.1,106.0,4.4,5.6,65.0
2023-09-04T18:00,18.9,10.2,104.0,4.4,5.3,63.0
2023-09-04T19:00,19.1,10.2,101.0,4.1,5.0,62.0
2023-09-04T20:00,19.2,10.2,98.0,3.8,4.8,62.0
2023-09-04T21:00,19.0,10.1,94.0,3.3,4.3,62.0
2023-09-04T22:00,16.9,9.1,89.0,2.7,3.3,62.0
2023-09-04T23:00,14.8,7.8,84.0,2.1,2.0,61.0
2023-09-05T00:00,16.2,8.4,82.0,1.4,1.1,62.0
2023-09-05T01:00,14.6,7.7,82.0,1.5,1.4,62.0
2023-09-05T02:00,13.9,7.3,82.0,1.5,1.7,63.0
2023-09-05T03:00,15.3,7.9,83.0,1.7,2.1,63.0
2023-09-05T04:00,18.1,9.3,85.0,2.0,2.4,62.0
2023-09-05T05:00,19.1,9.8,88.0,2.4,2.8,61.0
2023-09-05T06:00,20.1,10.4,91.0,2.6,3.1,61.0
2023-09-05T07:00,20.2,10.4,94.0,2.6,3.4,61.0
2023-09-05T08:00,19.9,10.3,96.0,2.4,3.6,63.0
2023-09-05T09:00,30.3,15.8,98.0,2.2,3.9,64.0
2023-09-05T10:00,26.5,13.9,99.0,2.1,4.2,67.0
2023-09-05T11:00,33.5,17.5,99.0,2.0,4.4,69.0
2023-09-05T12:00,30.6,16.0,111.0,2.5,5.0,72.0
2023-09-05T13:00,30.6,15.9,109.0,2.6,4.7,70.0
2023-09-05T14:00,30.5,15.9,105.0,2.8,4.3,67.0
2023-09-05T15:00,30.2,15.7,103.0,3.0,4.0,65.0
2023-09-05T16:00,30.4,15.9,103.0,3.2,4.0,64.0
2023-09-05T17:00,30.3,15.8,104.0,3.4,4.1,62.0
2023-09-05T18:00,27.6,14.6,105.0,3.4,4.2,62.0
2023-09-05T19:00,23.2,12.3,104.0,3.2,4.1,62.0
2023-09-05T20:00,21.8,11.6,102.0,2.9,4.0,63.0
2023-09-05T21:00,21.5,11.4,100.0,2.6,3.8,64.0
2023-09-05T22:00,20.7,11.1,96.0,2.4,3.4,64.0
2023-09-05T23:00,20.7,11.0,91.0,2.3,2.9,65.0
2023-09-06T00:00,21.9,11.6,91.0,1.6,2.0,65.0
2023-09-06T01:00,22.0,11.6,90.0,1.4,1.7,65.0
2023-09-06T02:00,20.8,11.1,90.0,1.3,1.5,65.0
2023-09-06T03:00,21.2,11.3,94.0,1.7,1.8,63.0
2023-09-06T04:00,21.8,11.6,108.0,3.3,3.3,58.0
2023-09-06T05:00,25.6,13.8,126.0,5.6,5.4,52.0
2023-09-06T06:00,29.3,16.0,140.0,7.0,7.0,48.0
2023-09-06T07:00,29.4,16.2,147.0,7.0,7.8,49.0
2023-09-06T08:00,27.7,15.3,149.0,6.2,8.1,52.0
2023-09-06T09:00,26.5,14.5,148.0,5.3,8.0,56.0
2023-09-06T10:00,26.8,14.5,141.0,4.4,7.3,62.0
2023-09-06T11:00,27.5,14.8,130.0,3.3,6.1,69.0
2023-09-06T12:00,24.2,12.9,106.0,2.2,4.0,73.0
2023-09-06T13:00,23.4,12.5,106.0,2.7,4.0,72.0
2023-09-06T14:00,23.3,12.5,106.0,3.3,4.0,71.0
2023-09-06T15:00,22.9,12.3,108.0,4.0,4.3,69.0
2023-09-06T16:00,23.2,12.6,113.0,4.7,5.0,67.0
2023-09-06T17:00,23.5,12.8,120.0,5.3,6.0,65.0
2023-09-06T18:00,23.1,12.7,124.0,5.6,6.5,64.0
2023-09-06T19:00,21.1,11.6,122.0,5.2,6.3,64.0
2023-09-06T20:00,20.3,11.2,117.0,4.4,5.6,65.0
2023-09-06T21:00,19.7,10.9,112.0,3.8,5.0,65.0
2023-09-06T22:00,20.2,11.2,108.0,3.5,4.5,64.0
2023-09-06T23:00,20.4,11.1,104.0,3.4,4.0,63.0
2023-09-07T00:00,20.7,11.2,92.0,2.5,2.8,65.0
2023-09-07T01:00,20.3,11.0,91.0,2.4,2.7,65.0
2023-09-07T02:00,19.8,10.8,91.0,2.3,2.7,65.0
2023-09-07T03:00,20.4,11.0,93.0,2.5,3.0,65.0
2023-09-07T04:00,21.3,11.5,101.0,3.5,4.0,64.0
2023-09-07T05:00,23.0,12.5,113.0,4.7,5.4,62.0
2023-09-07T06:00,24.9,13.6,121.0,5.5,6.4,62.0
2023-09-07T07:00,25.1,13.8,123.0,5.2,6.9,64.0
2023-09-07T08:00,25.7,14.2,123.0,4.4,7.0,68.0
2023-09-07T09:00,22.9,12.6,120.0,3.7,6.9,71.0
2023-09-07T10:00,22.5,12.5,113.0,3.1,6.4,74.0
2023-09-07T11:00,22.8,12.6,105.0,2.5,5.7,77.0
2023-09-07T12:00,20.0,10.9,95.0,2.4,5.6,80.0
2023-09-07T13:00,20.5,11.2,98.0,3.2,5.8,79.0
2023-09-07T14:00,23.5,12.7,101.0,4.4,6.2,77.0
2023-09-07T15:00,26.1,14.3,107.0,5.6,6.9,75.0
2023-09-07T16:00,26.4,14.6,108.0,6.5,7.3,72.0
2023-09-07T17:00,26.6,14.8,111.0,7.5,8.0,69.0
2023-09-07T18:00,27.2,15.3,134.0,9.5,10.8,65.0
2023-09-07T19:00,28.3,16.1,194.0,13.5,18.2,60.0
2023-09-07T20:00,32.6,19.2,273.0,18.6,27.7,53.0
2023-09-07T21:00,39.1,23.9,337.0,22.8,33.5,48.0
2023-09-07T22:00,46.9,30.2,376.0,25.7,32.4,43.0
2023-09-07T23:00,43.2,27.9,400.0,27.7,27.5,40.0
2023-09-08T00:00,48.5,31.7,591.0,40.8,35.2,27.0
2023-09-08T01:00,33.8,20.9,474.0,32.4,27.6,35.0
2023-09-08T02:00,29.2,17.5,317.0,20.9,17.4,47.0
2023-09-08T03:00,27.9,16.6,223.0,13.4,11.4,53.0
2023-09-08T04:00,29.9,18.0,259.0,14.3,13.8,45.0
2023-09-08T05:00,32.1,20.0,358.0,19.2,20.5,32.0
2023-09-08T06:00,35.9,22.9,427.0,22.1,25.8,32.0
2023-09-08T07:00,40.3,26.4,431.0,20.1,28.1,58.0
2023-09-08T08:00,33.2,21.3,405.0,16.1,29.0,97.0
2023-09-08T09:00,37.5,23.7,361.0,12.2,27.6,123.0
2023-09-08T10:00,43.9,27.2,291.0,8.9,22.3,124.0
2023-09-08T11:00,32.4,19.0,204.0,5.7,14.7,113.0
2023-09-08T12:00,28.8,16.9,190.0,5.1,12.6,126.0
2023-09-08T13:00,23.5,13.5,160.0,4.7,10.6,114.0
2023-09-08T14:00,21.9,12.5,121.0,4.4,8.1,97.0
2023-09-08T15:00,18.7,10.4,113.0,6.4,8.0,80.0
2023-09-08T16:00,19.4,11.1,158.0,12.6,12.3,66.0
2023-09-08T17:00,25.0,15.1,233.0,21.1,19.0,52.0
2023-09-08T18:00,31.4,19.6,313.0,28.5,25.4,41.0
2023-09-08T19:00,37.6,24.1,414.0,34.8,31.9,32.0
2023-09-08T20:00,42.0,27.5,519.0,40.0,38.0,26.0
2023-09-08T21:00,43.0,28.5,557.0,40.8,39.3,24.0
2023-09-08T22:00,27.3,17.2,469.0,34.0,31.9,30.0
2023-09-08T23:00,23.9,15.1,314.0,22.9,19.7,41.0
2023-09-09T00:00,17.6,9.7,86.0,3.8,3.3,68.0
2023-09-09T01:00,17.9,9.7,83.0,3.3,3.2,69.0
2023-09-09T02:00,18.1,9.8,80.0,2.7,3.0,70.0
2023-09-09T03:00,18.0,9.7,86.0,2.9,3.7,70.0
2023-09-09T04:00,17.5,9.6,112.0,5.1,6.0,66.0
2023-09-09T05:00,17.4,9.7,147.0,8.2,9.1,60.0
2023-09-09T06:00,19.1,11.4,168.0,9.8,10.9,58.0
2023-09-09T07:00,19.2,11.5,163.0,8.6,10.4,63.0
2023-09-09T08:00,17.6,10.2,145.0,6.0,8.6,72.0
2023-09-09T09:00,17.0,9.8,129.0,3.9,7.0,79.0
2023-09-09T10:00,17.3,9.9,122.0,3.0,5.9,82.0
2023-09-09T11:00,17.2,9.7,117.0,2.5,4.9,84.0
2023-09-09T12:00,12.8,7.2,95.0,3.0,4.5,85.0
2023-09-09T13:00,13.4,7.4,94.0,3.3,4.2,83.0
2023-09-09T14:00,15.0,8.3,93.0,3.6,3.7,80.0
2023-09-09T15:00,17.6,9.8,92.0,3.9,3.4,77.0
2023-09-09T16:00,22.0,12.4,92.0,4.0,3.4,74.0
2023-09-09T17:00,22.4,12.6,92.0,4.0,3.5,72.0
2023-09-09T18:00,21.4,11.9,91.0,3.8,3.5,70.0
2023-09-09T19:00,22.5,12.5,87.0,3.4,3.3,69.0
2023-09-09T20:00,23.6,13.0,81.0,3.0,2.9,69.0
2023-09-09T21:00,23.3,12.9,77.0,2.5,2.5,69.0
2023-09-09T22:00,27.6,14.9,74.0,2.1,2.1,69.0
2023-09-09T23:00,27.2,14.6,73.0,1.7,1.7,70.0
2023-09-10T00:00,27.9,14.8,72.0,1.4,1.4,71.0
2023-09-10T01:00,30.3,16.0,73.0,1.4,1.4,71.0
2023-09-10T02:00,26.4,13.9,74.0,1.4,1.5,71.0
2023-09-10T03:00,22.9,12.0,77.0,1.5,1.7,71.0
2023-09-10T04:00,22.2,11.6,84.0,2.0,2.3,71.0
2023-09-10T05:00,19.7,10.2,93.0,2.7,3.0,71.0
2023-09-10T06:00,20.5,10.7,99.0,3.1,3.4,71.0
2023-09-10T07:00,23.5,12.3,100.0,2.9,3.3,71.0
2023-09-10T08:00,27.8,14.5,99.0,2.5,3.0,70.0
2023-09-10T09:00,30.0,15.7,97.0,2.1,2.7,70.0
2023-09-10T10:00,31.0,16.2,94.0,1.8,2.5,70.0
2023-09-10T11:00,32.6,17.0,91.0,1.5,2.3,71.0
2023-09-10T12:00,32.5,16.8,83.0,2.2,2.4,69.0
2023-09-10T13:00,33.2,17.3,88.0,2.6,2.4,68.0
2023-09-10T14:00,30.4,15.8,95.0,3.0,2.5,66.0
2023-09-10T15:00,37.0,19.2,99.0,3.3,2.6,65.0
2023-09-10T16:00,32.5,16.8,99.0,3.2,2.8,65.0
2023-09-10T17:00,31.1,15.9,97.0,2.8,3.0,66.0
2023-09-10T18:00,30.0,15.4,95.0,2.5,3.1,67.0
2023-09-10T19:00,28.6,14.6,92.0,2.2,2.9,67.0
2023-09-10T20:00,27.8,14.2,89.0,1.9,2.5,66.0
2023-09-10T21:00,29.3,15.0,86.0,1.7,2.1,65.0
2023-09-10T22:00,30.2,15.4,84.0,1.5,1.8,65.0
2023-09-10T23:00,29.2,14.9,82.0,1.3,1.5,65.0
2023-09-11T00:00,28.8,14.7,75.0,1.1,1.2,65.0
2023-09-11T01:00,26.0,13.3,77.0,1.1,1.3,65.0
2023-09-11T02:00,26.1,13.4,79.0,1.2,1.4,64.0
2023-09-11T03:00,23.8,12.3,82.0,1.4,1.7,64.0
2023-09-11T04:00,22.6,11.7,87.0,1.8,2.1,64.0
2023-09-11T05:00,20.7,10.7,92.0,2.2,2.7,64.0
2023-09-11T06:00,22.8,11.8,96.0,2.5,3.1,64.0
2023-09-11T07:00,22.1,11.5,98.0,2.4,3.4,65.0
2023-09-11T08:00,21.0,11.0,98.0,2.1,3.7,66.0
2023-09-11T09:00,20.5,10.7,97.0,1.8,3.8,67.0
2023-09-11T10:00,21.1,10.9,96.0,1.6,3.6,68.0
2023-09-11T11:00,21.4,11.1,94.0,1.4,3.3,68.0
2023-09-11T12:00,22.8,11.7,92.0,1.4,3.1,67.0
2023-09-11T13:00,23.6,12.1,93.0,1.8,3.2,66.0
2023-09-11T14:00,23.3,12.0,94.0,2.2,3.2,64.0
2023-09-11T15:00,24.2,12.6,95.0,2.7,3.4,63.0
2023-09-11T16:00,22.5,11.7,96.0,3.0,3.6,62.0
2023-09-11T17:00,21.6,11.4,98.0,3.3,3.9,61.0
2023-09-11T18:00,21.2,11.2,100.0,3.6,4.3,61.0
2023-09-11T19:00,21.2,11.2,99.0,3.5,4.4,61.0
2023-09-11T20:00,20.8,11.1,98.0,3.3,4.6,62.0
2023-09-11T21:00,20.7,11.1,110.0,4.2,5.8,61.0
2023-09-11T22:00,21.6,11.8,142.0,6.8,8.6,58.0
2023-09-11T23:00,24.2,13.9,187.0,10.4,12.4,53.0
2023-09-12T00:00,26.4,15.4,218.0,13.9,16.5,48.0
2023-09-12T01:00,30.5,18.6,268.0,16.7,17.9,42.0
2023-09-12T02:00,32.0,19.9,337.0,20.6,19.9,33.0
2023-09-12T03:00,33.2,20.6,389.0,23.3,21.9,28.0
2023-09-12T04:00,32.2,19.4,412.0,23.9,24.1,28.0
2023-09-12T05:00,32.9,19.7,419.0,23.3,26.4,31.0
2023-09-12T06:00,36.9,22.3,405.0,21.6,27.9,38.0
2023-09-12T07:00,37.7,22.1,358.0,18.2,28.2,52.0
2023-09-12T08:00,34.1,19.5,292.0,13.6,27.7,70.0
2023-09-12T09:00,29.4,16.9,242.0,10.0,27.0,86.0
2023-09-12T10:00,28.5,16.4,227.0,8.1,26.4,100.0
2023-09-12T11:00,30.3,17.3,230.0,7.2,25.7,113.0
2023-09-12T12:00,32.8,18.3,238.0,7.2,26.1,123.0
2023-09-12T13:00,33.3,18.6,229.0,7.2,24.0,123.0
2023-09-12T14:00,32.4,18.0,215.0,7.3,20.9,121.0
2023-09-12T15:00,28.8,15.9,201.0,7.5,18.0,116.0
2023-09-12T16:00,23.8,13.2,184.0,8.0,15.2,103.0
2023-09-12T17:00,19.3,10.8,167.0,8.8,12.6,87.0
2023-09-12T18:00,16.2,9.2,155.0,9.2,10.6,73.0
2023-09-12T19:00,14.9,8.6,152.0,9.0,9.8,66.0
2023-09-12T20:00,14.4,8.4,155.0,8.6,9.6,62.0
2023-09-12T21:00,14.0,8.4,164.0,8.6,9.7,58.0
2023-09-12T22:00,13.6,8.5,179.0,9.4,9.8,54.0
2023-09-12T23:00,12.8,8.1,199.0,10.6,10.0,49.0
2023-09-13T00:00,16.7,11.2,301.0,16.4,12.9,36.0
2023-09-13T01:00,15.4,10.5,295.0,15.8,12.1,33.0
2023-09-13T02:00,14.8,10.2,290.0,15.2,11.2,30.0
2023-09-13T03:00,14.5,10.0,320.0,16.0,12.7,28.0
2023-09-13T04:00,15.5,10.8,422.0,20.1,18.7,24.0
2023-09-13T05:00,20.1,14.0,559.0,25.6,27.0,21.0
2023-09-13T06:00,34.5,24.1,646.0,27.8,33.1,34.0
2023-09-13T07:00,50.5,35.4,646.0,23.5,35.5,81.0
2023-09-13T08:00,48.1,33.6,597.0,15.9,35.6,145.0
2023-09-13T09:00,44.8,31.2,525.0,9.6,33.3,185.0
2023-09-13T10:00,36.3,24.6,422.0,6.5,27.0,181.0
2023-09-13T11:00,28.7,17.8,297.0,4.8,18.3,153.0
2023-09-13T12:00,26.1,16.1,279.0,4.7,15.4,166.0
2023-09-13T13:00,22.1,12.5,225.0,4.2,11.9,142.0
2023-09-13T14:00,26.8,13.7,151.0,3.6,7.0,108.0
2023-09-13T15:00,24.2,12.2,97.0,3.1,3.5,83.0
2023-09-13T16:00,21.7,11.1,83.0,3.1,2.7,73.0
2023-09-13T17:00,22.2,11.5,88.0,3.3,3.3,72.0
2023-09-13T18:00,22.1,11.4,94.0,3.4,3.8,71.0
2023-09-13T19:00,21.2,10.9,93.0,3.2,3.7,69.0
2023-09-13T20:00,21.1,10.9,93.0,2.8,3.4,69.0
2023-09-13T21:00,22.1,11.5,91.0,2.5,3.1,68.0
2023-09-13T22:00,18.6,9.7,87.0,2.2,2.7,67.0
2023-09-13T23:00,19.3,10.0,81.0,1.9,2.2,67.0
2023-09-14T00:00,21.8,11.2,77.0,1.6,1.7,68.0
2023-09-14T01:00,21.5,11.1,76.0,1.5,1.5,68.0
2023-09-14T02:00,21.4,11.1,76.0,1.3,1.4,68.0
2023-09-14T03:00,21.0,10.9,78.0,1.5,1.5,67.0
2023-09-14T04:00,21.1,11.0,86.0,2.3,2.3,66.0
2023-09-14T05:00,22.1,11.7,97.0,3.5,3.4,64.0
2023-09-14T06:00,23.7,12.6,106.0,4.2,4.2,64.0
2023-09-14T07:00,24.0,12.9,109.0,4.0,4.5,65.0
2023-09-14T08:00,24.3,13.0,110.0,3.3,4.6,68.0
2023-09-14T09:00,24.9,13.4,110.0,2.7,4.6,70.0
2023-09-14T10:00,25.7,13.8,111.0,2.5,4.5,72.0
2023-09-14T11:00,25.4,13.6,112.0,2.4,4.3,74.0
2023-09-14T12:00,26.4,14.3,106.0,2.5,4.0,74.0
2023-09-14T13:00,24.1,13.0,105.0,2.8,3.8,72.0
2023-09-14T14:00,22.6,12.3,105.0,3.3,3.6,70.0
2023-09-14T15:00,23.2,12.5,105.0,3.6,3.5,68.0
2023-09-14T16:00,24.9,13.5,107.0,3.8,3.6,67.0
2023-09-14T17:00,25.0,13.5,109.0,3.9,3.9,66.0
2023-09-14T18:00,23.8,12.9,111.0,3.9,4.0,65.0
2023-09-14T19:00,22.8,12.3,111.0,3.8,4.0,65.0
2023-09-14T20:00,21.4,11.6,111.0,3.6,3.8,65.0
2023-09-14T21:00,20.3,11.0,109.0,3.3,3.5,65.0
2023-09-14T22:00,20.1,10.9,104.0,2.9,2.9,65.0
2023-09-14T23:00,19.1,10.3,97.0,2.3,2.3,66.0
2023-09-15T00:00,21.7,11.6,90.0,1.8,1.6,66.0
2023-09-15T01:00,24.4,13.0,91.0,1.7,1.5,67.0
2023-09-15T02:00,25.3,13.4,93.0,1.5,1.4,69.0
2023-09-15T03:00,26.4,14.1,95.0,1.5,1.4,70.0
2023-09-15T04:00,22.9,12.4,99.0,1.9,1.6,68.0
2023-09-15T05:00,23.8,13.0,104.0,2.4,2.0,65.0
2023-09-15T06:00,27.0,14.6,106.0,2.7,2.3,64.0
2023-09-15T07:00,30.9,16.5,105.0,2.5,2.6,66.0
2023-09-15T08:00,34.2,18.1,102.0,2.1,2.9,70.0
2023-09-15T09:00,33.5,17.6,98.0,1.8,3.0,73.0
2023-09-15T10:00,34.0,17.9,94.0,1.6,2.8,74.0
2023-09-15T11:00,35.7,18.6,91.0,1.4,2.5,73.0
2023-09-15T12:00,41.1,21.4,75.0,1.4,2.3,71.0
2023-09-15T13:00,38.3,20.0,77.0,1.5,2.3,70.0
2023-09-15T14:00,37.5,19.5,80.0,1.7,2.2,69.0
2023-09-15T15:00,37.1,19.3,83.0,1.9,2.2,68.0
2023-09-15T16:00,37.6,19.4,86.0,2.0,2.3,67.0
2023-09-15T17:00,37.7,19.4,90.0,2.1,2.4,65.0
2023-09-15T18:00,36.0,18.5,92.0,2.1,2.4,64.0
2023-09-15T19:00,34.9,17.9,93.0,2.0,2.3,63.0
2023-09-15T20:00,33.4,17.2,92.0,1.8,2.2,63.0
2023-09-15T21:00,32.7,16.8,91.0,1.6,2.0,63.0
2023-09-15T22:00,31.7,16.2,89.0,1.4,1.8,63.0
2023-09-15T23:00,30.6,15.7,85.0,1.3,1.5,64.0
2023-09-16T00:00,31.9,16.3,94.0,1.1,1.2,64.0
2023-09-16T01:00,33.6,17.2,94.0,1.1,1.1,64.0
2023-09-16T02:00,31.8,16.2,93.0,1.0,1.0,64.0
2023-09-16T03:00,30.9,15.7,94.0,1.1,1.1,64.0
2023-09-16T04:00,30.9,15.7,98.0,1.5,1.5,64.0
2023-09-16T05:00,31.5,16.1,103.0,1.9,2.1,64.0
2023-09-16T06:00,32.2,16.6,106.0,2.2,2.5,65.0
2023-09-16T07:00,32.8,16.9,107.0,2.1,2.7,66.0
2023-09-16T08:00,33.6,17.3,106.0,1.7,2.7,68.0
2023-09-16T09:00,33.9,17.5,105.0,1.5,2.7,70.0
2023-09-16T10:00,32.9,17.0,104.0,1.5,2.7,71.0
2023-09-16T11:00,33.4,17.3,101.0,1.5,2.7,72.0
2023-09-16T12:00,38.8,20.4,107.0,1.6,2.5,72.0
2023-09-16T13:00,38.0,20.1,107.0,1.9,2.5,71.0
2023-09-16T14:00,36.2,19.3,108.0,2.4,2.5,69.0
2023-09-16T15:00,37.0,19.7,108.0,2.7,2.6,68.0
2023-09-16T16:00,38.1,20.3,109.0,2.8,2.8,67.0
2023-09-16T17:00,37.3,20.0,109.0,2.8,3.0,67.0
2023-09-16T18:00,36.7,19.7,109.0,2.8,3.1,67.0
2023-09-16T19:00,35.6,19.1,107.0,2.7,3.1,67.0
2023-09-16T20:00,34.9,18.6,105.0,2.5,2.9,67.0
2023-09-16T21:00,33.5,17.8,102.0,2.3,2.7,68.0
2023-09-16T22:00,31.7,16.6,98.0,1.9,2.2,69.0
2023-09-16T23:00,30.2,15.8,94.0,1.4,1.7,70.0
2023-09-17T00:00,28.7,14.9,91.0,1.3,1.3,72.0
2023-09-17T01:00,27.4,14.2,89.0,1.2,1.2,73.0
2023-09-17T02:00,27.5,14.3,87.0,1.1,1.0,74.0
2023-09-17T03:00,28.1,14.6,89.0,1.4,1.5,74.0
2023-09-17T04:00,27.7,14.4,98.0,2.7,3.0,73.0
2023-09-17T05:00,26.9,14.1,111.0,4.5,5.1,71.0
2023-09-17T06:00,27.7,14.9,121.0,5.7,6.8,70.0
2023-09-17T07:00,29.2,15.9,125.0,5.6,7.7,71.0
2023-09-17T08:00,29.3,15.9,126.0,4.8,8.2,73.0
2023-09-17T09:00,28.1,15.2,127.0,4.2,8.6,76.0
2023-09-17T10:00,27.8,15.0,129.0,4.0,9.1,80.0
2023-09-17T11:00,28.9,15.7,131.0,3.9,9.5,84.0
2023-09-17T12:00,31.9,17.2,142.0,3.6,10.1,97.0
2023-09-17T13:00,31.7,17.1,136.0,3.8,9.3,93.0
2023-09-17T14:00,30.3,16.2,127.0,4.2,8.3,87.0
2023-09-17T15:00,28.0,15.0,121.0,4.6,7.5,81.0
2023-09-17T16:00,26.1,14.1,119.0,5.2,7.3,75.0
2023-09-17T17:00,25.1,13.8,120.0,6.0,7.4,69.0
2023-09-17T18:00,24.4,13.5,120.0,6.4,7.4,64.0
2023-09-17T19:00,23.7,13.2,119.0,6.3,7.2,62.0
2023-09-17T20:00,23.2,12.9,117.0,5.9,7.0,62.0
2023-09-17T21:00,22.8,12.7,113.0,5.4,6.5,62.0
2023-09-17T22:00,22.8,12.7,105.0,5.0,5.6,62.0
2023-09-17T23:00,21.8,12.0,95.0,4.6,4.4,62.0
2023-09-18T00:00,21.0,11.4,86.0,4.3,3.4,63.0
2023-09-18T01:00,20.1,10.8,83.0,3.2,2.4,64.0
2023-09-18T02:00,18.3,9.8,80.0,1.7,1.1,66.0
2023-09-18T03:00,17.7,9.5,84.0,1.4,1.1,66.0
2023-09-18T04:00,15.7,8.5,104.0,3.6,3.6,64.0
2023-09-18T05:00,15.5,8.6,132.0,7.1,7.4,60.0
2023-09-18T06:00,17.5,10.3,148.0,9.0,9.8,59.0
2023-09-18T07:00,15.0,8.4,142.0,7.9,9.4,62.0
2023-09-18T08:00,16.5,9.3,125.0,5.3,7.7,67.0
2023-09-18T09:00,15.6,8.7,113.0,3.4,6.4,71.0
2023-09-18T10:00,15.4,8.6,113.0,2.9,6.3,74.0
2023-09-18T11:00,15.5,8.6,117.0,2.9,6.7,77.0
2023-09-18T12:00,18.6,10.4,129.0,3.3,7.8,82.0
2023-09-18T13:00,20.0,11.1,132.0,4.0,8.2,81.0
2023-09-18T14:00,20.8,11.5,135.0,5.1,8.7,79.0
2023-09-18T15:00,20.9,11.6,139.0,6.3,9.3,76.0
2023-09-18T16:00,20.7,11.6,143.0,7.8,10.0,71.0
2023-09-18T17:00,21.5,12.2,147.0,9.4,10.7,64.0
2023-09-18T18:00,22.9,13.0,148.0,10.3,11.1,59.0
2023-09-18T19:00,24.0,13.7,144.0,10.1,11.0,58.0
2023-09-18T20:00,23.7,13.6,137.0,9.2,10.6,58.0
2023-09-18T21:00,22.5,12.9,127.0,8.1,9.6,59.0
2023-09-18T22:00,20.6,11.7,108.0,6.7,7.5,60.0
2023-09-18T23:00,17.2,9.7,87.0,5.0,4.9,62.0
2023-09-19T00:00,18.4,10.7,114.0,8.2,7.6,57.0
2023-09-19T01:00,17.7,10.3,114.0,8.4,7.7,56.0
2023-09-19T02:00,16.0,9.4,114.0,8.6,8.0,54.0
2023-09-19T03:00,15.3,9.2,118.0,9.1,8.3,52.0
2023-09-19T04:00,15.5,9.2,133.0,10.2,9.1,50.0
2023-09-19T05:00,17.2,10.2,153.0,11.5,10.0,47.0
2023-09-19T06:00,19.8,12.0,162.0,11.6,10.2,48.0
2023-09-19T07:00,20.7,12.3,150.0,9.5,8.9,54.0
2023-09-19T08:00,19.1,11.1,128.0,6.3,6.9,62.0
2023-09-19T09:00,16.8,9.7,110.0,3.8,5.3,69.0
2023-09-19T10:00,15.5,8.9,103.0,2.8,4.5,73.0
2023-09-19T11:00,15.5,8.8,100.0,2.5,4.0,74.0
2023-09-19T12:00,15.6,8.9,91.0,2.9,3.8,71.0
2023-09-19T13:00,15.5,8.8,91.0,3.2,3.6,70.0
2023-09-19T14:00,18.4,10.3,90.0,3.5,3.3,69.0
2023-09-19T15:00,22.4,12.4,90.0,3.7,3.0,68.0
2023-09-19T16:00,24.5,13.6,90.0,3.5,2.8,67.0
2023-09-19T17:00,23.1,12.8,90.0,3.1,2.7,65.0
2023-09-19T18:00,21.6,11.9,90.0,2.8,2.7,64.0
2023-09-19T19:00,23.8,12.9,91.0,2.7,2.8,63.0
2023-09-19T20:00,26.8,14.5,92.0,2.7,3.0,62.0
2023-09-19T21:00,27.4,14.8,93.0,2.6,3.0,62.0
2023-09-19T22:00,27.2,14.6,92.0,2.3,2.7,63.0
2023-09-19T23:00,27.5,14.6,90.0,1.9,2.2,64.0
2023-09-20T00:00,32.6,17.2,87.0,1.7,1.9,65.0
2023-09-20T01:00,33.3,17.6,87.0,1.7,2.0,65.0
2023-09-20T02:00,32.4,17.2,88.0,1.8,2.1,65.0
2023-09-20T03:00,31.0,16.5,90.0,2.1,2.4,64.0
2023-09-20T04:00,30.2,16.1,96.0,2.8,3.2,62.0
2023-09-20T05:00,30.3,16.3,104.0,3.6,4.2,60.0
2023-09-20T06:00,26.5,14.5,110.0,4.1,4.9,60.0
2023-09-20T07:00,24.1,13.3,111.0,3.8,5.1,62.0
2023-09-20T08:00,22.4,12.4,111.0,3.0,5.0,66.0
2023-09-20T09:00,21.4,11.8,109.0,2.4,4.8,69.0
2023-09-20T10:00,20.3,11.2,107.0,2.1,4.5,72.0
2023-09-20T11:00,19.7,10.9,104.0,2.0,4.1,74.0
2023-09-20T12:00,17.2,9.5,88.0,2.0,3.8,75.0
2023-09-20T13:00,17.2,9.6,85.0,2.3,3.6,73.0
2023-09-20T14:00,17.5,9.7,82.0,2.7,3.4,71.0
2023-09-20T15:00,18.1,10.1,80.0,3.1,3.3,69.0
2023-09-20T16:00,18.3,10.3,82.0,3.6,3.7,67.0
2023-09-20T17:00,18.7,10.6,85.0,4.2,4.2,64.0
2023-09-20T18:00,19.9,11.2,87.0,4.4,4.4,63.0
2023-09-20T19:00,20.9,11.7,85.0,3.9,4.0,64.0
2023-09-20T20:00,21.1,11.8,81.0,3.0,3.3,65.0
2023-09-20T21:00,21.1,11.8,78.0,2.3,2.7,66.0
2023-09-20T22:00,21.1,11.7,78.0,2.0,2.3,66.0
2023-09-20T23:00,19.6,11.0,80.0,1.8,2.0,65.0
2023-09-21T00:00,18.4,10.4,78.0,1.4,1.6,65.0
2023-09-21T01:00,18.0,10.2,79.0,1.6,1.8,63.0
2023-09-21T02:00,17.3,9.8,82.0,2.0,2.1,61.0
2023-09-21T03:00,17.8,10.1,86.0,2.5,2.6,58.0
2023-09-21T04:00,17.3,9.8,94.0,3.5,3.5,55.0
2023-09-21T05:00,16.8,9.6,104.0,4.7,4.5,52.0
2023-09-21T06:00,17.2,10.0,111.0,5.4,5.2,50.0
2023-09-21T07:00,17.6,10.2,114.0,5.3,5.3,51.0
2023-09-21T08:00,17.3,10.0,114.0,4.8,5.1,54.0
2023-09-21T09:00,17.3,9.9,113.0,4.2,4.9,57.0
2023-09-21T10:00,17.8,10.2,112.0,3.6,4.7,62.0
2023-09-21T11:00,16.3,9.3,110.0,3.1,4.4,67.0
2023-09-21T12:00,17.8,10.1,110.0,3.8,4.3,65.0
2023-09-21T13:00,17.7,10.0,110.0,4.4,4.2,64.0
2023-09-21T14:00,17.8,10.0,111.0,5.3,4.2,63.0
2023-09-21T15:00,19.1,10.7,114.0,6.2,4.5,61.0
2023-09-21T16:00,20.2,11.4,124.0,7.4,5.4,59.0
2023-09-21T17:00,21.8,12.5,137.0,8.6,6.7,56.0
2023-09-21T18:00,22.0,12.7,144.0,9.1,7.6,55.0
2023-09-21T19:00,20.2,11.8,140.0,8.4,7.7,55.0
2023-09-21T20:00,18.4,10.7,130.0,7.0,7.5,56.0
2023-09-21T21:00,18.0,10.3,122.0,6.0,7.3,57.0
2023-09-21T22:00,18.0,10.3,118.0,5.8,7.2,57.0
2023-09-21T23:00,18.5,10.5,115.0,6.0,7.2,57.0
2023-09-22T00:00,17.0,9.6,109.0,6.2,6.6,56.0
2023-09-22T01:00,16.2,9.2,109.0,6.5,7.1,56.0
2023-09-22T02:00,16.2,9.2,109.0,6.9,8.0,55.0
2023-09-22T03:00,16.4,9.3,114.0,7.6,9.4,55.0
2023-09-22T04:00,16.6,9.5,127.0,9.0,11.8,53.0
2023-09-22T05:00,17.1,10.0,144.0,10.6,14.8,51.0
2023-09-22T06:00,18.6,11.1,161.0,11.4,17.3,54.0
2023-09-22T07:00,21.0,12.9,177.0,10.5,19.0,68.0
2023-09-22T08:00,22.4,13.9,192.0,8.7,20.2,88.0
2023-09-22T09:00,24.3,14.7,200.0,7.1,20.5,103.0
2023-09-22T10:00,25.3,14.6,195.0,6.0,19.2,110.0
2023-09-22T11:00,24.7,14.1,183.0,5.2,17.0,113.0
2023-09-22T12:00,21.4,12.5,166.0,4.6,13.2,106.0
2023-09-22T13:00,21.5,12.3,170.0,5.5,14.3,108.0
2023-09-22T14:00,23.3,13.2,177.0,6.8,15.8,110.0
2023-09-22T15:00,24.6,13.9,184.0,8.4,16.8,108.0
2023-09-22T16:00,25.9,14.9,195.0,11.0,17.2,97.0
2023-09-22T17:00,24.5,14.4,208.0,14.1,17.1,82.0
2023-09-22T18:00,22.9,13.8,209.0,15.4,16.2,70.0
2023-09-22T19:00,21.2,12.8,191.0,13.7,13.9,64.0
2023-09-22T20:00,20.5,12.1,163.0,10.4,10.7,61.0
2023-09-22T21:00,20.1,11.6,137.0,7.5,8.0,59.0
2023-09-22T22:00,20.3,11.4,119.0,5.7,6.1,59.0
2023-09-22T23:00,20.0,11.0,103.0,4.2,4.5,61.0
2023-09-23T00:00,21.8,11.8,86.0,2.7,2.8,64.0
2023-09-23T01:00,23.1,12.4,85.0,2.5,2.7,64.0
2023-09-23T02:00,23.9,12.8,85.0,2.3,2.5,64.0
2023-09-23T03:00,24.9,13.2,86.0,2.2,2.5,64.0
2023-09-23T04:00,24.9,13.2,90.0,2.5,2.8,64.0
2023-09-23T05:00,25.5,13.5,96.0,3.0,3.3,64.0
2023-09-23T06:00,26.7,14.1,100.0,3.2,3.7,64.0
2023-09-23T07:00,26.6,14.1,102.0,2.9,3.9,65.0
2023-09-23T08:00,26.2,13.9,103.0,2.3,3.9,67.0
2023-09-23T09:00,26.0,13.7,104.0,1.9,3.9,69.0
2023-09-23T10:00,25.0,13.2,104.0,1.7,3.7,70.0
2023-09-23T11:00,23.5,12.4,103.0,1.7,3.5,70.0
2023-09-23T12:00,20.4,10.7,97.0,1.6,3.0,69.0
2023-09-23T13:00,21.4,11.2,97.0,1.9,3.0,67.0
2023-09-23T14:00,21.1,11.1,98.0,2.3,3.0,64.0
2023-09-23T15:00,19.6,10.3,99.0,2.7,3.0,61.0
2023-09-23T16:00,18.0,9.5,100.0,3.0,3.2,59.0
2023-09-23T17:00,17.0,9.1,102.0,3.3,3.4,58.0
2023-09-23T18:00,15.8,8.6,103.0,3.4,3.5,57.0
2023-09-23T19:00,14.8,8.1,103.0,3.3,3.5,57.0
2023-09-23T20:00,14.3,7.8,102.0,3.1,3.4,57.0
2023-09-23T21:00,14.2,7.8,100.0,2.9,3.2,57.0
2023-09-23T22:00,12.7,6.9,97.0,2.6,2.9,57.0
2023-09-23T23:00,10.9,5.9,93.0,2.2,2.5,57.0
2023-09-24T00:00,9.1,5.0,93.0,2.4,2.7,56.0
2023-09-24T01:00,7.5,4.1,93.0,2.3,2.6,56.0
2023-09-24T02:00,6.4,3.6,93.0,2.2,2.5,55.0
2023-09-24T03:00,6.1,3.5,96.0,2.3,2.6,55.0
2023-09-24T04:00,5.5,3.2,104.0,3.0,3.3,54.0
2023-09-24T05:00,6.5,3.9,115.0,3.9,4.2,54.0
2023-09-24T06:00,6.4,3.9,124.0,4.5,5.0,54.0
2023-09-24T07:00,6.9,4.3,130.0,4.4,5.5,56.0
2023-09-24T08:00,7.8,4.9,134.0,3.9,5.8,59.0
2023-09-24T09:00,9.1,5.6,135.0,3.5,5.8,61.0
2023-09-24T10:00,10.1,6.2,132.0,3.3,5.5,62.0
2023-09-24T11:00,11.5,6.9,127.0,3.2,4.9,62.0
2023-09-24T12:00,10.5,6.6,126.0,4.5,6.5,63.0
2023-09-24T13:00,8.9,5.6,128.0,5.3,6.3,60.0
2023-09-24T14:00,8.6,5.4,130.0,6.5,6.0,56.0
2023-09-24T15:00,9.1,5.6,130.0,7.0,5.6,54.0
2023-09-24T16:00,11.4,6.9,125.0,6.5,5.1,55.0
2023-09-24T17:00,13.8,7.9,118.0,5.4,4.6,58.0
2023-09-24T18:00,14.5,8.0,112.0,4.4,4.1,60.0
2023-09-24T19:00,17.2,9.3,110.0,3.8,3.7,62.0
2023-09-24T20:00,20.8,11.3,109.0,3.3,3.3,64.0
2023-09-24T21:00,22.9,12.3,107.0,2.9,2.9,65.0
2023-09-24T22:00,22.2,11.8,102.0,2.4,2.3,66.0
2023-09-24T23:00,25.2,13.3,97.0,1.9,1.7,67.0
2023-09-25T00:00,24.9,13.3,93.0,1.1,0.9,69.0
2023-09-25T01:00,24.8,13.2,93.0,1.1,0.9,69.0
2023-09-25T02:00,25.8,13.6,93.0,1.1,0.9,69.0
2023-09-25T03:00,26.0,13.7,94.0,1.3,1.0,68.0
2023-09-25T04:00,24.8,13.0,98.0,1.9,1.4,66.0
2023-09-25T05:00,25.3,13.3,104.0,2.6,2.0,64.0
2023-09-25T06:00,26.8,14.1,108.0,3.1,2.5,63.0
2023-09-25T07:00,27.1,14.3,110.0,3.2,2.7,63.0
2023-09-25T08:00,29.1,15.3,110.0,3.0,2.8,64.0
2023-09-25T09:00,30.0,15.8,109.0,2.8,2.9,65.0
2023-09-25T10:00,30.9,16.3,105.0,2.6,2.9,66.0
2023-09-25T11:00,33.1,17.4,100.0,2.3,2.9,66.0
2023-09-25T12:00,27.4,14.5,103.0,2.1,2.8,67.0
2023-09-25T13:00,27.7,14.6,102.0,2.6,2.9,65.0
2023-09-25T14:00,29.0,15.3,100.0,3.2,3.2,63.0
2023-09-25T15:00,33.3,17.5,99.0,3.8,3.4,61.0
2023-09-25T16:00,36.4,19.2,101.0,4.2,3.7,59.0
2023-09-25T17:00,36.2,19.0,103.0,4.5,4.0,58.0
2023-09-25T18:00,32.1,17.0,105.0,4.6,4.2,58.0
2023-09-25T19:00,27.5,14.5,106.0,4.4,4.2,59.0
2023-09-25T20:00,25.1,13.2,106.0,4.0,4.2,61.0
2023-09-25T21:00,25.1,13.1,104.0,3.6,4.0,63.0
2023-09-25T22:00,24.7,12.8,100.0,3.3,3.6,63.0
2023-09-25T23:00,24.5,12.6,94.0,3.0,3.1,63.0
2023-09-26T00:00,24.0,12.5,91.0,2.9,2.8,62.0
2023-09-26T01:00,23.5,12.3,90.0,2.8,2.7,61.0
2023-09-26T02:00,24.0,12.6,90.0,2.7,2.6,60.0
2023-09-26T03:00,22.4,11.8,97.0,3.1,3.3,59.0
2023-09-26T04:00,21.7,11.6,119.0,4.7,5.3,57.0
2023-09-26T05:00,22.5,12.3,149.0,6.9,8.0,56.0
2023-09-26T06:00,25.0,14.2,171.0,8.2,10.1,57.0
2023-09-26T07:00,25.7,14.7,178.0,7.7,11.0,63.0
2023-09-26T08:00,25.6,14.6,177.0,6.3,11.4,72.0
2023-09-26T09:00,25.6,14.7,176.0,5.2,11.3,81.0
2023-09-26T10:00,27.0,15.5,178.0,4.7,10.8,90.0
2023-09-26T11:00,29.6,17.0,180.0,4.4,10.0,100.0
2023-09-26T12:00,23.6,13.3,139.0,3.9,7.5,93.0
2023-09-26T13:00,24.0,13.5,132.0,4.4,6.8,88.0
2023-09-26T14:00,22.8,12.7,122.0,5.0,5.8,81.0
2023-09-26T15:00,20.8,11.6,117.0,5.8,5.3,74.0
2023-09-26T16:00,19.2,10.9,118.0,6.8,5.6,67.0
2023-09-26T17:00,18.3,10.6,124.0,7.9,6.4,60.0
2023-09-26T18:00,18.0,10.5,131.0,8.7,7.2,55.0
2023-09-26T19:00,17.1,10.1,140.0,9.1,8.2,52.0
2023-09-26T20:00,15.7,9.5,151.0,9.3,9.4,50.0
2023-09-26T21:00,13.7,8.6,159.0,9.3,9.9,48.0
2023-09-26T22:00,11.2,7.3,161.0,9.2,9.3,46.0
2023-09-26T23:00,9.5,6.3,159.0,9.1,8.2,45.0
2023-09-27T00:00,7.4,5.1,152.0,8.4,6.9,44.0
2023-09-27T01:00,7.0,4.7,144.0,7.6,6.3,44.0
2023-09-27T02:00,6.8,4.5,136.0,6.5,5.5,43.0
2023-09-27T03:00,6.7,4.4,144.0,6.4,6.0,44.0
2023-09-27T04:00,7.4,4.9,185.0,8.3,8.8,44.0
2023-09-27T05:00,10.2,6.8,241.0,11.0,12.8,45.0
2023-09-27T06:00,16.4,11.2,283.0,12.4,16.1,53.0
2023-09-27T07:00,27.4,18.9,295.0,11.1,18.0,76.0
2023-09-27T08:00,26.0,17.9,292.0,8.4,19.2,106.0
2023-09-27T09:00,27.5,18.7,285.0,6.3,19.6,129.0
2023-09-27T10:00,28.5,19.2,272.0,5.3,18.6,138.0
2023-09-27T11:00,27.2,18.2,255.0,4.8,16.8,139.0
2023-09-27T12:00,30.7,21.0,296.0,6.9,18.6,158.0
2023-09-27T13:00,32.2,22.0,287.0,8.6,17.1,147.0
2023-09-27T14:00,31.8,21.5,273.0,10.9,15.1,130.0
2023-09-27T15:00,26.8,17.6,258.0,12.8,13.4,111.0
2023-09-27T16:00,19.3,12.3,237.0,13.9,12.2,88.0
2023-09-27T17:00,14.7,9.3,215.0,14.6,11.3,63.0
2023-09-27T18:00,12.7,8.1,203.0,15.0,11.1,45.0
2023-09-27T19:00,12.1,7.9,211.0,14.9,12.2,40.0
2023-09-27T20:00,12.5,8.2,230.0,14.5,13.9,41.0
2023-09-27T21:00,14.0,9.3,244.0,14.1,14.7,42.0
2023-09-27T22:00,14.1,9.4,246.0,13.8,13.7,40.0
2023-09-27T23:00,13.3,8.9,242.0,13.5,11.8,37.0
2023-09-28T00:00,15.6,10.7,315.0,18.4,12.7,26.0
2023-09-28T01:00,15.0,10.3,319.0,17.7,12.2,23.0
2023-09-28T02:00,14.9,10.3,326.0,16.7,11.8,19.0
2023-09-28T03:00,14.6,10.1,339.0,16.4,12.4,19.0
2023-09-28T04:00,13.9,9.7,347.0,17.5,13.6,19.0
2023-09-28T05:00,15.9,11.1,360.0,19.4,16.0,24.0
2023-09-28T06:00,21.7,15.1,416.0,20.3,22.3,53.0
2023-09-28T07:00,32.9,23.1,547.0,19.7,36.1,126.0
2023-09-28T08:00,56.8,39.8,722.0,18.2,53.8,223.0
2023-09-28T09:00,85.0,59.5,877.0,16.5,67.2,306.0
2023-09-28T10:00,106.9,74.7,1008.0,14.2,73.2,365.0
2023-09-28T11:00,117.3,82.0,1121.0,11.8,74.8,410.0
2023-09-28T12:00,105.5,73.6,996.0,12.4,68.4,393.0
2023-09-28T13:00,107.3,74.7,971.0,15.7,64.9,371.0
2023-09-28T14:00,105.0,73.3,934.0,20.7,60.1,338.0
2023-09-28T15:00,94.3,65.9,893.0,26.7,56.4,291.0
2023-09-28T16:00,77.3,53.9,844.0,35.2,55.4,218.0
2023-09-28T17:00,67.3,47.0,791.0,44.9,55.6,132.0
2023-09-28T18:00,68.2,47.6,748.0,50.8,55.0,67.0
2023-09-28T19:00,63.8,44.5,720.0,49.9,52.7,41.0
2023-09-28T20:00,54.8,38.3,702.0,45.3,49.5,37.0
2023-09-28T21:00,50.5,35.3,698.0,41.8,46.7,34.0
2023-09-28T22:00,47.8,33.4,721.0,41.7,44.3,27.0
2023-09-28T23:00,46.6,32.6,758.0,42.8,42.2,21.0
2023-09-29T00:00,43.0,29.8,712.0,38.0,29.9,19.0
2023-09-29T01:00,40.3,28.1,659.0,34.0,27.3,20.0
2023-09-29T02:00,37.6,25.9,587.0,28.6,23.8,21.0
2023-09-29T03:00,37.8,24.3,532.0,24.7,22.2,26.0
2023-09-29T04:00,36.9,22.0,508.0,24.1,24.1,34.0
2023-09-29T05:00,38.9,23.1,501.0,25.0,27.9,46.0
2023-09-29T06:00,45.2,28.1,512.0,25.4,31.3,65.0
2023-09-29T07:00,59.8,38.9,562.0,24.7,34.4,99.0
2023-09-29T08:00,69.8,46.3,628.0,23.4,37.1,140.0
2023-09-29T09:00,61.9,41.1,644.0,21.4,37.1,167.0
2023-09-29T10:00,48.5,32.0,563.0,17.8,32.2,171.0
2023-09-29T11:00,37.1,24.0,432.0,13.4,24.6,162.0
2023-09-29T12:00,53.8,35.0,495.0,10.7,29.6,210.0
2023-09-29T13:00,41.0,25.0,410.0,11.1,23.6,181.0
2023-09-29T14:00,35.0,19.6,292.0,11.7,15.5,139.0
2023-09-29T15:00,30.9,16.8,204.0,12.2,9.7,105.0
2023-09-29T16:00,27.9,15.4,177.0,13.0,8.8,84.0
2023-09-29T17:00,27.4,15.5,179.0,13.7,10.4,69.0
2023-09-29T18:00,27.0,15.5,179.0,13.6,11.3,60.0
2023-09-29T19:00,26.6,15.5,166.0,12.0,10.4,57.0
2023-09-29T20:00,27.0,15.7,151.0,9.6,8.8,60.0
2023-09-29T21:00,26.4,15.3,137.0,7.4,7.3,63.0
2023-09-29T22:00,26.0,14.8,124.0,5.9,5.9,65.0
2023-09-29T23:00,25.8,14.5,112.0,4.7,4.5,67.0
2023-09-30T00:00,23.5,13.2,97.0,3.2,3.0,68.0
2023-09-30T01:00,21.5,12.0,93.0,2.7,2.6,69.0
2023-09-30T02:00,21.9,12.0,87.0,2.1,2.1,71.0
2023-09-30T03:00,23.7,12.8,89.0,2.4,2.3,71.0
2023-09-30T04:00,25.7,13.8,105.0,4.8,4.0,66.0
2023-09-30T05:00,27.5,15.0,127.0,8.1,6.3,60.0
2023-09-30T06:00,31.3,17.3,145.0,10.1,8.1,57.0
2023-09-30T07:00,32.4,17.9,154.0,9.5,8.7,61.0
2023-09-30T08:00,33.8,18.7,157.0,7.7,8.6,68.0
2023-09-30T09:00,34.3,18.9,157.0,6.0,8.3,74.0
2023-09-30T10:00,34.1,18.6,151.0,4.8,7.7,79.0
2023-09-30T11:00,32.9,17.9,141.0,3.9,6.9,84.0
2023-09-30T12:00,28.1,15.1,125.0,2.9,5.5,76.0
2023-09-30T13:00,28.0,15.1,128.0,3.7,5.6,74.0
2023-09-30T14:00,27.2,14.6,134.0,4.9,5.8,71.0
2023-09-30T15:00,27.3,14.9,147.0,7.0,6.9,67.0
2023-09-30T16:00,28.4,15.8,171.0,10.8,9.4,60.0
2023-09-30T17:00,29.2,16.5,203.0,15.4,12.8,51.0
2023-09-30T18:00,30.6,17.8,238.0,19.4,16.2,43.0
2023-09-30T19:00,32.6,19.4,284.0,22.4,20.1,38.0
2023-09-30T20:00,35.0,21.1,333.0,24.8,24.1,34.0
2023-09-30T21:00,36.3,22.1,358.0,25.4,25.5,32.0
2023-09-30T22:00,34.1,20.8,342.0,23.4,22.6,33.0
2023-09-30T23:00,31.0,18.6,301.0,19.7,17.2,36.0
2023-10-01T00:00,26.2,15.1,224.0,13.4,10.7,43.0
2023-10-01T01:00,23.5,13.3,198.0,11.1,9.1,45.0
2023-10-01T02:00,21.8,12.1,162.0,8.1,7.0,49.0
2023-10-01T03:00,20.3,11.1,142.0,6.2,6.1,52.0
2023-10-01T04:00,19.3,10.6,154.0,6.9,7.5,54.0
2023-10-01T05:00,20.1,11.4,181.0,8.8,10.0,55.0
2023-10-01T06:00,21.4,12.6,197.0,9.7,11.7,58.0
2023-10-01T07:00,20.2,11.9,185.0,8.2,11.4,64.0
2023-10-01T08:00,17.3,10.1,162.0,5.6,10.1,72.0
2023-10-01T09:00,15.2,8.9,149.0,3.9,9.4,80.0
2023-10-01T10:00,14.2,8.4,155.0,3.8,9.7,88.0
2023-10-01T11:00,14.2,8.6,171.0,4.5,10.4,96.0
2023-10-01T12:00,22.9,14.3,199.0,5.4,13.2,124.0
2023-10-01T13:00,27.8,17.9,214.0,7.5,13.4,124.0
2023-10-01T14:00,29.7,19.3,237.0,10.8,13.9,123.0
2023-10-01T15:00,29.7,19.4,269.0,15.6,15.7,114.0
2023-10-01T16:00,29.4,19.4,322.0,24.0,20.3,90.0
2023-10-01T17:00,30.5,20.5,385.0,34.0,26.2,58.0
2023-10-01T18:00,32.9,22.4,426.0,40.0,29.6,35.0
2023-10-01T19:00,29.6,20.0,425.0,38.4,28.3,28.0
2023-10-01T20:00,25.3,17.1,401.0,32.7,24.4,29.0
2023-10-01T21:00,24.0,16.3,386.0,28.2,20.8,29.0
2023-10-01T22:00,23.4,15.9,392.0,27.0,18.2,25.0
2023-10-01T23:00,21.8,15.0,406.0,26.9,15.8,21.0
2023-10-02T00:00,25.8,17.9,533.0,30.8,17.6,12.0
2023-10-02T01:00,22.8,15.8,525.0,29.5,15.6,8.0
2023-10-02T02:00,20.9,14.6,517.0,27.8,13.2,4.0
2023-10-02T03:00,20.0,14.0,536.0,27.3,13.1,8.0
2023-10-02T04:00,19.8,13.9,592.0,29.8,16.4,18.0
2023-10-02T05:00,24.6,17.2,674.0,33.4,22.0,37.0
2023-10-02T06:00,39.1,27.4,774.0,34.0,29.9,81.0
2023-10-02T07:00,60.5,42.4,930.0,28.4,43.5,181.0
2023-10-02T08:00,83.1,58.2,1105.0,19.8,59.2,307.0
2023-10-02T09:00,99.0,69.2,1175.0,12.9,66.6,386.0
2023-10-02T10:00,101.3,69.8,1059.0,9.7,58.4,379.0
2023-10-02T11:00,88.2,59.8,839.0,8.3,41.7,324.0
2023-10-02T12:00,79.2,51.7,748.0,9.8,36.2,334.0
2023-10-02T13:00,55.8,34.7,606.0,10.4,28.7,274.0
2023-10-02T14:00,40.4,24.1,411.0,11.4,18.5,192.0
2023-10-02T15:00,33.1,19.4,276.0,13.2,12.0,126.0
2023-10-02T16:00,30.5,18.2,260.0,17.0,13.2,94.0
2023-10-02T17:00,30.2,18.3,304.0,21.6,18.1,79.0
2023-10-02T18:00,32.6,20.4,338.0,24.3,21.5,69.0
2023-10-02T19:00,34.5,21.9,340.0,23.7,21.5,62.0
2023-10-02T20:00,33.1,21.0,332.0,21.2,20.1,60.0
2023-10-02T21:00,28.5,17.9,309.0,18.2,17.8,60.0
2023-10-02T22:00,22.9,14.1,262.0,14.8,14.1,60.0
2023-10-02T23:00,19.0,11.4,201.0,10.8,9.6,62.0
2023-10-03T00:00,14.1,8.2,121.0,5.9,5.0,63.0
2023-10-03T01:00,14.9,8.4,112.0,5.2,4.4,63.0
2023-10-03T02:00,15.9,8.8,100.0,4.2,3.6,63.0
2023-10-03T03:00,16.4,9.1,99.0,4.1,3.7,62.0
2023-10-03T04:00,17.0,9.4,119.0,5.7,5.4,59.0
2023-10-03T05:00,18.2,10.4,151.0,8.2,7.9,57.0
2023-10-03T06:00,20.5,12.3,176.0,9.7,9.9,58.0
2023-10-03T07:00,21.2,12.9,190.0,9.3,11.1,68.0
2023-10-03T08:00,21.2,13.0,198.0,8.0,11.8,83.0
2023-10-03T09:00,21.3,13.1,198.0,6.7,11.7,93.0
2023-10-03T10:00,20.6,12.7,185.0,5.8,10.5,96.0
2023-10-03T11:00,18.9,11.3,164.0,4.9,8.5,96.0
2023-10-03T12:00,16.7,10.0,133.0,4.9,7.4,96.0
2023-10-03T13:00,16.1,9.4,125.0,5.4,6.6,88.0
2023-10-03T14:00,15.4,8.7,114.0,6.1,5.6,76.0
2023-10-03T15:00,15.2,8.6,108.0,6.7,4.9,66.0
2023-10-03T16:00,14.0,8.0,110.0,7.2,5.0,59.0
2023-10-03T17:00,12.1,7.1,116.0,7.5,5.5,54.0
2023-10-03T18:00,10.2,6.3,122.0,7.7,6.0,50.0
2023-10-03T19:00,8.4,5.3,127.0,7.6,6.4,48.0
2023-10-03T20:00,8.2,5.3,131.0,7.4,6.8,47.0
2023-10-03T21:00,8.5,5.5,133.0,7.1,6.8,46.0
2023-10-03T22:00,8.2,5.3,129.0,6.7,6.2,45.0
2023-10-03T23:00,7.4,4.9,121.0,6.1,5.3,45.0
2023-10-04T00:00,8.7,5.7,143.0,8.1,6.7,40.0
2023-10-04T01:00,8.7,5.7,140.0,7.7,6.7,37.0
2023-10-04T02:00,9.1,6.0,141.0,7.4,6.9,34.0
2023-10-04T03:00,9.7,6.4,169.0,9.0,9.4,32.0
2023-10-04T04:00,11.3,7.6,239.0,14.5,15.2,27.0
2023-10-04T05:00,17.0,11.7,338.0,22.0,23.2,24.0
2023-10-04T06:00,28.8,20.0,449.0,27.4,32.3,39.0
2023-10-04T07:00,45.1,31.4,597.0,29.0,44.6,90.0
2023-10-04T08:00,64.0,44.8,757.0,28.5,57.8,159.0
2023-10-04T09:00,78.5,54.8,845.0,26.8,64.5,209.0
2023-10-04T10:00,77.5,54.0,807.0,23.0,59.2,223.0
2023-10-04T11:00,68.5,47.5,696.0,18.0,47.2,218.0
2023-10-04T12:00,73.8,50.6,683.0,13.6,49.6,269.0
2023-10-04T13:00,67.8,45.9,625.0,16.9,44.0,241.0
2023-10-04T14:00,60.5,40.4,545.0,21.5,36.4,200.0
2023-10-04T15:00,54.0,35.6,474.0,25.4,30.7,162.0
2023-10-04T16:00,51.1,33.5,427.0,28.3,29.2,128.0
2023-10-04T17:00,43.5,28.3,389.0,30.5,29.6,96.0
2023-10-04T18:00,36.3,23.6,355.0,31.3,29.4,71.0
2023-10-04T19:00,30.9,20.1,325.0,30.0,27.7,54.0
2023-10-04T20:00,27.3,17.8,299.0,27.2,25.4,44.0
2023-10-04T21:00,24.0,15.7,267.0,23.8,22.5,39.0
2023-10-04T22:00,20.0,12.7,221.0,19.7,18.3,40.0
2023-10-04T23:00,18.7,11.4,169.0,14.9,13.4,46.0
2023-10-05T00:00,17.1,9.8,104.0,9.9,7.4,52.0
2023-10-05T01:00,15.4,8.7,98.0,8.6,6.8,52.0
2023-10-05T02:00,15.9,9.1,92.0,7.0,6.2,52.0
2023-10-05T03:00,14.6,8.7,102.0,7.1,6.9,51.0
2023-10-05T04:00,14.4,8.7,134.0,10.5,9.4,42.0
2023-10-05T05:00,17.4,11.0,182.0,15.6,13.3,31.0
2023-10-05T06:00,22.5,14.8,239.0,19.2,18.0,36.0
2023-10-05T07:00,28.8,19.2,308.0,20.0,24.4,69.0
2023-10-05T08:00,36.7,24.3,386.0,19.3,31.6,117.0
2023-10-05T09:00,52.7,34.3,462.0,17.9,37.0,167.0
2023-10-05T10:00,71.0,46.9,553.0,15.5,40.1,225.0
2023-10-05T11:00,85.7,57.2,641.0,12.4,41.3,284.0
2023-10-05T12:00,83.1,52.9,635.0,10.7,39.8,305.0
2023-10-05T13:00,61.5,38.5,516.0,10.7,30.9,250.0
2023-10-05T14:00,46.4,28.0,352.0,10.6,18.5,173.0
2023-10-05T15:00,34.1,20.0,222.0,10.2,9.2,111.0
2023-10-05T16:00,23.1,13.7,163.0,9.4,5.9,77.0
2023-10-05T17:00,16.6,10.0,138.0,8.3,5.7,58.0
2023-10-05T18:00,14.6,8.7,123.0,7.3,5.7,46.0
2023-10-05T19:00,13.7,8.2,112.0,6.4,5.2,42.0
2023-10-05T20:00,13.2,7.8,110.0,5.6,5.0,46.0
2023-10-05T21:00,12.9,7.7,108.0,4.8,4.7,50.0
2023-10-05T22:00,13.1,7.6,101.0,4.1,4.1,51.0
2023-10-05T23:00,14.1,8.0,93.0,3.6,3.4,51.0
2023-10-06T00:00,11.6,6.9,91.0,3.7,3.4,48.0
2023-10-06T01:00,10.2,5.9,89.0,3.4,3.2,49.0
2023-10-06T02:00,9.1,5.3,87.0,3.1,3.1,50.0
2023-10-06T03:00,7.9,4.7,89.0,3.2,3.3,51.0
2023-10-06T04:00,8.2,4.9,101.0,4.1,4.3,50.0
2023-10-06T05:00,10.4,6.3,117.0,5.4,5.7,50.0
2023-10-06T06:00,12.7,7.8,130.0,6.2,6.8,51.0
2023-10-06T07:00,15.0,9.2,138.0,5.9,7.2,57.0
2023-10-06T08:00,16.3,9.9,142.0,5.1,7.3,65.0
2023-10-06T09:00,17.3,10.3,142.0,4.3,7.1,71.0
2023-10-06T10:00,19.0,11.0,136.0,3.7,6.4,72.0
2023-10-06T11:00,20.5,11.6,125.0,3.3,5.3,71.0
2023-10-06T12:00,32.0,19.2,254.0,6.9,13.5,132.0
2023-10-06T13:00,23.7,13.6,221.0,6.7,11.0,111.0
2023-10-06T14:00,19.4,11.0,176.0,6.4,7.5,83.0
2023-10-06T15:00,15.0,8.5,142.0,6.1,4.9,61.0
2023-10-06T16:00,13.1,7.4,131.0,5.9,4.1,54.0
2023-10-06T17:00,10.9,6.2,131.0,5.8,4.1,53.0
2023-10-06T18:00,9.8,5.6,130.0,5.5,4.1,54.0
2023-10-06T19:00,9.7,5.4,123.0,4.8,3.7,54.0
2023-10-06T20:00,9.9,5.6,116.0,3.9,3.3,56.0
2023-10-06T21:00,9.9,5.6,109.0,3.2,2.9,57.0
2023-10-06T22:00,8.6,4.8,104.0,2.7,2.4,58.0
2023-10-06T23:00,8.9,4.9,99.0,2.3,2.0,58.0
2023-10-07T00:00,7.6,4.3,97.0,2.1,1.8,59.0
2023-10-07T01:00,10.4,5.8,96.0,2.1,1.8,59.0
2023-10-07T02:00,11.3,6.3,95.0,2.0,1.9,59.0
2023-10-07T03:00,13.1,7.3,96.0,2.2,2.2,60.0
2023-10-07T04:00,14.8,8.2,103.0,2.9,2.9,61.0
2023-10-07T05:00,16.9,9.5,112.0,3.8,3.8,61.0
2023-10-07T06:00,19.3,10.8,118.0,4.3,4.5,63.0
2023-10-07T07:00,20.1,11.2,119.0,4.0,4.6,67.0
2023-10-07T08:00,19.9,11.1,117.0,3.2,4.5,71.0
2023-10-07T09:00,19.7,11.0,114.0,2.6,4.3,75.0
2023-10-07T10:00,20.9,11.6,112.0,2.4,4.1,77.0
2023-10-07T11:00,21.9,12.1,109.0,2.3,4.0,78.0
2023-10-07T12:00,20.6,11.4,113.0,2.3,3.8,77.0
2023-10-07T13:00,20.5,11.3,113.0,2.7,3.8,75.0
2023-10-07T14:00,19.9,11.1,112.0,3.4,3.7,71.0
2023-10-07T15:00,20.1,11.2,112.0,3.9,3.7,68.0
2023-10-07T16:00,19.6,10.9,113.0,4.3,3.9,65.0
2023-10-07T17:00,18.3,10.3,114.0,4.6,4.1,63.0
2023-10-07T18:00,16.5,9.4,114.0,4.7,4.2,61.0
2023-10-07T19:00,15.6,8.9,113.0,4.6,4.2,60.0
2023-10-07T20:00,15.4,8.8,112.0,4.2,4.1,61.0
2023-10-07T21:00,15.1,8.6,110.0,3.9,3.9,61.0
2023-10-07T22:00,14.5,8.2,106.0,3.5,3.6,61.0
2023-10-07T23:00,14.0,7.9,100.0,3.1,3.1,61.0
2023-10-08T00:00,7.7,4.7,97.0,2.9,2.9,59.0
2023-10-08T01:00,7.3,4.5,95.0,2.7,2.8,60.0
2023-10-08T02:00,7.2,4.4,93.0,2.5,2.7,62.0
2023-10-08T03:00,7.2,4.4,95.0,2.6,2.9,63.0
2023-10-08T04:00,7.7,4.7,104.0,3.4,3.7,63.0
2023-10-08T05:00,8.8,5.4,116.0,4.5,4.9,63.0
2023-10-08T06:00,10.0,6.3,126.0,5.1,5.8,64.0
2023-10-08T07:00,10.9,6.8,131.0,4.9,6.4,68.0
2023-10-08T08:00,11.4,7.2,133.0,4.2,6.9,74.0
2023-10-08T09:00,12.4,7.8,134.0,3.7,7.0,79.0
2023-10-08T10:00,13.7,8.6,134.0,3.5,6.6,83.0
2023-10-08T11:00,15.2,9.3,132.0,3.5,5.9,86.0
2023-10-08T12:00,17.7,11.0,146.0,4.5,6.6,98.0
2023-10-08T13:00,16.1,9.7,140.0,4.9,6.0,93.0
2023-10-08T14:00,16.4,9.6,131.0,5.4,5.2,85.0
2023-10-08T15:00,16.3,9.5,126.0,5.9,4.7,78.0
2023-10-08T16:00,15.2,9.0,127.0,6.4,4.9,73.0
2023-10-08T17:00,14.1,8.4,130.0,6.9,5.3,68.0
2023-10-08T18:00,13.0,7.9,132.0,7.0,5.6,65.0
2023-10-08T19:00,12.2,7.4,131.0,6.5,5.5,63.0
2023-10-08T20:00,11.5,7.0,128.0,5.7,5.2,61.0
2023-10-08T21:00,10.4,6.3,123.0,4.9,4.8,60.0
2023-10-08T22:00,8.8,5.4,116.0,4.1,4.1,58.0
2023-10-08T23:00,7.7,4.7,106.0,3.4,3.3,56.0
2023-10-09T00:00,8.8,5.5,127.0,5.5,4.5,55.0
2023-10-09T01:00,7.7,4.8,120.0,4.8,4.1,54.0
2023-10-09T02:00,7.1,4.5,111.0,3.8,3.6,54.0
2023-10-09T03:00,7.0,4.4,109.0,3.4,3.7,53.0
2023-10-09T04:00,7.4,4.7,121.0,4.3,4.9,51.0
2023-10-09T05:00,9.0,5.8,140.0,5.8,6.6,50.0
2023-10-09T06:00,10.7,7.1,154.0,6.7,7.9,51.0
2023-10-09T07:00,11.4,7.6,158.0,6.2,8.5,58.0
2023-10-09T08:00,12.4,8.3,158.0,5.1,8.7,68.0
2023-10-09T09:00,13.6,9.2,158.0,4.3,8.7,77.0
2023-10-09T10:00,15.8,10.5,162.0,4.2,8.5,85.0
2023-10-09T11:00,16.5,10.9,167.0,4.5,8.0,93.0
2023-10-09T12:00,17.4,11.1,151.0,4.3,6.6,89.0
2023-10-09T13:00,17.8,11.2,146.0,4.8,6.1,84.0
2023-10-09T14:00,17.4,10.8,139.0,5.5,5.5,77.0
2023-10-09T15:00,16.9,10.4,134.0,6.2,5.1,71.0
2023-10-09T16:00,15.8,9.8,133.0,6.9,5.3,66.0
2023-10-09T17:00,14.8,9.3,135.0,7.5,5.7,61.0
2023-10-09T18:00,14.8,9.3,136.0,7.8,6.1,57.0
2023-10-09T19:00,14.8,9.3,137.0,7.7,6.4,55.0
2023-10-09T20:00,14.6,9.3,139.0,7.3,6.6,55.0
2023-10-09T21:00,14.2,9.1,138.0,6.8,6.6,55.0
2023-10-09T22:00,13.1,8.4,133.0,6.3,6.1,54.0
2023-10-09T23:00,11.9,7.7,127.0,5.8,5.4,53.0
2023-10-10T00:00,11.2,7.3,128.0,6.1,5.1,51.0
2023-10-10T01:00,10.7,7.0,124.0,5.6,4.7,50.0
2023-10-10T02:00,10.0,6.6,120.0,4.9,4.3,48.0
2023-10-10T03:00,9.2,6.2,124.0,4.9,4.6,47.0
2023-10-10T04:00,9.2,6.3,140.0,6.1,6.1,46.0
2023-10-10T05:00,10.9,7.5,164.0,7.8,8.3,45.0
2023-10-10T06:00,13.9,9.7,194.0,9.2,10.9,53.0
2023-10-10T07:00,17.8,12.4,232.0,9.7,14.4,74.0
2023-10-10T08:00,23.9,16.5,276.0,9.8,18.3,103.0
2023-10-10T09:00,31.0,21.3,313.0,9.7,21.1,130.0
2023-10-10T10:00,34.2,23.5,338.0,9.2,21.9,153.0
2023-10-10T11:00,36.9,25.4,357.0,8.6,21.6,174.0
2023-10-10T12:00,35.9,24.6,335.0,8.8,19.7,176.0
2023-10-10T13:00,38.5,26.4,333.0,10.9,19.0,170.0
2023-10-10T14:00,38.0,26.0,331.0,13.9,18.1,160.0
2023-10-10T15:00,35.3,24.0,335.0,17.9,18.2,142.0
2023-10-10T16:00,32.5,22.2,341.0,23.5,19.7,110.0
2023-10-10T17:00,29.0,19.9,352.0,30.0,22.3,70.0
2023-10-10T18:00,30.3,20.8,392.0,35.0,26.1,39.0
2023-10-10T19:00,34.3,23.8,488.0,37.8,32.8,25.0
2023-10-10T20:00,39.5,27.4,612.0,39.2,40.7,19.0
2023-10-10T21:00,43.3,30.2,699.0,39.0,44.7,16.0
2023-10-10T22:00,43.2,30.0,720.0,36.5,41.7,14.0
2023-10-10T23:00,39.5,27.5,704.0,32.5,34.8,13.0
2023-10-11T00:00,20.8,14.5,391.0,25.0,15.9,17.0
2023-10-11T01:00,18.9,13.2,384.0,23.3,14.9,15.0
2023-10-11T02:00,18.1,12.6,374.0,21.0,13.7,12.0
2023-10-11T03:00,18.4,12.8,366.0,19.1,13.3,15.0
2023-10-11T04:00,19.7,13.7,365.0,18.2,14.7,26.0
2023-10-11T05:00,24.1,16.8,366.0,17.6,17.0,43.0
2023-10-11T06:00,29.2,20.2,364.0,16.5,18.7,64.0
2023-10-11T07:00,31.7,21.7,357.0,14.0,19.5,96.0
2023-10-11T08:00,33.2,22.5,347.0,11.0,19.7,133.0
2023-10-11T09:00,35.4,23.5,326.0,8.6,18.9,155.0
2023-10-11T10:00,36.7,23.4,282.0,7.2,16.1,151.0
2023-10-11T11:00,33.5,20.7,228.0,6.4,12.2,132.0
2023-10-11T12:00,67.5,44.7,477.0,10.1,18.7,250.0
2023-10-11T13:00,54.4,35.6,428.0,11.6,15.3,227.0
2023-10-11T14:00,49.9,32.6,366.0,14.2,11.2,194.0
2023-10-11T15:00,51.7,33.5,357.0,19.9,11.5,164.0
2023-10-11T16:00,61.0,39.8,442.0,31.4,19.5,141.0
2023-10-11T17:00,73.1,48.1,580.0,46.1,32.0,120.0
2023-10-11T18:00,80.6,54.0,712.0,57.8,44.6,101.0
2023-10-11T19:00,91.3,61.7,851.0,65.7,59.3,80.0
2023-10-11T20:00,99.7,68.0,984.0,70.7,74.1,61.0
2023-10-11T21:00,99.4,68.0,1015.0,69.5,78.8,47.0
2023-10-11T22:00,86.1,58.8,865.0,57.8,65.0,44.0
2023-10-11T23:00,59.8,40.5,613.0,39.9,41.1,46.0
2023-10-12T00:00,91.5,61.9,987.0,75.0,75.4,34.0
2023-10-12T01:00,52.9,35.4,755.0,56.2,55.6,42.0
2023-10-12T02:00,32.5,21.2,435.0,30.4,28.3,53.0
2023-10-12T03:00,24.2,15.3,202.0,11.9,8.8,60.0
2023-10-12T04:00,20.0,12.4,143.0,8.1,4.8,56.0
2023-10-12T05:00,18.9,12.0,170.0,11.7,8.4,48.0
2023-10-12T06:00,19.8,13.0,199.0,14.3,11.9,47.0
2023-10-12T07:00,20.4,13.4,202.0,12.9,12.4,61.0
2023-10-12T08:00,21.7,14.0,207.0,10.5,12.7,84.0
2023-10-12T09:00,23.7,15.0,211.0,8.6,12.8,103.0
2023-10-12T10:00,27.6,17.1,214.0,7.4,12.6,118.0
2023-10-12T11:00,31.9,19.3,216.0,6.7,12.2,131.0
2023-10-12T12:00,33.9,20.1,227.0,7.7,12.4,137.0
2023-10-12T13:00,29.7,17.6,205.0,7.6,10.6,120.0
2023-10-12T14:00,26.0,15.1,175.0,7.6,8.2,97.0
2023-10-12T15:00,24.9,14.2,158.0,8.4,6.9,77.0
2023-10-12T16:00,26.2,14.9,165.0,10.8,7.6,63.0
2023-10-12T17:00,29.3,16.6,184.0,13.9,9.5,51.0
2023-10-12T18:00,32.4,18.4,203.0,16.3,11.5,43.0
2023-10-12T19:00,35.2,20.1,219.0,17.4,13.8,39.0
2023-10-12T20:00,38.3,21.9,234.0,17.7,16.3,38.0
2023-10-12T21:00,38.0,21.8,239.0,17.4,17.5,38.0
2023-10-12T22:00,36.2,20.6,224.0,16.1,16.4,39.0
2023-10-12T23:00,34.1,19.2,198.0,14.1,14.0,41.0
2023-10-13T00:00,29.7,17.0,196.0,13.9,13.4,40.0
2023-10-13T01:00,29.0,16.5,184.0,12.8,13.6,38.0
2023-10-13T02:00,29.0,16.5,173.0,11.7,14.0,37.0
2023-10-13T03:00,27.9,15.9,197.0,12.6,15.8,39.0
2023-10-13T04:00,27.7,16.2,275.0,18.5,19.7,39.0
2023-10-13T05:00,32.4,20.3,389.0,26.5,25.1,43.0
2023-10-13T06:00,48.5,31.7,516.0,30.6,30.8,76.0
2023-10-13T07:00,69.2,44.8,686.0,27.0,38.5,173.0
2023-10-13T08:00,96.2,61.5,869.0,19.4,46.6,300.0
2023-10-13T09:00,130.4,82.9,952.0,13.2,49.5,377.0
2023-10-13T10:00,156.5,100.4,858.0,10.5,43.1,362.0
2023-10-13T11:00,140.6,90.6,663.0,9.1,31.6,299.0
2023-10-13T12:00,75.9,45.8,520.0,9.6,29.3,283.0
2023-10-13T13:00,72.6,43.7,446.0,10.4,25.1,248.0
2023-10-13T14:00,55.3,32.4,343.0,11.6,19.1,198.0
2023-10-13T15:00,41.0,23.3,257.0,12.1,14.1,153.0
2023-10-13T16:00,32.0,17.9,205.0,11.6,10.9,118.0
2023-10-13T17:00,23.9,13.3,169.0,10.5,8.6,88.0
2023-10-13T18:00,17.2,9.6,145.0,9.5,7.1,66.0
2023-10-13T19:00,11.6,6.7,136.0,8.7,6.5,55.0
2023-10-13T20:00,8.7,5.3,139.0,7.9,6.6,52.0
2023-10-13T21:00,7.9,4.9,140.0,7.1,6.6,51.0
2023-10-13T22:00,7.2,4.4,132.0,6.3,6.0,50.0
2023-10-13T23:00,6.6,4.0,123.0,5.5,5.1,51.0
2023-10-14T00:00,5.7,3.6,115.0,4.8,4.5,51.0
2023-10-14T01:00,5.8,3.6,113.0,4.5,4.4,51.0
2023-10-14T02:00,5.8,3.6,110.0,4.1,4.2,52.0
2023-10-14T03:00,5.9,3.7,115.0,4.3,4.7,53.0
2023-10-14T04:00,6.2,3.9,132.0,5.7,6.1,52.0
2023-10-14T05:00,7.9,5.2,156.0,7.7,8.2,52.0
2023-10-14T06:00,10.7,7.2,181.0,9.1,10.3,58.0
2023-10-14T07:00,14.4,9.8,208.0,9.2,12.8,75.0
2023-10-14T08:00,18.5,12.7,237.0,8.7,15.5,98.0
2023-10-14T09:00,22.9,15.7,256.0,8.2,16.9,118.0
2023-10-14T10:00,25.7,17.6,264.0,7.8,16.3,133.0
2023-10-14T11:00,26.2,17.8,263.0,7.3,14.5,144.0
2023-10-14T12:00,21.6,14.2,202.0,6.4,10.1,121.0
2023-10-14T13:00,19.4,12.7,187.0,6.9,8.9,109.0
2023-10-14T14:00,16.4,10.5,166.0,7.6,7.2,93.0
2023-10-14T15:00,13.1,8.3,149.0,8.1,6.0,80.0
2023-10-14T16:00,10.4,6.5,142.0,8.2,5.7,72.0
2023-10-14T17:00,8.9,5.5,139.0,8.2,5.9,67.0
2023-10-14T18:00,8.4,5.2,136.0,7.8,6.0,63.0
2023-10-14T19:00,8.0,5.0,132.0,7.0,5.7,61.0
2023-10-14T20:00,8.0,4.9,129.0,6.0,5.4,62.0
2023-10-14T21:00,7.6,4.7,125.0,5.1,4.9,62.0
2023-10-14T22:00,6.8,4.2,118.0,4.3,4.2,62.0
2023-10-14T23:00,6.2,3.8,111.0,3.6,3.5,62.0
2023-10-15T00:00,6.8,4.1,108.0,3.3,3.2,60.0
2023-10-15T01:00,6.5,3.9,110.0,3.5,3.5,58.0
2023-10-15T02:00,6.4,4.0,113.0,3.7,3.9,56.0
2023-10-15T03:00,7.0,4.4,120.0,4.2,4.4,55.0
2023-10-15T04:00,8.1,5.1,133.0,5.1,5.2,55.0
2023-10-15T05:00,10.2,6.5,150.0,6.3,6.1,56.0
2023-10-15T06:00,11.7,7.5,163.0,6.9,6.9,60.0
2023-10-15T07:00,12.9,8.4,169.0,6.4,7.5,68.0
2023-10-15T08:00,13.6,9.0,170.0,5.4,8.0,80.0
2023-10-15T09:00,14.8,9.8,172.0,4.7,8.2,90.0
2023-10-15T10:00,15.7,10.3,176.0,4.7,8.2,100.0
2023-10-15T11:00,16.2,10.6,181.0,4.9,8.0,109.0
2023-10-15T12:00,18.3,11.8,175.0,5.5,7.8,111.0
2023-10-15T13:00,17.3,10.9,165.0,5.9,7.0,103.0
2023-10-15T14:00,16.1,9.9,151.0,6.4,5.9,93.0
2023-10-15T15:00,14.9,8.8,139.0,6.8,5.1,82.0
2023-10-15T16:00,13.4,7.8,133.0,7.1,5.0,72.0
2023-10-15T17:00,11.9,7.0,130.0,7.3,5.2,62.0
2023-10-15T18:00,10.0,6.0,127.0,7.3,5.3,55.0
2023-10-15T19:00,8.5,5.2,125.0,6.9,5.3,52.0
2023-10-15T20:00,7.6,4.7,124.0,6.2,5.2,51.0
2023-10-15T21:00,6.9,4.3,122.0,5.5,5.0,51.0
2023-10-15T22:00,6.1,3.9,117.0,5.0,4.6,51.0
2023-10-15T23:00,5.7,3.6,111.0,4.4,4.0,51.0
2023-10-16T00:00,4.9,3.2,110.0,4.4,4.1,50.0
2023-10-16T01:00,4.8,3.2,110.0,4.3,4.0,48.0
2023-10-16T02:00,4.9,3.2,111.0,4.3,4.0,47.0
2023-10-16T03:00,5.1,3.4,120.0,4.7,4.5,46.0
2023-10-16T04:00,5.8,3.8,143.0,6.2,6.2,46.0
2023-10-16T05:00,8.3,5.6,173.0,8.3,8.4,48.0
2023-10-16T06:00,12.0,8.1,198.0,9.5,10.3,55.0
2023-10-16T07:00,16.3,11.1,215.0,9.1,11.6,72.0
2023-10-16T08:00,19.8,13.6,228.0,7.8,12.5,95.0
2023-10-16T09:00,20.3,13.7,234.0,6.8,12.8,113.0
2023-10-16T10:00,20.3,13.6,230.0,6.3,12.2,122.0
2023-10-16T11:00,19.9,13.4,220.0,6.0,10.9,125.0
2023-10-16T12:00,18.2,12.2,195.0,6.1,9.4,121.0
2023-10-16T13:00,18.3,12.1,189.0,7.2,8.7,113.0
2023-10-16T14:00,17.8,11.6,182.0,8.7,7.8,101.0
2023-10-16T15:00,16.2,10.4,175.0,10.1,7.3,89.0
2023-10-16T16:00,14.0,9.0,170.0,11.1,7.5,76.0
2023-10-16T17:00,12.5,8.0,167.0,12.0,8.0,62.0
2023-10-16T18:00,11.6,7.5,166.0,12.4,8.6,52.0
2023-10-16T19:00,10.6,6.9,169.0,12.2,9.2,48.0
2023-10-16T20:00,10.2,6.7,175.0,11.6,9.9,48.0
2023-10-16T21:00,10.4,7.0,180.0,11.1,10.2,47.0
2023-10-16T22:00,10.4,7.0,181.0,11.0,9.9,44.0
2023-10-16T23:00,9.9,6.7,180.0,11.1,9.2,41.0
2023-10-17T00:00,9.3,6.3,177.0,10.8,8.6,37.0
2023-10-17T01:00,9.3,6.4,174.0,10.4,8.4,31.0
2023-10-17T02:00,9.5,6.5,175.0,10.1,8.5,25.0
2023-10-17T03:00,9.8,6.7,205.0,11.1,10.9,27.0
2023-10-17T04:00,11.1,7.6,273.0,15.4,16.6,36.0
2023-10-17T05:00,17.4,12.0,372.0,21.1,24.7,54.0
2023-10-17T06:00,34.5,23.9,501.0,24.0,34.5,99.0
2023-10-17T07:00,61.7,43.0,706.0,21.1,50.0,204.0
2023-10-17T08:00,90.8,63.1,942.0,15.4,67.2,336.0
2023-10-17T09:00,105.9,73.6,1078.0,11.1,73.3,420.0
2023-10-17T10:00,108.0,75.0,1035.0,9.8,58.0,413.0
2023-10-17T11:00,115.3,79.6,891.0,10.0,31.7,358.0
2023-10-17T12:00,68.2,46.8,664.0,10.0,32.1,299.0
2023-10-17T13:00,56.9,38.8,598.0,12.7,28.7,271.0
2023-10-17T14:00,50.6,34.2,504.0,16.6,24.0,231.0
2023-10-17T15:00,47.1,31.7,421.0,19.6,20.0,190.0
2023-10-17T16:00,44.4,29.6,361.0,21.5,17.6,147.0
2023-10-17T17:00,36.9,24.4,311.0,22.7,15.9,104.0
2023-10-17T18:00,29.7,19.4,266.0,22.3,14.2,72.0
2023-10-17T19:00,24.7,15.7,226.0,19.3,12.1,60.0
2023-10-17T20:00,21.3,13.4,191.0,14.7,10.0,60.0
2023-10-17T21:00,18.0,11.2,161.0,10.8,8.0,61.0
2023-10-17T22:00,14.6,9.1,135.0,8.3,6.0,60.0
2023-10-17T23:00,12.4,7.7,114.0,6.4,4.2,60.0
2023-10-18T00:00,11.0,6.9,96.0,4.7,2.8,60.0
2023-10-18T01:00,10.0,6.3,94.0,4.4,2.7,59.0
2023-10-18T02:00,9.7,6.1,92.0,4.1,2.6,59.0
2023-10-18T03:00,9.3,5.9,94.0,4.2,2.9,58.0
2023-10-18T04:00,9.3,5.9,106.0,5.2,3.8,57.0
2023-10-18T05:00,10.5,6.8,123.0,6.7,5.1,57.0
2023-10-18T06:00,11.9,7.8,135.0,7.4,6.0,58.0
2023-10-18T07:00,12.3,8.1,137.0,6.7,6.1,63.0
2023-10-18T08:00,12.3,8.0,135.0,5.2,5.9,71.0
2023-10-18T09:00,12.2,7.7,131.0,4.0,5.5,77.0
2023-10-18T10:00,11.9,7.4,126.0,3.4,5.1,80.0
2023-10-18T11:00,12.0,7.4,120.0,3.2,4.7,82.0
2023-10-18T12:00,10.5,6.4,115.0,3.3,4.6,82.0
2023-10-18T13:00,11.0,6.6,115.0,3.8,4.4,78.0
2023-10-18T14:00,10.8,6.5,115.0,4.5,4.2,73.0
2023-10-18T15:00,10.4,6.4,116.0,5.2,4.1,68.0
2023-10-18T16:00,10.1,6.4,118.0,5.9,4.4,62.0
2023-10-18T17:00,9.3,5.9,121.0,6.7,4.8,56.0
2023-10-18T18:00,8.3,5.4,122.0,7.0,5.1,52.0
2023-10-18T19:00,7.4,4.9,121.0,6.7,5.2,51.0
2023-10-18T20:00,7.0,4.7,118.0,6.1,5.2,53.0
2023-10-18T21:00,6.8,4.5,114.0,5.4,5.1,54.0
2023-10-18T22:00,6.4,4.3,108.0,4.8,4.7,55.0
2023-10-18T23:00,6.2,4.1,102.0,4.3,4.1,56.0
2023-10-19T00:00,7.0,4.6,104.0,4.3,3.9,55.0
2023-10-19T01:00,7.1,4.7,103.0,4.1,3.8,54.0
2023-10-19T02:00,7.5,4.9,104.0,4.0,3.8,53.0
2023-10-19T03:00,7.9,5.2,118.0,4.8,4.9,53.0
2023-10-19T04:00,8.5,5.7,151.0,7.6,7.4,51.0
2023-10-19T05:00,11.5,7.9,197.0,11.3,10.9,50.0
2023-10-19T06:00,18.2,12.6,257.0,13.8,15.5,66.0
2023-10-19T07:00,27.9,19.3,344.0,14.0,22.8,116.0
2023-10-19T08:00,42.4,29.4,444.0,13.0,31.1,183.0
2023-10-19T09:00,53.9,37.4,512.0,11.9,35.9,233.0
2023-10-19T10:00,59.8,41.4,526.0,10.8,34.2,254.0
2023-10-19T11:00,59.6,40.9,507.0,9.6,29.0,258.0
2023-10-19T12:00,37.0,25.4,340.0,8.6,17.0,194.0
2023-10-19T13:00,37.3,25.5,324.0,9.9,15.4,177.0
2023-10-19T14:00,36.4,24.8,304.0,11.9,13.2,153.0
2023-10-19T15:00,35.7,24.3,302.0,15.3,12.5,127.0
2023-10-19T16:00,35.0,23.9,326.0,21.2,13.8,97.0
2023-10-19T17:00,34.3,23.5,367.0,28.5,16.4,65.0
2023-10-19T18:00,35.7,24.5,421.0,34.6,20.4,40.0
2023-10-19T19:00,38.3,26.4,514.0,39.8,27.9,26.0
2023-10-19T20:00,41.9,28.9,619.0,43.8,36.7,19.0
2023-10-19T21:00,45.9,31.5,651.0,43.5,40.0,20.0
2023-10-19T22:00,36.6,24.6,545.0,35.4,32.8,34.0
2023-10-19T23:00,27.5,18.2,367.0,22.8,20.1,57.0
2023-10-20T00:00,27.5,18.2,306.0,19.2,16.0,54.0
2023-10-20T01:00,23.1,15.2,258.0,15.2,13.0,56.0
2023-10-20T02:00,20.0,12.9,194.0,10.0,9.3,59.0
2023-10-20T03:00,19.0,12.1,170.0,8.0,8.9,61.0
2023-10-20T04:00,21.2,13.5,213.0,12.9,14.6,55.0
2023-10-20T05:00,28.4,18.6,294.0,21.0,23.7,49.0
2023-10-20T06:00,41.1,27.4,387.0,25.8,31.9,66.0
2023-10-20T07:00,57.0,38.3,511.0,23.6,39.4,134.0
2023-10-20T08:00,70.5,47.3,645.0,18.1,46.0,226.0
2023-10-20T09:00,80.8,53.3,701.0,13.3,46.6,280.0
2023-10-20T10:00,82.2,53.4,612.0,10.5,36.1,261.0
2023-10-20T11:00,65.0,41.7,443.0,8.4,19.6,205.0
2023-10-20T12:00,40.7,25.4,264.0,6.5,12.4,175.0
2023-10-20T13:00,37.1,22.9,249.0,8.6,11.3,152.0
2023-10-20T14:00,31.0,19.1,227.0,11.3,9.8,120.0
2023-10-20T15:00,28.3,17.1,203.0,12.7,8.3,92.0
2023-10-20T16:00,22.8,13.6,175.0,11.5,6.9,73.0
2023-10-20T17:00,15.6,9.5,145.0,9.0,5.6,58.0
2023-10-20T18:00,12.5,7.5,123.0,6.8,4.5,49.0
2023-10-20T19:00,12.1,7.2,114.0,5.7,3.9,47.0
2023-10-20T20:00,11.9,7.0,113.0,4.9,3.7,49.0
2023-10-20T21:00,11.9,6.9,112.0,4.2,3.4,52.0
2023-10-20T22:00,12.6,7.2,107.0,3.5,2.9,53.0
2023-10-20T23:00,13.0,7.3,102.0,3.0,2.4,54.0
2023-10-21T00:00,17.0,9.3,97.0,2.3,1.9,55.0
2023-10-21T01:00,20.7,11.2,96.0,2.2,1.8,55.0
2023-10-21T02:00,21.4,11.7,96.0,2.1,1.8,54.0
2023-10-21T03:00,18.3,10.0,98.0,2.3,1.9,54.0
2023-10-21T04:00,15.7,8.7,106.0,3.0,2.5,53.0
2023-10-21T05:00,16.7,9.3,117.0,3.9,3.3,52.0
2023-10-21T06:00,18.2,10.3,124.0,4.4,3.9,53.0
2023-10-21T07:00,20.6,11.6,125.0,4.0,4.0,56.0
2023-10-21T08:00,24.0,13.4,123.0,3.1,3.9,60.0
2023-10-21T09:00,25.3,14.0,121.0,2.5,3.8,64.0
2023-10-21T10:00,24.3,13.4,120.0,2.3,3.7,66.0
2023-10-21T11:00,23.4,12.9,118.0,2.2,3.7,67.0
2023-10-21T12:00,21.0,11.6,121.0,2.3,3.4,68.0
2023-10-21T13:00,21.2,11.7,121.0,2.7,3.3,65.0
2023-10-21T14:00,20.0,11.1,121.0,3.3,3.2,60.0
2023-10-21T15:00,16.4,9.2,122.0,3.9,3.3,56.0
2023-10-21T16:00,13.9,8.0,124.0,4.6,3.7,52.0
2023-10-21T17:00,12.0,7.0,126.0,5.4,4.2,49.0
2023-10-21T18:00,9.7,5.7,128.0,5.9,4.6,46.0
2023-10-21T19:00,8.6,5.2,129.0,6.0,4.8,45.0
2023-10-21T20:00,8.8,5.3,129.0,5.7,5.0,46.0
2023-10-21T21:00,9.1,5.5,127.0,5.4,4.9,46.0
2023-10-21T22:00,8.3,5.0,121.0,4.9,4.5,46.0
2023-10-21T23:00,7.6,4.6,114.0,4.2,3.9,47.0
2023-10-22T00:00,9.0,5.5,117.0,4.7,4.0,45.0
2023-10-22T01:00,7.5,4.7,114.0,4.4,3.9,44.0
2023-10-22T02:00,6.9,4.4,112.0,4.1,3.8,43.0
2023-10-22T03:00,6.6,4.3,118.0,4.4,4.4,44.0
2023-10-22T04:00,7.0,4.7,137.0,5.9,6.0,43.0
2023-10-22T05:00,9.5,6.4,165.0,7.9,8.4,44.0
2023-10-22T06:00,13.1,9.0,200.0,9.4,11.3,55.0
2023-10-22T07:00,19.0,13.1,241.0,9.7,15.1,82.0
2023-10-22T08:00,26.4,18.3,289.0,9.4,19.5,119.0
2023-10-22T09:00,32.6,22.5,342.0,9.3,23.3,157.0
2023-10-22T10:00,40.5,28.1,407.0,9.1,26.2,197.0
2023-10-22T11:00,48.8,33.9,478.0,9.1,28.5,237.0
2023-10-22T12:00,40.7,28.2,387.0,9.6,23.8,214.0
2023-10-22T13:00,45.2,31.3,400.0,11.9,23.0,215.0
2023-10-22T14:00,46.7,32.2,419.0,15.5,22.0,213.0
2023-10-22T15:00,45.9,31.7,444.0,20.9,22.8,199.0
2023-10-22T16:00,46.6,32.2,467.0,29.0,25.9,160.0
2023-10-22T17:00,46.7,32.4,495.0,38.9,30.8,107.0
2023-10-22T18:00,49.4,34.2,549.0,48.2,37.7,64.0
2023-10-22T19:00,54.2,37.8,660.0,56.7,49.1,38.0
2023-10-22T20:00,60.8,42.5,796.0,64.5,62.6,22.0
2023-10-22T21:00,68.5,47.8,887.0,70.1,71.2,11.0
2023-10-22T22:00,73.3,51.2,902.0,73.4,71.7,6.0
2023-10-22T23:00,71.0,49.4,870.0,74.5,67.3,7.0
2023-10-23T00:00,50.3,35.0,763.0,53.0,52.9,5.0
2023-10-23T01:00,47.6,33.1,701.0,50.8,46.5,4.0
2023-10-23T02:00,43.2,29.7,614.0,47.6,37.6,4.0
2023-10-23T03:00,37.6,25.7,540.0,43.4,30.4,11.0
2023-10-23T04:00,33.3,22.7,495.0,37.8,27.0,29.0
2023-10-23T05:00,33.2,22.6,462.0,31.2,25.4,55.0
2023-10-23T06:00,37.4,25.1,427.0,24.7,23.8,81.0
2023-10-23T07:00,40.5,26.1,386.0,18.3,21.5,111.0
2023-10-23T08:00,42.0,25.7,344.0,12.1,19.2,142.0
2023-10-23T09:00,40.7,24.1,301.0,7.5,16.8,160.0
2023-10-23T10:00,37.0,21.8,253.0,5.3,13.8,155.0
2023-10-23T11:00,34.6,20.3,205.0,4.7,10.7,137.0
2023-10-23T12:00,24.4,13.9,113.0,3.7,5.6,100.0
2023-10-23T13:00,29.6,16.8,120.0,4.9,5.9,97.0
2023-10-23T14:00,33.3,18.8,131.0,6.9,6.4,93.0
2023-10-23T15:00,36.4,20.6,150.0,10.0,7.8,86.0
2023-10-23T16:00,40.5,23.1,182.0,15.6,10.9,72.0
2023-10-23T17:00,42.1,24.3,221.0,22.4,14.8,55.0
2023-10-23T18:00,41.9,24.5,252.0,27.0,17.9,42.0
2023-10-23T19:00,41.4,24.6,273.0,28.1,19.9,36.0
2023-10-23T20:00,40.4,24.2,285.0,27.0,21.1,34.0
2023-10-23T21:00,37.7,22.8,278.0,24.5,20.4,34.0
2023-10-23T22:00,32.4,19.3,238.0,20.1,16.5,36.0
2023-10-23T23:00,27.2,16.0,179.0,14.4,10.8,41.0
2023-10-24T00:00,23.7,14.1,155.0,12.2,7.7,43.0
2023-10-24T01:00,21.9,12.9,137.0,10.1,6.5,43.0
2023-10-24T02:00,20.7,12.1,115.0,7.4,4.9,42.0
2023-10-24T03:00,20.3,11.8,116.0,6.6,5.3,44.0
2023-10-24T04:00,20.4,12.0,154.0,10.0,8.6,42.0
2023-10-24T05:00,23.2,14.1,215.0,15.3,13.7,42.0
2023-10-24T06:00,30.5,19.3,292.0,18.6,19.7,63.0
2023-10-24T07:00,39.2,25.4,404.0,17.8,28.3,127.0
2023-10-24T08:00,56.1,36.1,530.0,15.0,37.7,213.0
2023-10-24T09:00,70.5,45.2,602.0,12.5,41.8,268.0
2023-10-24T10:00,70.1,45.5,577.0,11.1,35.9,268.0
2023-10-24T11:00,62.9,41.2,498.0,10.0,24.7,238.0
2023-10-24T12:00,52.6,31.7,343.0,7.8,18.5,196.0
2023-10-24T13:00,47.3,28.3,309.0,8.8,16.0,174.0
2023-10-24T14:00,39.9,23.9,263.0,10.3,12.7,142.0
2023-10-24T15:00,34.1,20.3,233.0,12.8,10.8,112.0
2023-10-24T16:00,30.6,18.3,236.0,17.3,11.9,85.0
2023-10-24T17:00,30.7,18.4,255.0,22.8,14.5,60.0
2023-10-24T18:00,31.5,19.1,272.0,26.3,16.6,42.0
2023-10-24T19:00,31.9,19.4,282.0,26.5,17.6,34.0
2023-10-24T20:00,30.6,18.7,289.0,24.7,18.1,33.0
2023-10-24T21:00,28.5,17.5,284.0,22.3,17.5,33.0
2023-10-24T22:00,25.0,15.3,257.0,19.3,15.2,33.0
2023-10-24T23:00,21.3,13.0,219.0,15.7,11.8,35.0
2023-10-25T00:00,15.6,9.2,154.0,10.3,7.3,40.0
2023-10-25T01:00,13.9,8.1,146.0,9.6,6.9,39.0
2023-10-25T02:00,12.5,7.3,137.0,8.7,6.5,38.0
2023-10-25T03:00,11.7,6.9,137.0,8.4,6.7,39.0
2023-10-25T04:00,10.9,6.5,157.0,9.4,8.3,43.0
2023-10-25T05:00,12.0,7.5,187.0,10.9,10.5,50.0
2023-10-25T06:00,15.7,10.2,208.0,11.4,12.0,59.0
2023-10-25T07:00,15.9,10.4,211.0,10.0,12.2,74.0
2023-10-25T08:00,17.7,11.5,206.0,7.6,11.7,91.0
2023-10-25T09:00,19.2,12.2,197.0,5.7,10.9,103.0
2023-10-25T10:00,19.7,12.2,186.0,4.7,9.7,107.0
2023-10-25T11:00,19.1,11.4,171.0,4.2,8.2,106.0
2023-10-25T12:00,18.8,11.2,172.0,4.6,8.3,121.0
2023-10-25T13:00,17.5,10.4,160.0,5.2,7.5,110.0
2023-10-25T14:00,16.8,9.6,143.0,6.1,6.4,96.0
2023-10-25T15:00,16.8,9.3,134.0,7.4,5.9,82.0
2023-10-25T16:00,17.0,9.3,136.0,9.5,6.5,71.0
2023-10-25T17:00,17.4,9.7,146.0,12.1,7.7,62.0
2023-10-25T18:00,16.8,9.6,159.0,14.3,9.0,54.0
2023-10-25T19:00,15.7,9.3,181.0,15.9,10.7,47.0
2023-10-25T20:00,15.5,9.6,207.0,17.1,12.4,42.0
2023-10-25T21:00,15.9,10.1,218.0,17.2,12.9,39.0
2023-10-25T22:00,14.7,9.4,200.0,15.5,11.0,39.0
2023-10-25T23:00,13.2,8.2,168.0,12.8,7.9,42.0
2023-10-26T00:00,15.9,10.1,204.0,16.2,10.2,34.0
2023-10-26T01:00,14.0,8.9,183.0,14.3,8.9,36.0
2023-10-26T02:00,13.6,8.4,155.0,11.8,7.1,39.0
2023-10-26T03:00,13.5,8.1,138.0,10.2,6.4,44.0
2023-10-26T04:00,13.7,8.1,141.0,10.6,7.6,48.0
2023-10-26T05:00,16.9,10.2,155.0,11.9,10.0,54.0
2023-10-26T06:00,20.0,12.2,179.0,12.6,12.4,67.0
2023-10-26T07:00,25.4,15.6,226.0,12.2,15.4,97.0
2023-10-26T08:00,35.3,22.1,282.0,11.3,18.4,135.0
2023-10-26T09:00,38.4,23.7,307.0,10.1,19.4,157.0
2023-10-26T10:00,31.5,18.5,271.0,8.3,16.3,150.0
2023-10-26T11:00,26.5,15.5,204.0,6.2,11.1,127.0
2023-10-26T12:00,26.5,15.2,185.0,4.8,9.6,135.0
2023-10-26T13:00,22.2,13.0,176.0,5.6,8.7,123.0
2023-10-26T14:00,19.5,11.6,163.0,6.9,7.6,106.0
2023-10-26T15:00,19.3,11.4,159.0,8.9,7.4,89.0
2023-10-26T16:00,21.0,12.1,168.0,12.0,8.8,72.0
2023-10-26T17:00,25.3,14.4,185.0,15.8,11.2,56.0
2023-10-26T18:00,30.2,17.4,205.0,19.1,13.4,43.0
2023-10-26T19:00,35.0,20.8,237.0,22.3,15.8,35.0
2023-10-26T20:00,36.4,22.2,272.0,25.0,18.1,31.0
2023-10-26T21:00,32.8,19.7,283.0,25.3,18.4,30.0
2023-10-26T22:00,27.0,15.8,246.0,21.4,15.2,32.0
2023-10-26T23:00,22.1,12.7,185.0,15.1,10.0,38.0
2023-10-27T00:00,20.8,11.9,148.0,11.6,6.9,41.0
2023-10-27T01:00,17.9,10.2,137.0,10.1,6.1,41.0
2023-10-27T02:00,15.9,9.2,124.0,8.2,5.2,40.0
2023-10-27T03:00,14.8,8.6,126.0,7.8,5.5,39.0
2023-10-27T04:00,15.8,9.2,157.0,11.0,8.4,35.0
2023-10-27T05:00,20.8,12.2,203.0,15.7,12.5,31.0
2023-10-27T06:00,30.9,18.2,235.0,18.0,15.2,35.0
2023-10-27T07:00,43.1,25.7,243.0,15.3,15.5,58.0
2023-10-27T08:00,55.5,32.0,237.0,10.2,14.4,90.0
2023-10-27T09:00,50.2,27.8,222.0,6.0,12.7,110.0
2023-10-27T10:00,47.1,25.4,194.0,4.2,10.3,106.0
2023-10-27T11:00,43.0,23.1,158.0,3.3,7.3,91.0
2023-10-27T12:00,33.2,17.7,113.0,2.2,4.3,70.0
2023-10-27T13:00,31.5,16.8,112.0,2.4,4.1,67.0
2023-10-27T14:00,29.7,15.9,111.0,2.8,3.9,64.0
2023-10-27T15:00,28.8,15.3,112.0,3.4,3.9,60.0
2023-10-27T16:00,28.6,15.3,116.0,4.4,4.2,56.0
2023-10-27T17:00,28.3,15.3,122.0,5.6,4.7,53.0
2023-10-27T18:00,28.2,15.3,125.0,6.3,4.9,50.0
2023-10-27T19:00,27.5,14.9,123.0,6.0,4.8,50.0
2023-10-27T20:00,27.0,14.6,119.0,5.1,4.4,50.0
2023-10-27T21:00,26.0,13.9,114.0,4.3,4.0,51.0
2023-10-27T22:00,24.7,13.1,108.0,3.6,3.5,51.0
2023-10-27T23:00,24.9,13.1,102.0,2.8,2.8,52.0
2023-10-28T00:00,28.1,14.7,98.0,2.3,2.3,52.0
2023-10-28T01:00,28.8,15.1,97.0,2.2,2.2,52.0
2023-10-28T02:00,28.2,14.8,96.0,2.2,2.2,51.0
2023-10-28T03:00,28.1,14.8,97.0,2.2,2.3,51.0
2023-10-28T04:00,27.9,14.7,100.0,2.4,2.7,51.0
2023-10-28T05:00,27.8,14.7,104.0,2.7,3.3,52.0
2023-10-28T06:00,28.7,15.2,108.0,2.8,3.7,53.0
2023-10-28T07:00,29.3,15.6,111.0,2.6,3.9,56.0
2023-10-28T08:00,29.7,15.9,112.0,2.3,4.1,59.0
2023-10-28T09:00,29.3,15.7,113.0,2.1,4.1,62.0
2023-10-28T10:00,27.9,15.0,111.0,2.0,3.9,63.0
2023-10-28T11:00,26.0,14.0,109.0,1.9,3.7,64.0
2023-10-28T12:00,24.1,13.0,116.0,2.1,3.4,64.0
2023-10-28T13:00,23.0,12.3,113.0,2.2,3.3,62.0
2023-10-28T14:00,23.0,12.3,110.0,2.5,3.1,58.0
2023-10-28T15:00,22.5,12.0,108.0,2.8,3.0,55.0
2023-10-28T16:00,20.4,10.9,110.0,3.5,3.2,52.0
2023-10-28T17:00,18.5,10.0,114.0,4.2,3.6,48.0
2023-10-28T18:00,17.1,9.4,116.0,4.7,3.8,46.0
2023-10-28T19:00,16.3,9.0,116.0,4.6,3.8,45.0
2023-10-28T20:00,16.0,8.8,114.0,4.1,3.7,46.0
2023-10-28T21:00,15.5,8.6,112.0,3.7,3.5,46.0
2023-10-28T22:00,14.1,7.8,109.0,3.4,3.2,46.0
2023-10-28T23:00,12.7,7.0,104.0,3.0,2.9,46.0
2023-10-29T00:00,10.4,5.8,104.0,2.9,3.1,46.0
2023-10-29T01:00,9.4,5.3,102.0,2.7,2.9,46.0
2023-10-29T02:00,9.0,5.1,100.0,2.4,2.6,47.0
2023-10-29T03:00,8.3,4.7,101.0,2.3,2.7,47.0
2023-10-29T04:00,7.9,4.5,108.0,2.7,3.4,47.0
2023-10-29T05:00,8.0,4.7,119.0,3.4,4.4,47.0
2023-10-29T06:00,8.3,5.1,127.0,3.8,5.3,49.0
2023-10-29T07:00,8.8,5.5,128.0,3.5,5.8,54.0
2023-10-29T08:00,8.5,5.3,126.0,3.0,6.2,60.0
2023-10-29T09:00,8.6,5.4,127.0,2.7,6.4,66.0
2023-10-29T10:00,9.1,5.8,133.0,3.0,6.6,73.0
2023-10-29T11:00,10.6,6.7,142.0,3.7,6.7,80.0
2023-10-29T12:00,11.5,7.6,158.0,4.9,7.4,93.0
2023-10-29T13:00,11.6,7.6,150.0,5.0,6.5,85.0
2023-10-29T14:00,10.4,6.7,140.0,5.2,5.3,73.0
2023-10-29T15:00,9.6,6.0,132.0,5.4,4.4,63.0
2023-10-29T16:00,9.5,5.8,129.0,5.7,4.3,57.0
2023-10-29T17:00,9.0,5.5,129.0,6.1,4.6,53.0
2023-10-29T18:00,8.5,5.2,129.0,6.2,4.9,50.0
2023-10-29T19:00,8.5,5.2,128.0,6.0,5.0,49.0
2023-10-29T20:00,8.3,5.1,127.0,5.6,4.9,49.0
2023-10-29T21:00,7.7,4.7,124.0,5.2,4.8,49.0
2023-10-29T22:00,6.7,4.1,118.0,4.7,4.4,49.0
2023-10-29T23:00,6.0,3.7,111.0,4.1,3.8,49.0
2023-10-30T00:00,6.3,3.8,114.0,4.3,3.5,47.0
2023-10-30T01:00,6.3,3.9,113.0,4.2,3.5,45.0
2023-10-30T02:00,6.1,3.7,113.0,4.0,3.5,43.0
2023-10-30T03:00,5.8,3.6,121.0,4.4,4.1,43.0
2023-10-30T04:00,6.1,3.9,145.0,5.9,6.0,46.0
2023-10-30T05:00,8.2,5.4,177.0,7.9,8.5,51.0
2023-10-30T06:00,11.8,7.9,197.0,8.9,10.2,57.0
2023-10-30T07:00,9.9,6.7,192.0,7.9,10.3,64.0
2023-10-30T08:00,10.6,7.2,174.0,5.8,9.5,71.0
2023-10-30T09:00,11.4,7.8,161.0,4.3,8.7,78.0
2023-10-30T10:00,12.8,8.7,160.0,4.1,8.0,84.0
2023-10-30T11:00,13.5,9.1,164.0,4.4,7.3,90.0
2023-10-30T12:00,9.3,6.1,144.0,4.0,5.4,81.0
2023-10-30T13:00,10.1,6.4,138.0,4.3,5.0,77.0
2023-10-30T14:00,9.9,6.1,129.0,4.7,4.3,71.0
2023-10-30T15:00,10.0,6.0,123.0,5.1,4.0,65.0
2023-10-30T16:00,10.1,6.0,123.0,5.6,4.2,61.0
2023-10-30T17:00,9.8,5.9,125.0,6.1,4.6,57.0
2023-10-30T18:00,9.4,5.7,127.0,6.3,4.9,54.0
2023-10-30T19:00,9.3,5.7,127.0,6.0,4.9,53.0
2023-10-30T20:00,9.1,5.5,126.0,5.4,4.7,54.0
2023-10-30T21:00,8.6,5.2,124.0,4.8,4.4,54.0
2023-10-30T22:00,7.8,4.7,120.0,4.3,4.0,54.0
2023-10-30T23:00,7.3,4.4,114.0,3.7,3.4,53.0
2023-10-31T00:00,7.7,4.6,116.0,3.8,3.4,52.0
2023-10-31T01:00,6.8,4.1,116.0,3.9,3.5,49.0
2023-10-31T02:00,6.3,4.0,118.0,4.1,3.7,45.0
2023-10-31T03:00,6.1,3.9,130.0,4.8,4.7,44.0
2023-10-31T04:00,6.4,4.2,160.0,6.8,7.2,45.0
2023-10-31T05:00,8.8,6.0,200.0,9.3,10.5,49.0
2023-10-31T06:00,14.2,9.7,232.0,10.6,13.3,60.0
2023-10-31T07:00,18.9,12.9,252.0,9.6,15.4,86.0
2023-10-31T08:00,23.9,16.1,264.0,7.5,17.1,120.0
2023-10-31T09:00,26.1,17.4,266.0,5.8,17.3,142.0
2023-10-31T10:00,27.5,18.1,253.0,5.2,15.1,144.0
2023-10-31T11:00,27.2,17.5,229.0,5.1,11.5,134.0
2023-10-31T12:00,23.6,15.2,207.0,6.0,9.8,133.0
2023-10-31T13:00,19.8,12.4,189.0,6.7,8.7,117.0
2023-10-31T14:00,16.4,10.1,163.0,7.6,7.1,95.0
2023-10-31T15:00,13.9,8.6,144.0,8.4,6.0,76.0
2023-10-31T16:00,11.6,7.2,138.0,8.9,5.8,65.0
2023-10-31T17:00,9.7,6.0,137.0,9.1,6.1,58.0
2023-10-31T18:00,8.1,5.0,138.0,9.1,6.4,54.0
2023-10-31T19:00,7.7,4.7,138.0,8.6,6.5,54.0
2023-10-31T20:00,7.8,4.8,139.0,7.8,6.5,56.0
2023-10-31T21:00,7.9,4.8,138.0,7.0,6.3,58.0
2023-10-31T22:00,7.1,4.3,131.0,6.2,5.7,58.0
2023-10-31T23:00,6.3,3.7,122.0,5.4,4.9,58.0
2023-11-01T00:00,8.1,4.9,144.0,7.6,5.4,48.0
2023-11-01T01:00,7.2,4.4,136.0,6.8,5.1,47.0
2023-11-01T02:00,6.9,4.2,127.0,5.7,4.7,45.0
2023-11-01T03:00,6.6,4.1,131.0,5.7,5.4,45.0
2023-11-01T04:00,6.9,4.5,155.0,7.7,7.5,44.0
2023-11-01T05:00,9.5,6.3,192.0,10.7,10.7,46.0
2023-11-01T06:00,15.3,10.4,239.0,12.9,14.4,58.0
2023-11-01T07:00,22.8,15.7,308.0,13.7,19.8,94.0
2023-11-01T08:00,34.9,24.1,387.0,13.8,25.8,141.0
2023-11-01T09:00,42.5,29.2,433.0,13.5,28.8,173.0
2023-11-01T10:00,43.5,29.9,420.0,12.7,26.4,179.0
2023-11-01T11:00,38.9,26.5,373.0,11.6,20.9,170.0
2023-11-01T12:00,17.6,11.7,205.0,8.8,9.9,100.0
2023-11-01T13:00,17.3,11.3,194.0,9.2,9.0,92.0
2023-11-01T14:00,16.5,10.6,179.0,9.8,7.9,80.0
2023-11-01T15:00,15.6,9.8,167.0,10.4,7.1,69.0
2023-11-01T16:00,14.3,9.0,162.0,11.1,7.1,60.0
2023-11-01T17:00,13.5,8.4,161.0,11.7,7.5,53.0
2023-11-01T18:00,12.7,7.9,159.0,11.8,7.8,48.0
2023-11-01T19:00,12.0,7.5,156.0,11.0,7.8,47.0
2023-11-01T20:00,11.4,7.2,153.0,9.7,7.7,48.0
2023-11-01T21:00,11.3,7.1,147.0,8.5,7.4,49.0
2023-11-01T22:00,10.0,6.3,137.0,7.4,6.6,49.0
2023-11-01T23:00,8.8,5.5,125.0,6.4,5.6,48.0
2023-11-02T00:00,8.9,5.5,119.0,5.9,4.2,43.0
2023-11-02T01:00,7.9,4.9,113.0,5.3,3.9,43.0
2023-11-02T02:00,7.3,4.5,106.0,4.5,3.5,42.0
2023-11-02T03:00,6.9,4.4,110.0,4.6,4.0,42.0
2023-11-02T04:00,7.0,4.5,129.0,6.5,5.7,40.0
2023-11-02T05:00,9.1,6.0,158.0,9.3,8.2,38.0
2023-11-02T06:00,13.3,9.0,197.0,11.5,11.3,46.0
2023-11-02T07:00,20.0,13.7,250.0,12.6,15.3,71.0
2023-11-02T08:00,29.0,19.9,313.0,13.2,19.9,105.0
2023-11-02T09:00,35.0,24.0,365.0,13.6,23.5,137.0
2023-11-02T10:00,39.2,27.0,398.0,13.4,25.2,164.0
2023-11-02T11:00,43.0,29.5,420.0,13.1,25.9,188.0
2023-11-02T12:00,41.7,28.1,362.0,13.1,21.5,184.0
2023-11-02T13:00,41.1,27.6,368.0,17.3,21.8,170.0
2023-11-02T14:00,41.9,28.1,381.0,23.6,22.5,149.0
2023-11-02T15:00,47.7,32.2,424.0,32.6,25.9,127.0
2023-11-02T16:00,57.3,38.9,536.0,48.4,35.6,100.0
2023-11-02T17:00,67.8,46.3,677.0,66.8,47.9,71.0
2023-11-02T18:00,74.0,50.9,751.0,75.5,54.2,52.0
2023-11-02T19:00,70.3,48.2,707.0,66.3,49.3,52.0
2023-11-02T20:00,57.4,38.9,597.0,47.3,38.4,62.0
2023-11-02T21:00,44.6,29.7,478.0,30.5,27.9,70.0
2023-11-02T22:00,33.1,20.7,354.0,19.7,19.2,72.0
2023-11-02T23:00,22.8,13.5,222.0,11.1,10.9,73.0
2023-11-03T00:00,26.4,15.8,216.0,11.8,9.8,68.0
2023-11-03T01:00,20.2,11.5,180.0,9.4,8.3,67.0
2023-11-03T02:00,15.4,9.2,131.0,6.1,6.3,66.0
2023-11-03T03:00,11.7,7.6,100.0,4.3,5.1,64.0
2023-11-03T04:00,11.1,7.5,105.0,5.5,5.3,59.0
2023-11-03T05:00,12.4,8.6,127.0,8.1,6.3,53.0
2023-11-03T06:00,13.8,9.7,145.0,9.6,7.1,52.0
2023-11-03T07:00,13.9,9.8,150.0,8.8,7.3,58.0
2023-11-03T08:00,13.7,9.4,150.0,7.0,7.4,69.0
2023-11-03T09:00,13.1,8.6,147.0,5.4,7.2,78.0
2023-11-03T10:00,12.2,7.8,140.0,4.5,6.7,84.0
2023-11-03T11:00,13.6,8.6,131.0,3.9,6.0,87.0
2023-11-03T12:00,18.7,11.4,122.0,3.9,5.7,92.0
2023-11-03T13:00,21.7,13.0,122.0,4.8,5.5,87.0
2023-11-03T14:00,23.6,14.1,123.0,6.2,5.4,80.0
2023-11-03T15:00,24.7,14.8,129.0,8.1,5.7,73.0
2023-11-03T16:00,25.1,15.1,144.0,11.0,6.9,64.0
2023-11-03T17:00,24.4,15.1,164.0,14.4,8.7,55.0
2023-11-03T18:00,22.7,14.4,181.0,16.9,10.4,48.0
2023-11-03T19:00,20.5,13.3,195.0,17.6,12.2,46.0
2023-11-03T20:00,19.7,13.1,206.0,17.4,13.9,46.0
2023-11-03T21:00,20.9,14.0,212.0,17.0,15.0,46.0
2023-11-03T22:00,23.6,15.4,211.0,16.7,15.1,45.0
2023-11-03T23:00,26.8,16.9,206.0,16.2,14.6,43.0
2023-11-04T00:00,25.1,15.9,199.0,16.3,15.7,42.0
2023-11-04T01:00,26.5,16.2,194.0,15.3,16.0,39.0
2023-11-04T02:00,27.7,16.8,189.0,14.1,16.6,36.0
2023-11-04T03:00,29.2,17.5,206.0,14.2,18.4,39.0
2023-11-04T04:00,32.5,19.7,259.0,17.4,22.6,48.0
2023-11-04T05:00,38.4,24.0,333.0,22.0,28.0,63.0
2023-11-04T06:00,54.1,34.6,403.0,24.2,31.7,88.0
2023-11-04T07:00,73.3,46.6,477.0,21.6,32.9,138.0
2023-11-04T08:00,85.9,54.4,547.0,16.5,32.5,199.0
2023-11-04T09:00,87.8,56.2,567.0,12.3,30.1,233.0
2023-11-04T10:00,75.0,48.7,496.0,10.0,24.3,219.0
2023-11-04T11:00,59.3,38.3,375.0,8.6,16.5,179.0
2023-11-04T12:00,42.5,26.3,244.0,6.5,11.1,137.0
2023-11-04T13:00,37.8,23.0,234.0,8.1,10.7,123.0
2023-11-04T14:00,33.8,20.5,220.0,10.5,10.1,104.0
2023-11-04T15:00,31.7,19.3,213.0,13.2,10.2,85.0
2023-11-04T16:00,31.9,19.4,221.0,16.9,11.5,66.0
2023-11-04T17:00,31.2,19.2,236.0,20.8,13.3,47.0
2023-11-04T18:00,28.3,17.5,245.0,22.9,14.5,34.0
2023-11-04T19:00,25.6,16.0,242.0,21.7,14.5,30.0
2023-11-04T20:00,23.4,14.7,233.0,18.5,13.8,31.0
2023-11-04T21:00,21.6,13.5,217.0,15.3,12.5,34.0
2023-11-04T22:00,19.7,12.1,190.0,12.4,10.2,37.0
2023-11-04T23:00,17.6,10.6,156.0,9.5,7.3,40.0
2023-11-05T00:00,14.2,8.5,120.0,6.6,4.7,44.0
2023-11-05T01:00,13.6,8.1,117.0,6.2,4.6,43.0
2023-11-05T02:00,12.6,7.5,114.0,5.7,4.4,42.0
2023-11-05T03:00,11.5,7.0,121.0,5.9,5.1,43.0
2023-11-05T04:00,10.7,6.6,146.0,7.4,7.1,45.0
2023-11-05T05:00,11.9,7.7,182.0,9.6,9.8,50.0
2023-11-05T06:00,15.9,10.8,218.0,11.0,12.3,62.0
2023-11-05T07:00,22.2,15.2,259.0,10.9,14.6,89.0
2023-11-05T08:00,28.1,19.0,301.0,10.0,16.6,124.0
2023-11-05T09:00,31.5,21.0,322.0,9.0,17.3,148.0
2023-11-05T10:00,31.4,20.5,305.0,7.8,15.5,153.0
2023-11-05T11:00,28.7,18.3,266.0,6.6,12.4,148.0
2023-11-05T12:00,33.3,20.9,299.0,7.2,13.3,172.0
2023-11-05T13:00,28.2,17.1,267.0,7.9,11.6,151.0
2023-11-05T14:00,25.5,15.1,223.0,9.0,9.4,121.0
2023-11-05T15:00,24.6,14.6,193.0,10.7,8.0,94.0
2023-11-05T16:00,23.4,14.1,190.0,13.6,8.4,74.0
2023-11-05T17:00,22.6,13.9,201.0,17.1,9.8,58.0
2023-11-05T18:00,22.2,13.8,210.0,19.3,10.9,46.0
2023-11-05T19:00,22.2,13.7,210.0,18.9,11.3,41.0
2023-11-05T20:00,22.1,13.6,208.0,17.2,11.5,41.0
2023-11-05T21:00,21.4,13.4,206.0,15.7,11.5,41.0
2023-11-05T22:00,19.1,12.1,208.0,15.4,11.3,39.0
2023-11-05T23:00,18.0,11.7,211.0,15.4,11.0,37.0
2023-11-06T00:00,12.2,8.0,163.0,10.0,7.1,39.0
2023-11-06T01:00,11.9,7.7,144.0,8.4,5.7,40.0
2023-11-06T02:00,11.4,7.1,122.0,6.4,4.2,42.0
2023-11-06T03:00,11.1,7.0,130.0,7.0,5.7,44.0
2023-11-06T04:00,12.4,7.9,191.0,13.2,12.7,41.0
2023-11-06T05:00,18.0,11.8,283.0,22.0,22.8,38.0
2023-11-06T06:00,31.5,21.3,375.0,27.4,31.2,53.0
2023-11-06T07:00,51.9,35.6,479.0,26.2,37.5,108.0
2023-11-06T08:00,67.5,46.1,584.0,21.7,42.2,182.0
2023-11-06T09:00,63.6,42.4,620.0,17.1,42.4,226.0
2023-11-06T10:00,46.6,30.2,531.0,13.2,34.6,215.0
2023-11-06T11:00,36.1,22.8,374.0,9.3,22.3,174.0
2023-11-06T12:00,30.5,18.7,260.0,7.1,12.7,146.0
2023-11-06T13:00,24.4,15.0,230.0,7.2,10.7,129.0
2023-11-06T14:00,22.0,13.2,190.0,7.5,8.1,106.0
2023-11-06T15:00,23.5,13.6,163.0,8.4,6.5,85.0
2023-11-06T16:00,25.0,14.3,164.0,10.9,7.2,70.0
2023-11-06T17:00,26.0,14.9,177.0,14.0,8.9,57.0
2023-11-06T18:00,26.7,15.4,185.0,15.7,10.0,48.0
2023-11-06T19:00,26.4,15.4,179.0,14.9,9.8,44.0
2023-11-06T20:00,25.8,14.9,167.0,12.6,9.0,44.0
2023-11-06T21:00,24.7,14.1,153.0,10.3,7.9,44.0
2023-11-06T22:00,20.8,11.6,135.0,8.2,6.4,45.0
2023-11-06T23:00,18.1,10.1,114.0,6.1,4.7,46.0
2023-11-07T00:00,21.0,11.6,107.0,5.1,3.6,45.0
2023-11-07T01:00,21.6,11.9,108.0,4.9,3.6,42.0
2023-11-07T02:00,23.1,12.7,111.0,4.8,3.7,39.0
2023-11-07T03:00,24.3,13.4,125.0,5.5,5.0,39.0
2023-11-07T04:00,29.5,16.1,159.0,8.2,8.3,42.0
2023-11-07T05:00,36.8,20.5,205.0,11.8,12.8,48.0
2023-11-07T06:00,43.9,25.1,247.0,13.9,16.5,62.0
2023-11-07T07:00,54.5,31.2,289.0,13.3,19.2,93.0
2023-11-07T08:00,61.2,35.0,329.0,11.2,21.2,132.0
2023-11-07T09:00,61.0,35.0,340.0,9.2,21.3,156.0
2023-11-07T10:00,57.4,32.5,301.0,7.4,18.1,151.0
2023-11-07T11:00,52.0,28.9,235.0,5.6,12.9,130.0
2023-11-07T12:00,44.6,23.9,138.0,3.5,9.1,100.0
2023-11-07T13:00,41.1,22.2,138.0,4.2,8.3,95.0
2023-11-07T14:00,38.5,21.0,139.0,5.3,7.2,86.0
2023-11-07T15:00,34.9,19.4,142.0,6.7,6.6,77.0
2023-11-07T16:00,32.2,18.2,150.0,8.9,7.1,65.0
2023-11-07T17:00,30.0,17.2,160.0,11.5,8.1,51.0
2023-11-07T18:00,28.2,16.3,166.0,13.0,8.8,41.0
2023-11-07T19:00,27.0,15.7,165.0,12.4,8.7,38.0
2023-11-07T20:00,25.3,14.8,159.0,10.7,8.2,39.0
2023-11-07T21:00,23.6,13.8,151.0,9.1,7.6,41.0
2023-11-07T22:00,21.8,12.7,140.0,7.9,6.7,42.0
2023-11-07T23:00,20.7,11.9,127.0,6.9,5.6,43.0
2023-11-08T00:00,23.4,14.0,182.0,13.0,7.7,35.0
2023-11-08T01:00,22.5,13.4,175.0,12.0,7.2,35.0
2023-11-08T02:00,21.8,12.8,165.0,10.6,6.7,35.0
2023-11-08T03:00,21.0,12.3,161.0,9.5,6.7,38.0
2023-11-08T04:00,21.1,12.3,168.0,9.0,7.9,46.0
2023-11-08T05:00,23.1,13.6,181.0,8.8,9.8,56.0
2023-11-08T06:00,24.4,14.4,187.0,8.2,10.9,66.0
2023-11-08T07:00,25.3,14.7,181.0,6.9,10.8,74.0
2023-11-08T08:00,26.3,15.1,170.0,5.4,10.0,81.0
2023-11-08T09:00,27.0,15.4,159.0,4.2,9.1,86.0
2023-11-08T10:00,26.9,15.1,151.0,3.6,8.0,87.0
2023-11-08T11:00,26.5,14.9,143.0,3.4,6.7,85.0
2023-11-08T12:00,19.8,11.2,133.0,3.3,5.3,85.0
2023-11-08T13:00,19.7,11.1,132.0,3.8,5.0,79.0
2023-11-08T14:00,19.0,10.7,130.0,4.6,4.7,72.0
2023-11-08T15:00,18.8,10.7,129.0,5.4,4.5,64.0
2023-11-08T16:00,19.0,10.8,131.0,6.5,4.8,57.0
2023-11-08T17:00,19.3,11.0,135.0,7.6,5.3,50.0
2023-11-08T18:00,19.4,11.1,136.0,8.1,5.6,45.0
2023-11-08T19:00,19.1,10.9,133.0,7.6,5.4,44.0
2023-11-08T20:00,18.7,10.7,129.0,6.4,5.0,44.0
2023-11-08T21:00,18.0,10.3,123.0,5.4,4.6,45.0
2023-11-08T22:00,16.6,9.5,116.0,4.8,4.1,45.0
2023-11-08T23:00,15.3,8.6,109.0,4.2,3.6,45.0
2023-11-09T00:00,14.1,8.0,109.0,4.7,3.3,44.0
2023-11-09T01:00,13.9,7.9,106.0,4.4,3.1,44.0
2023-11-09T02:00,13.7,7.7,103.0,4.1,3.0,43.0
2023-11-09T03:00,13.1,7.4,104.0,4.0,3.2,44.0
2023-11-09T04:00,12.3,7.0,115.0,4.6,4.1,46.0
2023-11-09T05:00,12.6,7.4,130.0,5.4,5.4,49.0
2023-11-09T06:00,13.9,8.3,143.0,5.9,6.5,54.0
2023-11-09T07:00,14.3,8.6,149.0,5.6,7.1,63.0
2023-11-09T08:00,14.5,8.8,153.0,4.9,7.4,73.0
2023-11-09T09:00,15.1,9.1,154.0,4.3,7.5,82.0
2023-11-09T10:00,15.8,9.5,153.0,4.0,7.2,88.0
2023-11-09T11:00,16.8,9.9,149.0,3.8,6.6,92.0
2023-11-09T12:00,19.4,11.1,147.0,4.0,6.1,97.0
2023-11-09T13:00,19.7,11.2,145.0,4.6,5.8,92.0
2023-11-09T14:00,19.2,10.8,141.0,5.6,5.4,86.0
2023-11-09T15:00,18.2,10.2,140.0,6.6,5.2,79.0
2023-11-09T16:00,17.1,9.6,141.0,7.9,5.5,72.0
2023-11-09T17:00,16.0,9.1,145.0,9.2,5.9,64.0
2023-11-09T18:00,14.3,8.3,149.0,10.2,6.4,58.0
2023-11-09T19:00,12.9,7.6,156.0,10.5,6.8,54.0
2023-11-09T20:00,11.9,7.2,165.0,10.4,7.3,52.0
2023-11-09T21:00,11.2,6.9,169.0,10.1,7.4,50.0
2023-11-09T22:00,10.1,6.2,165.0,9.6,6.9,48.0
2023-11-09T23:00,9.1,5.6,157.0,8.9,6.1,45.0
2023-11-10T00:00,8.8,5.4,146.0,8.5,5.6,44.0
2023-11-10T01:00,8.9,5.5,142.0,8.0,5.3,40.0
2023-11-10T02:00,9.2,5.6,139.0,7.5,5.1,36.0
2023-11-10T03:00,9.5,5.8,156.0,8.0,6.5,38.0
2023-11-10T04:00,10.6,6.6,217.0,10.8,11.4,53.0
2023-11-10T05:00,15.4,10.0,297.0,14.6,17.9,76.0
2023-11-10T06:00,27.2,18.0,341.0,16.3,21.4,93.0
2023-11-10T07:00,34.6,22.2,314.0,14.0,19.0,101.0
2023-11-10T08:00,30.9,18.3,250.0,9.7,13.6,104.0
2023-11-10T09:00,27.4,15.9,196.0,6.2,9.2,105.0
2023-11-10T10:00,25.9,14.8,170.0,4.7,7.4,105.0
2023-11-10T11:00,24.1,13.7,154.0,4.1,6.6,102.0
2023-11-10T12:00,20.8,11.6,131.0,3.9,5.3,93.0
2023-11-10T13:00,19.1,10.9,134.0,4.8,5.5,89.0
2023-11-10T14:00,18.6,10.9,138.0,6.1,5.9,84.0
2023-11-10T15:00,19.8,11.6,144.0,7.7,6.4,76.0
2023-11-10T16:00,20.0,11.8,153.0,9.9,7.3,64.0
2023-11-10T17:00,21.6,12.7,164.0,12.4,8.3,49.0
2023-11-10T18:00,22.9,13.4,171.0,13.9,9.1,39.0
2023-11-10T19:00,23.6,13.8,174.0,13.8,9.5,36.0
2023-11-10T20:00,24.4,14.2,174.0,12.7,9.7,36.0
2023-11-10T21:00,24.7,14.3,170.0,11.5,9.4,37.0
2023-11-10T22:00,24.4,13.9,157.0,10.3,8.4,36.0
2023-11-10T23:00,23.0,13.0,140.0,9.0,6.9,35.0
2023-11-11T00:00,21.1,11.6,104.0,5.7,4.1,34.0
2023-11-11T01:00,22.0,12.1,107.0,6.0,4.7,32.0
2023-11-11T02:00,22.1,12.2,113.0,6.4,5.7,29.0
2023-11-11T03:00,21.4,12.0,128.0,7.3,7.1,31.0
2023-11-11T04:00,21.3,12.0,158.0,9.3,9.5,40.0
2023-11-11T05:00,23.2,13.4,196.0,11.7,12.4,53.0
2023-11-11T06:00,27.8,16.5,228.0,12.9,14.5,69.0
2023-11-11T07:00,32.2,19.3,248.0,11.8,15.2,90.0
2023-11-11T08:00,35.4,21.1,260.0,9.5,15.2,114.0
2023-11-11T09:00,36.2,21.5,267.0,7.7,14.9,132.0
2023-11-11T10:00,38.3,22.6,267.0,6.9,14.6,143.0
2023-11-11T11:00,39.9,23.5,261.0,6.6,14.0,149.0
2023-11-11T12:00,35.5,20.4,192.0,5.7,9.8,121.0
2023-11-11T13:00,37.0,21.4,190.0,6.8,9.4,115.0
2023-11-11T14:00,35.5,20.3,186.0,8.3,8.9,105.0
2023-11-11T15:00,33.3,18.9,184.0,9.9,8.7,93.0
2023-11-11T16:00,31.9,17.9,184.0,11.9,9.0,74.0
2023-11-11T17:00,32.0,17.9,185.0,14.0,9.6,53.0
2023-11-11T18:00,33.5,18.9,184.0,15.1,10.0,37.0
2023-11-11T19:00,35.0,19.7,182.0,14.6,10.2,32.0
2023-11-11T20:00,33.6,18.9,178.0,13.1,10.3,34.0
2023-11-11T21:00,32.7,18.3,171.0,11.5,9.9,36.0
2023-11-11T22:00,32.7,18.2,158.0,10.0,8.6,38.0
2023-11-11T23:00,33.1,18.2,142.0,8.4,6.9,41.0
2023-11-12T00:00,30.7,16.7,129.0,7.0,5.7,43.0
2023-11-12T01:00,30.0,16.2,124.0,6.4,5.3,42.0
2023-11-12T02:00,28.6,15.5,119.0,5.6,4.8,42.0
2023-11-12T03:00,28.5,15.4,128.0,5.8,5.6,44.0
2023-11-12T04:00,30.4,16.4,163.0,8.1,9.0,49.0
2023-11-12T05:00,32.8,18.2,211.0,11.3,13.6,57.0
2023-11-12T06:00,38.1,21.8,248.0,13.1,16.7,69.0
2023-11-12T07:00,43.5,25.1,265.0,12.0,17.2,89.0
2023-11-12T08:00,46.6,26.6,270.0,9.4,16.3,112.0
2023-11-12T09:00,47.4,26.8,261.0,7.1,14.7,125.0
2023-11-12T10:00,45.5,25.6,231.0,5.7,12.3,120.0
2023-11-12T11:00,41.1,22.8,188.0,4.6,9.4,105.0
2023-11-12T12:00,32.5,18.1,158.0,4.3,7.4,95.0
2023-11-12T13:00,29.1,16.1,148.0,4.6,6.7,86.0
2023-11-12T14:00,26.0,14.3,133.0,5.0,5.6,73.0
2023-11-12T15:00,23.3,12.8,123.0,5.5,4.9,61.0
2023-11-12T16:00,21.1,11.6,121.0,6.2,4.8,52.0
2023-11-12T17:00,19.8,11.0,122.0,6.9,5.0,44.0
2023-11-12T18:00,18.9,10.5,122.0,7.2,5.1,39.0
2023-11-12T19:00,18.2,10.1,119.0,6.6,4.8,36.0
2023-11-12T20:00,18.7,10.3,114.0,5.5,4.4,36.0
2023-11-12T21:00,17.9,9.8,109.0,4.6,4.0,36.0
2023-11-12T22:00,15.2,8.4,104.0,4.0,3.6,36.0
2023-11-12T23:00,12.0,6.7,99.0,3.6,3.1,36.0
2023-11-13T00:00,11.8,6.6,94.0,3.2,2.7,35.0
2023-11-13T01:00,10.2,5.7,93.0,3.1,2.7,35.0
2023-11-13T02:00,8.9,5.0,92.0,3.0,2.7,36.0
2023-11-13T03:00,7.9,4.5,94.0,3.1,3.0,37.0
2023-11-13T04:00,7.2,4.2,102.0,3.4,3.7,38.0
2023-11-13T05:00,7.6,4.5,114.0,3.9,4.6,40.0
2023-11-13T06:00,8.9,5.4,123.0,4.2,5.3,43.0
2023-11-13T07:00,10.0,6.1,128.0,4.0,5.7,49.0
2023-11-13T08:00,10.4,6.4,131.0,3.7,5.9,56.0
2023-11-13T09:00,10.6,6.6,132.0,3.4,5.9,62.0
2023-11-13T10:00,11.7,7.1,132.0,3.3,5.7,67.0
2023-11-13T11:00,13.6,8.1,131.0,3.4,5.3,71.0
2023-11-13T12:00,14.5,8.5,123.0,3.7,5.1,76.0
2023-11-13T13:00,14.2,8.3,120.0,4.1,4.9,72.0
2023-11-13T14:00,13.3,7.8,117.0,4.7,4.6,67.0
2023-11-13T15:00,11.8,7.0,115.0,5.4,4.5,61.0
2023-11-13T16:00,10.4,6.3,116.0,6.3,4.8,53.0
2023-11-13T17:00,9.9,6.1,119.0,7.2,5.2,45.0
2023-11-13T18:00,9.2,5.8,120.0,7.7,5.5,39.0
2023-11-13T19:00,8.7,5.5,120.0,7.4,5.5,37.0
2023-11-13T20:00,8.2,5.2,119.0,6.6,5.3,37.0
2023-11-13T21:00,7.4,4.7,116.0,5.8,5.1,38.0
2023-11-13T22:00,6.2,4.0,110.0,5.2,4.7,38.0
2023-11-13T23:00,5.4,3.5,104.0,4.7,4.2,38.0
2023-11-14T00:00,6.0,3.9,106.0,4.9,4.1,36.0
2023-11-14T01:00,5.7,3.7,105.0,4.8,4.0,34.0
2023-11-14T02:00,5.6,3.6,106.0,4.8,4.1,31.0
2023-11-14T03:00,5.4,3.6,116.0,5.3,5.0,32.0
2023-11-14T04:00,5.8,3.9,144.0,6.8,7.3,38.0
2023-11-14T05:00,8.6,5.9,182.0,8.8,10.5,47.0
2023-11-14T06:00,14.3,9.9,217.0,9.9,13.7,65.0
2023-11-14T07:00,18.9,13.0,239.0,9.3,16.5,95.0
2023-11-14T08:00,24.2,16.5,258.0,7.8,19.2,133.0
2023-11-14T09:00,29.8,20.2,296.0,7.0,21.9,171.0
2023-11-14T10:00,44.0,30.2,381.0,7.6,25.2,215.0
2023-11-14T11:00,53.2,36.7,484.0,8.8,28.4,260.0
2023-11-14T12:00,63.1,42.8,554.0,11.1,32.7,301.0
2023-11-14T13:00,62.6,41.7,496.0,12.4,27.6,268.0
2023-11-14T14:00,51.2,33.6,417.0,14.4,20.7,220.0
2023-11-14T15:00,39.1,25.4,353.0,16.7,15.9,173.0
2023-11-14T16:00,31.5,20.6,319.0,19.7,15.2,128.0
2023-11-14T17:00,26.5,17.6,302.0,23.1,16.6,83.0
2023-11-14T18:00,23.6,15.9,298.0,25.6,18.1,49.0
2023-11-14T19:00,23.4,15.9,320.0,27.0,19.6,33.0
2023-11-14T20:00,23.2,15.8,355.0,27.5,21.2,28.0
2023-11-14T21:00,22.3,15.2,370.0,26.7,21.3,26.0
2023-11-14T22:00,19.3,13.1,342.0,23.9,18.6,25.0
2023-11-14T23:00,15.8,10.7,293.0,19.9,14.5,26.0
2023-11-15T00:00,12.5,8.4,235.0,15.8,11.1,26.0
2023-11-15T01:00,11.4,7.7,225.0,14.9,10.6,19.0
2023-11-15T02:00,11.4,7.7,216.0,13.7,10.2,11.0
2023-11-15T03:00,12.1,8.2,243.0,13.2,12.8,20.0
2023-11-15T04:00,14.2,9.6,328.0,14.5,20.9,54.0
2023-11-15T05:00,22.1,15.1,448.0,16.6,31.8,105.0
2023-11-15T06:00,40.6,28.1,570.0,17.4,40.9,161.0
2023-11-15T07:00,67.8,47.0,720.0,15.6,47.9,235.0
2023-11-15T08:00,86.4,60.1,872.0,12.6,53.0,313.0
2023-11-15T09:00,90.1,61.7,916.0,10.5,51.6,347.0
2023-11-15T10:00,92.9,63.3,762.0,10.2,38.3,299.0
2023-11-15T11:00,66.4,45.1,500.0,10.9,18.5,206.0
2023-11-15T12:00,43.1,28.9,415.0,8.7,17.3,215.0
2023-11-15T13:00,38.9,24.8,327.0,8.7,12.9,172.0
2023-11-15T14:00,27.6,16.6,207.0,8.8,7.0,111.0
2023-11-15T15:00,22.2,13.2,127.0,9.7,3.6,66.0
2023-11-15T16:00,21.0,12.7,121.0,11.8,4.5,50.0
2023-11-15T17:00,23.2,14.3,155.0,14.7,7.9,49.0
2023-11-15T18:00,26.5,16.6,200.0,18.1,12.1,48.0
2023-11-15T19:00,29.8,18.9,265.0,23.1,18.1,39.0
2023-11-15T20:00,32.7,21.4,341.0,28.6,24.9,30.0
2023-11-15T21:00,32.6,21.7,374.0,30.7,27.7,26.0
2023-11-15T22:00,35.2,23.6,326.0,26.3,22.8,30.0
2023-11-15T23:00,30.5,19.7,235.0,18.5,13.9,38.0
2023-11-16T00:00,23.3,15.3,241.0,18.1,13.5,36.0
2023-11-16T01:00,18.2,11.8,195.0,14.1,10.0,39.0
2023-11-16T02:00,16.2,10.5,136.0,8.9,5.5,44.0
2023-11-16T03:00,13.8,9.0,121.0,7.4,4.8,47.0
2023-11-16T04:00,12.9,8.6,191.0,13.8,12.0,43.0
2023-11-16T05:00,17.5,12.0,305.0,23.8,23.0,38.0
2023-11-16T06:00,29.6,20.4,396.0,29.8,30.8,49.0
2023-11-16T07:00,47.1,32.5,445.0,27.4,32.6,95.0
2023-11-16T08:00,54.7,37.6,470.0,21.0,31.1,156.0
2023-11-16T09:00,54.9,36.9,460.0,15.5,27.5,192.0
2023-11-16T10:00,57.5,38.5,387.0,12.3,20.3,177.0
2023-11-16T11:00,39.5,26.3,279.0,10.0,11.0,136.0
2023-11-16T12:00,35.4,23.1,227.0,10.9,6.8,116.0
2023-11-16T13:00,30.3,20.0,221.0,12.5,6.7,108.0
2023-11-16T14:00,29.9,20.1,216.0,14.8,6.8,96.0
2023-11-16T15:00,28.8,19.3,223.0,18.0,8.0,85.0
2023-11-16T16:00,30.4,20.6,256.0,23.1,11.3,76.0
2023-11-16T17:00,32.4,21.9,301.0,28.9,15.7,67.0
2023-11-16T18:00,36.9,25.2,340.0,32.6,19.4,59.0
2023-11-16T19:00,37.0,25.3,370.0,32.5,22.1,53.0
2023-11-16T20:00,35.5,24.3,393.0,30.2,24.0,48.0
2023-11-16T21:00,35.0,24.0,390.0,27.2,23.9,44.0
2023-11-16T22:00,29.9,20.3,342.0,23.4,20.3,43.0
2023-11-16T23:00,24.0,15.8,268.0,18.9,14.8,43.0
2023-11-17T00:00,33.1,22.2,349.0,24.3,22.8,33.0
2023-11-17T01:00,28.7,19.2,308.0,21.0,19.8,34.0
2023-11-17T02:00,26.6,17.1,255.0,16.7,15.9,36.0
2023-11-17T03:00,25.6,16.1,233.0,15.2,14.3,37.0
2023-11-17T04:00,25.0,15.5,279.0,20.1,17.8,33.0
2023-11-17T05:00,28.4,18.0,357.0,27.8,23.7,29.0
2023-11-17T06:00,36.8,24.3,399.0,31.3,26.3,34.0
2023-11-17T07:00,42.6,28.5,369.0,26.4,22.3,58.0
2023-11-17T08:00,36.4,24.1,302.0,17.3,15.2,91.0
2023-11-17T09:00,31.7,20.3,244.0,10.0,9.7,115.0
2023-11-17T10:00,27.5,17.1,207.0,6.9,8.0,123.0
2023-11-17T11:00,25.6,15.7,178.0,5.6,7.8,122.0
2023-11-17T12:00,20.1,12.4,182.0,5.4,8.8,138.0
2023-11-17T13:00,21.0,12.8,163.0,5.0,7.4,128.0
2023-11-17T14:00,20.5,12.0,139.0,4.8,5.7,113.0
2023-11-17T15:00,17.2,10.1,131.0,6.3,5.5,97.0
2023-11-17T16:00,18.1,10.9,159.0,11.7,8.5,81.0
2023-11-17T17:00,20.8,12.7,203.0,19.0,13.1,64.0
2023-11-17T18:00,23.6,14.8,233.0,23.6,16.3,51.0
2023-11-17T19:00,24.3,15.5,235.0,23.3,16.9,45.0
2023-11-17T20:00,22.5,14.4,222.0,20.4,16.1,42.0
2023-11-17T21:00,19.0,11.9,203.0,17.2,14.6,41.0
2023-11-17T22:00,15.8,9.7,176.0,14.3,12.0,40.0
2023-11-17T23:00,13.1,7.9,142.0,11.3,8.7,41.0
2023-11-18T00:00,9.8,5.9,117.0,8.7,6.3,44.0
2023-11-18T01:00,8.8,5.2,110.0,7.8,6.0,44.0
2023-11-18T02:00,8.2,4.8,100.0,6.6,5.7,43.0
2023-11-18T03:00,8.3,4.9,99.0,6.2,5.7,43.0
2023-11-18T04:00,9.3,5.7,115.0,7.5,6.4,42.0
2023-11-18T05:00,12.3,7.9,139.0,9.5,7.5,40.0
2023-11-18T06:00,14.9,9.9,157.0,10.5,8.4,44.0
2023-11-18T07:00,15.8,10.5,161.0,9.3,8.8,57.0
2023-11-18T08:00,15.8,10.4,157.0,7.1,9.0,75.0
2023-11-18T09:00,16.6,10.7,155.0,5.5,9.1,90.0
2023-11-18T10:00,18.0,11.3,157.0,5.2,9.1,100.0
2023-11-18T11:00,20.0,12.5,159.0,5.5,9.1,106.0
2023-11-18T12:00,16.1,9.5,133.0,3.7,7.0,97.0
2023-11-18T13:00,16.4,9.5,123.0,3.9,5.9,89.0
2023-11-18T14:00,15.9,9.1,113.0,4.6,4.6,78.0
2023-11-18T15:00,16.2,9.5,129.0,8.5,6.1,66.0
2023-11-18T16:00,19.0,11.4,189.0,18.6,12.1,52.0
2023-11-18T17:00,26.0,16.4,275.0,31.8,20.8,37.0
2023-11-18T18:00,32.4,21.1,358.0,42.4,29.7,25.0
2023-11-18T19:00,35.2,23.3,434.0,47.5,39.3,17.0
2023-11-18T20:00,39.5,26.5,508.0,50.0,49.1,12.0
2023-11-18T21:00,43.7,29.5,566.0,51.8,55.4,8.0
2023-11-18T22:00,44.9,30.6,617.0,54.9,56.8,4.0
2023-11-18T23:00,50.1,34.3,652.0,57.4,54.6,2.0
2023-11-19T00:00,40.6,27.8,543.0,47.8,47.7,8.0
2023-11-19T01:00,38.6,26.3,479.0,43.5,39.8,10.0
2023-11-19T02:00,31.9,21.5,390.0,37.5,28.8,12.0
2023-11-19T03:00,24.4,16.4,313.0,31.5,20.0,17.0
2023-11-19T04:00,16.5,11.0,260.0,26.0,15.7,24.0
2023-11-19T05:00,14.3,9.6,219.0,20.6,13.6,32.0
2023-11-19T06:00,14.5,9.6,190.0,16.0,12.2,42.0
2023-11-19T07:00,15.4,10.3,176.0,12.5,11.4,53.0
2023-11-19T08:00,14.6,9.8,174.0,9.8,11.4,66.0
2023-11-19T09:00,13.7,8.8,172.0,7.7,11.1,77.0
2023-11-19T10:00,17.4,10.5,164.0,5.9,10.1,87.0
2023-11-19T11:00,21.5,12.6,155.0,4.7,9.0,96.0
2023-11-19T12:00,22.5,12.8,140.0,4.0,7.6,96.0
2023-11-19T13:00,25.6,14.7,146.0,5.7,7.6,92.0
2023-11-19T14:00,26.7,15.7,155.0,8.2,7.8,86.0
2023-11-19T15:00,26.8,15.9,169.0,11.5,8.8,77.0
2023-11-19T16:00,27.2,16.5,194.0,16.6,11.4,62.0
2023-11-19T17:00,27.8,17.2,225.0,22.4,14.9,44.0
2023-11-19T18:00,28.5,17.9,247.0,26.2,17.6,31.0
2023-11-19T19:00,27.2,17.3,258.0,26.7,19.2,25.0
2023-11-19T20:00,25.6,16.7,261.0,25.1,19.9,24.0
2023-11-19T21:00,22.4,14.8,249.0,22.4,19.2,25.0
2023-11-19T22:00,17.8,11.6,210.0,18.2,15.9,27.0
2023-11-19T23:00,14.4,9.3,157.0,13.0,11.0,32.0
2023-11-20T00:00,13.3,8.4,119.0,8.8,7.3,34.0
2023-11-20T01:00,12.0,7.5,112.0,7.4,6.3,35.0
2023-11-20T02:00,10.9,6.9,103.0,5.6,4.8,37.0
2023-11-20T03:00,9.7,6.3,98.0,4.4,3.9,38.0
2023-11-20T04:00,8.8,5.9,101.0,4.6,3.9,38.0
2023-11-20T05:00,8.8,6.0,108.0,5.4,4.4,38.0
2023-11-20T06:00,10.1,6.8,113.0,5.7,4.7,39.0
2023-11-20T07:00,9.6,6.6,112.0,4.8,4.5,44.0
2023-11-20T08:00,9.3,6.3,108.0,3.5,4.2,50.0
2023-11-20T09:00,9.8,6.3,105.0,2.5,3.8,54.0
2023-11-20T10:00,10.9,6.9,104.0,2.3,3.5,53.0
2023-11-20T11:00,10.9,6.8,105.0,2.5,3.1,49.0
2023-11-20T12:00,11.5,7.0,93.0,2.6,2.9,48.0
2023-11-20T13:00,13.1,7.8,93.0,3.1,2.8,45.0
2023-11-20T14:00,13.9,8.2,92.0,3.9,2.6,40.0
2023-11-20T15:00,15.8,9.2,92.0,4.4,2.5,37.0
2023-11-20T16:00,17.2,9.9,93.0,4.5,2.6,35.0
2023-11-20T17:00,18.2,10.3,94.0,4.5,2.8,34.0
2023-11-20T18:00,22.7,12.8,95.0,4.4,3.0,34.0
2023-11-20T19:00,27.6,15.4,97.0,4.3,3.1,36.0
2023-11-20T20:00,30.5,17.0,99.0,4.2,3.3,40.0
2023-11-20T21:00,32.6,18.0,99.0,4.0,3.2,43.0
2023-11-20T22:00,33.4,18.3,96.0,3.5,2.8,45.0
2023-11-20T23:00,34.0,18.6,90.0,2.9,2.2,46.0
2023-11-21T00:00,32.8,17.8,89.0,2.6,2.0,46.0
2023-11-21T01:00,34.3,18.5,89.0,2.5,1.9,46.0
2023-11-21T02:00,35.0,18.7,88.0,2.3,1.8,46.0
2023-11-21T03:00,35.2,18.7,91.0,2.4,2.0,46.0
2023-11-21T04:00,35.3,18.7,99.0,3.0,2.7,46.0
2023-11-21T05:00,35.9,19.1,111.0,3.9,3.6,46.0
2023-11-21T06:00,38.1,20.4,118.0,4.3,4.3,48.0
2023-11-21T07:00,38.8,20.8,119.0,3.9,4.5,53.0
2023-11-21T08:00,39.9,21.4,115.0,3.0,4.4,59.0
2023-11-21T09:00,39.5,21.2,112.0,2.4,4.2,64.0
2023-11-21T10:00,38.9,20.9,109.0,2.1,4.0,66.0
2023-11-21T11:00,38.9,20.9,105.0,2.0,3.8,67.0
2023-11-21T12:00,37.1,19.9,98.0,1.9,3.3,64.0
2023-11-21T13:00,36.2,19.5,98.0,2.4,3.4,64.0
2023-11-21T14:00,35.7,19.3,99.0,3.1,3.6,63.0
2023-11-21T15:00,35.9,19.4,101.0,4.0,3.9,61.0
2023-11-21T16:00,35.2,19.2,104.0,5.3,4.5,57.0
2023-11-21T17:00,33.9,18.6,109.0,6.9,5.3,51.0
2023-11-21T18:00,32.8,18.2,112.0,8.0,5.9,46.0
2023-11-21T19:00,31.4,17.5,115.0,8.4,6.4,43.0
2023-11-21T20:00,30.0,16.9,116.0,8.4,6.8,42.0
2023-11-21T21:00,28.0,15.7,114.0,8.0,6.7,41.0
2023-11-21T22:00,25.1,14.0,104.0,6.9,5.8,41.0
2023-11-21T23:00,22.5,12.5,90.0,5.5,4.5,42.0
2023-11-22T00:00,19.7,11.1,89.0,5.9,4.0,38.0
2023-11-22T01:00,20.7,11.5,81.0,4.9,3.6,40.0
2023-11-22T02:00,19.6,10.9,71.0,3.6,3.0,43.0
2023-11-22T03:00,19.0,10.6,66.0,2.8,2.8,45.0
2023-11-22T04:00,18.9,10.6,71.0,3.1,3.3,45.0
2023-11-22T05:00,18.6,10.6,82.0,3.9,4.2,44.0
2023-11-22T06:00,18.7,10.8,90.0,4.3,4.9,45.0
2023-11-22T07:00,18.7,10.8,92.0,3.9,5.0,51.0
2023-11-22T08:00,19.2,11.1,92.0,3.1,4.9,59.0
2023-11-22T09:00,19.9,11.4,91.0,2.5,4.7,65.0
2023-11-22T10:00,21.2,12.0,89.0,2.2,4.5,68.0
2023-11-22T11:00,22.0,12.4,86.0,2.2,4.2,69.0
2023-11-22T12:00,23.7,13.4,83.0,2.2,3.8,68.0
2023-11-22T13:00,24.0,13.7,86.0,2.8,3.9,67.0
2023-11-22T14:00,23.8,13.7,90.0,3.7,4.1,66.0
2023-11-22T15:00,23.2,13.5,95.0,4.8,4.5,63.0
2023-11-22T16:00,22.1,13.0,103.0,6.5,5.3,57.0
2023-11-22T17:00,20.8,12.5,111.0,8.5,6.3,48.0
2023-11-22T18:00,19.4,11.9,117.0,9.8,7.0,42.0
2023-11-22T19:00,17.9,11.1,119.0,9.9,7.4,39.0
2023-11-22T20:00,16.8,10.5,117.0,9.4,7.6,38.0
2023-11-22T21:00,15.5,9.9,113.0,8.7,7.4,37.0
2023-11-22T22:00,13.4,8.5,104.0,7.8,6.6,36.0
2023-11-22T23:00,11.8,7.6,91.0,6.8,5.5,36.0
2023-11-23T00:00,11.4,7.3,86.0,6.2,5.0,35.0
2023-11-23T01:00,10.5,6.9,83.0,6.0,4.8,33.0
2023-11-23T02:00,9.7,6.4,81.0,5.8,4.7,32.0
2023-11-23T03:00,9.1,6.1,91.0,6.4,5.6,32.0
2023-11-23T04:00,8.6,6.1,121.0,8.6,8.2,32.0
2023-11-23T05:00,10.8,7.7,163.0,11.5,11.7,35.0
2023-11-23T06:00,16.9,12.0,207.0,13.2,15.3,50.0
2023-11-23T07:00,24.1,16.8,257.0,12.5,19.3,89.0
2023-11-23T08:00,33.4,22.2,309.0,10.5,23.2,140.0
2023-11-23T09:00,40.6,26.2,338.0,8.7,24.9,175.0
2023-11-23T10:00,44.1,28.2,328.0,7.4,22.6,182.0
2023-11-23T11:00,41.7,26.4,294.0,6.2,18.1,174.0
2023-11-23T12:00,34.3,21.5,274.0,6.1,16.5,176.0
2023-11-23T13:00,30.4,19.3,255.0,7.0,14.7,160.0
2023-11-23T14:00,25.9,16.6,230.0,8.4,12.2,137.0
2023-11-23T15:00,23.7,15.3,216.0,10.5,10.9,114.0
2023-11-23T16:00,25.6,16.5,224.0,14.4,12.0,91.0
2023-11-23T17:00,27.7,17.6,242.0,19.0,14.3,69.0
2023-11-23T18:00,27.3,16.8,254.0,21.8,16.0,51.0
2023-11-23T19:00,28.6,17.2,254.0,21.4,16.4,41.0
2023-11-23T20:00,29.6,17.6,248.0,19.2,16.2,36.0
2023-11-23T21:00,30.5,18.3,238.0,17.0,15.5,33.0
2023-11-23T22:00,30.0,17.9,222.0,15.5,14.2,31.0
2023-11-23T23:00,29.7,17.5,202.0,14.1,12.5,31.0
2023-11-24T00:00,21.5,12.6,153.0,9.6,7.6,36.0
2023-11-24T01:00,20.7,12.0,140.0,8.6,6.8,35.0
2023-11-24T02:00,20.7,12.0,123.0,7.4,5.8,33.0
2023-11-24T03:00,21.9,12.5,119.0,6.8,5.9,35.0
2023-11-24T04:00,24.1,13.7,140.0,7.8,8.2,42.0
2023-11-24T05:00,27.1,15.6,173.0,9.4,11.6,52.0
2023-11-24T06:00,32.4,18.8,204.0,10.3,14.2,66.0
2023-11-24T07:00,37.7,22.0,230.0,9.6,15.3,89.0
2023-11-24T08:00,40.9,23.7,254.0,8.0,15.6,115.0
2023-11-24T09:00,41.6,24.1,260.0,6.6,15.0,131.0
2023-11-24T10:00,39.3,22.7,237.0,5.5,12.9,127.0
2023-11-24T11:00,35.0,19.8,196.0,4.6,9.8,112.0
2023-11-24T12:00,31.5,17.6,157.0,4.6,7.5,95.0
2023-11-24T13:00,28.8,15.9,148.0,4.7,6.7,86.0
2023-11-24T14:00,26.4,14.5,136.0,4.8,5.7,74.0
2023-11-24T15:00,24.6,13.5,128.0,5.2,5.1,63.0
2023-11-24T16:00,23.4,12.9,129.0,6.3,5.4,53.0
2023-11-24T17:00,22.1,12.2,134.0,7.8,6.1,44.0
2023-11-24T18:00,21.1,11.8,138.0,8.6,6.6,37.0
2023-11-24T19:00,20.4,11.5,138.0,8.3,6.6,35.0
2023-11-24T20:00,19.5,11.0,136.0,7.5,6.4,35.0
2023-11-24T21:00,18.8,10.6,131.0,6.6,6.0,36.0
2023-11-24T22:00,17.7,9.8,122.0,5.8,5.2,36.0
2023-11-24T23:00,16.5,9.1,111.0,5.0,4.3,36.0
2023-11-25T00:00,14.7,8.2,109.0,5.1,3.8,38.0
2023-11-25T01:00,14.5,8.0,109.0,5.0,3.7,37.0
2023-11-25T02:00,13.9,7.7,109.0,5.0,3.7,35.0
2023-11-25T03:00,13.2,7.4,112.0,5.0,4.1,36.0
2023-11-25T04:00,13.4,7.7,122.0,5.3,5.3,39.0
2023-11-25T05:00,15.2,8.8,135.0,5.7,6.8,45.0
2023-11-25T06:00,16.4,9.5,146.0,5.9,8.1,51.0
2023-11-25T07:00,17.3,10.1,152.0,5.6,8.9,59.0
2023-11-25T08:00,18.2,10.6,155.0,5.0,9.4,68.0
2023-11-25T09:00,19.1,11.1,155.0,4.5,9.4,76.0
2023-11-25T10:00,20.0,11.5,150.0,3.9,8.8,82.0
2023-11-25T11:00,19.9,11.4,142.0,3.3,7.7,87.0
2023-11-25T12:00,13.1,7.6,139.0,3.5,6.7,91.0
2023-11-25T13:00,13.1,7.6,133.0,4.0,6.2,84.0
2023-11-25T14:00,12.5,7.2,125.0,4.7,5.4,75.0
2023-11-25T15:00,12.1,6.9,121.0,5.6,5.1,66.0
2023-11-25T16:00,12.2,6.9,125.0,7.0,5.5,58.0
2023-11-25T17:00,12.7,7.3,133.0,8.7,6.4,50.0
2023-11-25T18:00,13.2,7.7,140.0,9.8,7.0,44.0
2023-11-25T19:00,13.0,7.7,144.0,9.9,7.2,41.0
2023-11-25T20:00,12.0,7.1,146.0,9.4,7.3,40.0
2023-11-25T21:00,11.1,6.7,144.0,8.8,7.0,40.0
2023-11-25T22:00,9.8,6.0,136.0,8.2,6.2,39.0
2023-11-25T23:00,9.2,5.5,125.0,7.4,5.0,39.0
2023-11-26T00:00,10.8,6.3,120.0,7.0,4.5,39.0
2023-11-26T01:00,10.1,6.0,119.0,7.0,4.3,35.0
2023-11-26T02:00,9.8,5.9,119.0,7.1,4.2,31.0
2023-11-26T03:00,9.5,5.9,140.0,7.8,5.8,34.0
2023-11-26T04:00,10.6,6.8,200.0,9.9,11.0,50.0
2023-11-26T05:00,16.8,11.2,281.0,12.6,18.0,73.0
2023-11-26T06:00,27.6,18.7,340.0,13.8,22.6,97.0
2023-11-26T07:00,37.0,25.1,360.0,12.1,23.1,124.0
2023-11-26T08:00,43.0,28.9,359.0,8.9,21.3,152.0
2023-11-26T09:00,40.2,26.5,353.0,6.6,18.8,168.0
2023-11-26T10:00,39.7,25.8,343.0,6.2,15.7,163.0
2023-11-26T11:00,44.6,29.1,328.0,6.6,12.0,145.0
2023-11-26T12:00,55.2,37.4,383.0,8.5,9.1,144.0
2023-11-26T13:00,52.4,35.4,363.0,8.9,8.1,132.0
2023-11-26T14:00,48.8,32.6,334.0,9.5,6.8,116.0
2023-11-26T15:00,45.5,30.0,310.0,10.7,6.4,99.0
2023-11-26T16:00,43.5,28.2,292.0,12.9,7.5,83.0
2023-11-26T17:00,37.0,23.5,279.0,15.8,9.4,66.0
2023-11-26T18:00,35.3,22.2,279.0,18.4,11.9,52.0
2023-11-26T19:00,34.9,22.1,306.0,21.1,15.7,42.0
2023-11-26T20:00,36.3,23.3,346.0,23.7,19.9,34.0
2023-11-26T21:00,36.6,23.6,362.0,24.4,21.7,30.0
2023-11-26T22:00,35.0,22.6,332.0,22.1,19.0,29.0
2023-11-26T23:00,30.7,19.6,279.0,18.0,13.8,32.0
2023-11-27T00:00,21.8,13.0,172.0,11.2,7.7,36.0
2023-11-27T01:00,20.0,11.8,161.0,10.2,7.3,35.0
2023-11-27T02:00,16.6,10.0,146.0,8.8,6.7,33.0
2023-11-27T03:00,14.6,9.0,141.0,8.0,6.9,35.0
2023-11-27T04:00,13.8,8.6,155.0,8.4,8.5,42.0
2023-11-27T05:00,15.8,10.0,180.0,9.4,10.7,52.0
2023-11-27T06:00,19.5,12.6,202.0,9.8,12.5,64.0
2023-11-27T07:00,23.1,15.0,219.0,9.0,13.4,82.0
2023-11-27T08:00,26.0,16.7,233.0,7.6,13.8,102.0
2023-11-27T09:00,27.4,17.5,239.0,6.4,13.4,115.0
2023-11-27T10:00,25.4,16.5,232.0,5.6,11.8,116.0
2023-11-27T11:00,25.2,16.5,216.0,5.1,9.5,110.0
2023-11-27T12:00,18.2,11.7,164.0,4.1,7.4,106.0
2023-11-27T13:00,15.9,10.5,157.0,4.5,6.8,98.0
2023-11-27T14:00,14.4,9.5,148.0,5.1,6.0,87.0
2023-11-27T15:00,14.2,9.2,143.0,6.1,5.7,75.0
2023-11-27T16:00,14.4,9.1,146.0,8.1,6.4,63.0
2023-11-27T17:00,15.0,9.3,153.0,10.6,7.6,50.0
2023-11-27T18:00,14.1,8.8,157.0,12.1,8.4,41.0
2023-11-27T19:00,13.2,8.2,156.0,11.8,8.4,37.0
2023-11-27T20:00,12.7,8.0,153.0,10.5,8.0,35.0
2023-11-27T21:00,12.0,7.4,146.0,9.2,7.3,35.0
2023-11-27T22:00,11.3,6.8,132.0,8.0,6.1,35.0
2023-11-27T23:00,11.1,6.5,115.0,6.7,4.7,36.0
2023-11-28T00:00,9.3,5.6,103.0,5.2,3.7,35.0
2023-11-28T01:00,8.6,5.3,108.0,5.6,4.6,33.0
2023-11-28T02:00,9.2,5.8,115.0,6.3,5.9,30.0
2023-11-28T03:00,11.6,7.2,126.0,7.0,7.2,30.0
2023-11-28T04:00,15.7,9.4,144.0,8.1,8.6,33.0
2023-11-28T05:00,25.2,14.8,166.0,9.3,10.1,37.0
2023-11-28T06:00,32.6,18.9,178.0,9.5,10.7,44.0
2023-11-28T07:00,33.9,19.3,172.0,7.9,10.0,55.0
2023-11-28T08:00,35.0,19.7,157.0,5.4,8.5,68.0
2023-11-28T09:00,36.7,20.5,142.0,3.4,7.1,77.0
2023-11-28T10:00,38.5,21.4,130.0,2.6,6.2,77.0
2023-11-28T11:00,39.6,21.7,119.0,2.4,5.4,73.0
2023-11-28T12:00,40.6,21.8,111.0,2.3,4.7,68.0
2023-11-28T13:00,35.4,19.1,105.0,2.1,4.0,62.0
2023-11-28T14:00,29.8,16.0,102.0,2.0,3.5,56.0
2023-11-28T15:00,28.5,15.3,104.0,2.7,3.6,49.0
2023-11-28T16:00,31.2,16.8,117.0,4.9,4.8,42.0
2023-11-28T17:00,32.5,17.6,136.0,7.7,6.5,34.0
2023-11-28T18:00,32.5,17.8,148.0,9.6,7.7,29.0
2023-11-28T19:00,31.7,17.2,148.0,9.5,7.8,28.0
2023-11-28T20:00,30.9,16.8,142.0,8.4,7.3,29.0
2023-11-28T21:00,30.4,16.5,133.0,7.2,6.6,30.0
2023-11-28T22:00,29.6,15.9,122.0,6.2,5.6,31.0
2023-11-28T23:00,28.8,15.4,109.0,5.2,4.3,32.0
2023-11-29T00:00,27.6,14.5,100.0,3.9,3.2,34.0
2023-11-29T01:00,26.6,14.0,102.0,4.2,3.5,33.0
2023-11-29T02:00,25.8,13.6,105.0,4.5,4.0,32.0
2023-11-29T03:00,24.6,13.0,108.0,4.7,4.5,32.0
2023-11-29T04:00,24.1,12.9,112.0,4.5,5.2,34.0
2023-11-29T05:00,25.1,13.6,116.0,4.1,5.9,38.0
2023-11-29T06:00,23.5,12.6,118.0,3.7,6.4,42.0
2023-11-29T07:00,20.3,11.0,116.0,3.1,6.4,45.0
2023-11-29T08:00,18.2,9.9,112.0,2.5,6.1,48.0
2023-11-29T09:00,17.2,9.4,110.0,2.1,5.8,52.0
2023-11-29T10:00,16.8,9.3,111.0,2.1,5.6,57.0
2023-11-29T11:00,16.6,9.3,114.0,2.3,5.3,62.0
2023-11-29T12:00,18.4,10.3,116.0,2.8,5.3,72.0
2023-11-29T13:00,18.8,10.4,112.0,2.9,4.7,68.0
2023-11-29T14:00,18.6,10.2,107.0,3.1,4.0,63.0
2023-11-29T15:00,17.7,9.6,104.0,3.5,3.6,57.0
2023-11-29T16:00,15.6,8.6,105.0,4.4,3.8,51.0
2023-11-29T17:00,11.8,6.7,109.0,5.5,4.4,46.0
2023-11-29T18:00,9.0,5.3,113.0,6.3,4.9,41.0
2023-11-29T19:00,7.4,4.5,116.0,6.5,5.3,39.0
2023-11-29T20:00,7.1,4.4,120.0,6.5,5.8,37.0
2023-11-29T21:00,7.0,4.4,123.0,6.6,6.1,36.0
2023-11-29T22:00,6.9,4.4,125.0,7.0,6.2,34.0
2023-11-29T23:00,6.8,4.4,127.0,7.4,6.1,32.0
2023-11-30T00:00,5.7,3.7,118.0,6.6,5.3,32.0
2023-11-30T01:00,6.2,4.0,122.0,7.2,5.5,25.0
2023-11-30T02:00,6.6,4.4,130.0,8.2,6.0,17.0
2023-11-30T03:00,7.1,4.8,155.0,9.2,7.9,20.0
2023-11-30T04:00,8.5,5.7,202.0,10.6,11.7,35.0
2023-11-30T05:00,13.8,9.4,265.0,12.2,16.9,61.0
2023-11-30T06:00,25.1,17.3,343.0,12.9,22.8,103.0
2023-11-30T07:00,41.6,28.8,457.0,12.0,30.9,177.0
2023-11-30T08:00,58.0,39.9,585.0,10.2,39.7,267.0
2023-11-30T09:00,67.5,46.0,662.0,8.7,44.0,328.0
2023-11-30T10:00,68.9,46.4,650.0,7.7,40.1,337.0
2023-11-30T11:00,65.4,43.7,587.0,7.0,31.6,318.0
2023-11-30T12:00,74.0,49.9,677.0,8.6,36.2,337.0
2023-11-30T13:00,56.1,37.3,563.0,8.5,28.8,291.0
2023-11-30T14:00,41.1,26.8,406.0,8.5,18.8,227.0
2023-11-30T15:00,31.8,20.3,292.0,9.7,12.1,171.0
2023-11-30T16:00,29.4,18.6,265.0,13.4,12.1,133.0
2023-11-30T17:00,29.1,18.4,281.0,18.2,15.6,104.0
2023-11-30T18:00,29.8,18.9,297.0,21.7,18.5,81.0
2023-11-30T19:00,31.5,20.1,305.0,23.1,20.3,64.0
2023-11-30T20:00,32.8,21.1,313.0,23.0,21.6,53.0
2023-11-30T21:00,28.9,18.3,297.0,21.2,20.6,48.0
2023-11-30T22:00,18.2,10.9,233.0,16.2,15.4,50.0
2023-11-30T23:00,15.0,8.6,146.0,9.4,7.9,57.0
2023-12-01T00:00,17.8,9.7,85.0,4.9,3.1,65.0
2023-12-01T01:00,17.5,9.8,79.0,4.1,2.7,62.0
2023-12-01T02:00,19.6,11.0,72.0,3.0,2.3,57.0
2023-12-01T03:00,21.9,12.2,82.0,3.1,3.3,56.0
2023-12-01T04:00,24.0,13.4,126.0,5.7,7.4,60.0
2023-12-01T05:00,27.8,16.1,187.0,9.4,12.9,67.0
2023-12-01T06:00,33.8,20.3,227.0,11.4,16.5,76.0
2023-12-01T07:00,39.7,23.8,228.0,9.9,16.4,88.0
2023-12-01T08:00,40.5,23.5,209.0,6.7,14.4,102.0
2023-12-01T09:00,39.5,22.5,189.0,4.1,12.3,110.0
2023-12-01T10:00,40.0,22.6,172.0,3.1,10.5,107.0
2023-12-01T11:00,38.6,21.5,153.0,2.8,8.5,98.0
2023-12-01T12:00,38.5,21.1,129.0,2.8,7.2,90.0
2023-12-01T13:00,34.7,19.0,122.0,2.7,6.4,86.0
2023-12-01T14:00,32.4,17.7,115.0,2.8,5.5,81.0
2023-12-01T15:00,31.1,17.0,123.0,4.7,6.2,74.0
2023-12-01T16:00,32.1,17.9,159.0,10.0,10.0,64.0
2023-12-01T17:00,35.9,20.5,211.0,17.0,15.4,53.0
2023-12-01T18:00,38.8,22.6,255.0,22.5,20.3,43.0
2023-12-01T19:00,40.0,23.7,287.0,25.3,24.5,36.0
2023-12-01T20:00,40.3,24.2,310.0,26.5,28.2,30.0
2023-12-01T21:00,38.3,23.2,315.0,26.3,29.1,26.0
2023-12-01T22:00,35.2,21.2,289.0,24.0,25.3,25.0
2023-12-01T23:00,32.9,19.6,244.0,20.2,18.9,27.0
2023-12-02T00:00,38.3,22.8,280.0,24.0,24.5,22.0
2023-12-02T01:00,37.3,21.8,256.0,21.4,21.8,21.0
2023-12-02T02:00,37.3,21.5,224.0,17.8,18.1,20.0
2023-12-02T03:00,34.6,20.0,215.0,14.8,16.3,28.0
2023-12-02T04:00,32.8,19.2,256.0,13.3,18.5,53.0
2023-12-02T05:00,36.4,21.8,320.0,12.4,22.5,87.0
2023-12-02T06:00,44.2,26.8,351.0,11.1,24.3,112.0
2023-12-02T07:00,38.9,22.8,316.0,8.5,21.6,120.0
2023-12-02T08:00,39.1,22.8,248.0,5.5,16.8,119.0
2023-12-02T09:00,35.9,20.5,191.0,3.3,12.6,115.0
2023-12-02T10:00,32.5,18.3,163.0,2.6,10.2,107.0
2023-12-02T11:00,30.0,16.8,146.0,2.7,8.5,96.0
2023-12-02T12:00,25.6,14.1,118.0,2.3,6.7,76.0
2023-12-02T13:00,23.9,13.1,118.0,2.7,6.3,72.0
2023-12-02T14:00,22.7,12.5,118.0,3.2,5.7,67.0
2023-12-02T15:00,21.7,12.0,120.0,4.0,5.4,61.0
2023-12-02T16:00,22.1,12.1,124.0,5.2,5.7,54.0
2023-12-02T17:00,21.9,11.9,128.0,6.5,6.3,47.0
2023-12-02T18:00,22.7,12.6,133.0,7.6,6.9,41.0
2023-12-02T19:00,23.0,13.0,138.0,8.2,7.4,38.0
2023-12-02T20:00,23.0,13.0,144.0,8.4,7.8,37.0
2023-12-02T21:00,22.5,12.7,145.0,8.4,7.8,36.0
2023-12-02T22:00,21.5,12.0,138.0,7.9,7.0,36.0
2023-12-02T23:00,20.8,11.6,128.0,7.2,5.8,36.0
2023-12-03T00:00,18.9,10.7,125.0,6.7,4.7,37.0
2023-12-03T01:00,18.8,10.6,125.0,6.6,4.8,36.0
2023-12-03T02:00,18.9,10.7,127.0,6.5,5.0,35.0
2023-12-03T03:00,19.4,10.9,133.0,6.5,5.7,38.0
2023-12-03T04:00,20.8,11.7,152.0,7.0,7.7,47.0
2023-12-03T05:00,24.7,14.3,176.0,7.5,10.2,59.0
2023-12-03T06:00,27.8,15.9,186.0,7.4,11.4,68.0
2023-12-03T07:00,27.1,15.0,169.0,5.9,10.0,69.0
2023-12-03T08:00,27.1,14.7,138.0,3.6,7.3,67.0
2023-12-03T09:00,28.1,15.1,114.0,2.0,5.3,65.0
2023-12-03T10:00,27.5,14.7,107.0,1.5,4.8,65.0
2023-12-03T11:00,27.1,14.5,108.0,1.6,5.0,66.0
2023-12-03T12:00,24.7,13.2,112.0,1.8,5.3,65.0
2023-12-03T13:00,23.8,12.7,109.0,1.8,5.0,64.0
2023-12-03T14:00,23.0,12.3,107.0,1.9,4.7,62.0
2023-12-03T15:00,22.6,12.2,113.0,3.2,5.3,58.0
2023-12-03T16:00,23.3,12.8,136.0,6.6,7.4,52.0
2023-12-03T17:00,25.1,14.1,168.0,11.1,10.3,44.0
2023-12-03T18:00,26.3,15.1,196.0,14.6,12.9,38.0
2023-12-03T19:00,27.0,15.8,216.0,16.2,15.0,33.0
2023-12-03T20:00,28.5,16.8,231.0,16.9,16.8,29.0
2023-12-03T21:00,29.0,17.1,237.0,16.8,17.4,27.0
2023-12-03T22:00,28.6,16.8,228.0,16.0,16.1,27.0
2023-12-03T23:00,27.8,16.2,209.0,14.6,13.6,28.0
2023-12-04T00:00,21.6,12.3,153.0,9.6,7.9,34.0
2023-12-04T01:00,21.5,12.1,142.0,8.5,7.0,33.0
2023-12-04T02:00,21.7,12.1,129.0,7.0,5.8,33.0
2023-12-04T03:00,21.7,12.1,126.0,6.1,5.7,36.0
2023-12-04T04:00,22.2,12.4,145.0,6.6,7.7,44.0
2023-12-04T05:00,24.7,14.1,175.0,7.6,10.8,56.0
2023-12-04T06:00,28.3,16.6,194.0,8.0,12.8,68.0
2023-12-04T07:00,27.4,15.7,194.0,6.8,12.7,81.0
2023-12-04T08:00,27.6,15.7,184.0,5.0,11.5,93.0
2023-12-04T09:00,30.6,17.5,170.0,3.4,10.0,99.0
2023-12-04T10:00,28.7,16.2,149.0,2.5,8.3,92.0
2023-12-04T11:00,26.0,14.2,124.0,2.0,6.2,78.0
2023-12-04T12:00,22.2,12.1,99.0,1.7,4.6,65.0
2023-12-04T13:00,22.5,12.2,101.0,2.0,4.6,64.0
2023-12-04T14:00,23.5,12.7,104.0,2.3,4.7,62.0
2023-12-04T15:00,23.9,13.0,108.0,3.0,4.8,58.0
2023-12-04T16:00,23.3,12.8,114.0,4.2,5.1,51.0
2023-12-04T17:00,22.9,12.8,122.0,5.7,5.6,42.0
2023-12-04T18:00,22.5,12.7,126.0,6.6,5.8,35.0
2023-12-04T19:00,21.5,12.2,126.0,6.5,5.7,32.0
2023-12-04T20:00,21.1,11.9,122.0,5.9,5.4,32.0
2023-12-04T21:00,21.1,11.8,117.0,5.3,5.0,32.0
2023-12-04T22:00,20.9,11.5,109.0,4.7,4.3,32.0
2023-12-04T23:00,21.5,11.8,100.0,4.0,3.5,32.0
2023-12-05T00:00,21.6,11.7,93.0,3.5,3.0,32.0
2023-12-05T01:00,23.4,12.7,93.0,3.6,3.1,31.0
2023-12-05T02:00,23.9,13.0,92.0,3.7,3.2,31.0
2023-12-05T03:00,22.1,12.2,94.0,3.7,3.5,31.0
2023-12-05T04:00,20.4,11.3,100.0,3.7,4.3,32.0
2023-12-05T05:00,20.6,11.6,108.0,3.7,5.4,35.0
2023-12-05T06:00,20.1,11.4,113.0,3.5,6.1,38.0
2023-12-05T07:00,19.3,11.0,112.0,3.1,6.0,43.0
2023-12-05T08:00,19.7,11.2,108.0,2.5,5.5,48.0
2023-12-05T09:00,21.7,12.1,104.0,2.0,5.0,52.0
2023-12-05T10:00,24.0,13.3,100.0,1.8,4.5,54.0
2023-12-05T11:00,24.7,13.6,97.0,1.6,4.1,55.0
2023-12-05T12:00,23.2,12.7,97.0,1.7,3.8,55.0
2023-12-05T13:00,23.2,12.6,97.0,1.8,3.6,54.0
2023-12-05T14:00,21.7,11.8,97.0,1.9,3.3,52.0
2023-12-05T15:00,19.4,10.7,98.0,2.2,3.2,50.0
2023-12-05T16:00,16.4,9.2,102.0,3.0,3.5,46.0
2023-12-05T17:00,14.2,8.1,106.0,4.0,3.9,42.0
2023-12-05T18:00,12.5,7.3,109.0,4.6,4.2,39.0
2023-12-05T19:00,10.9,6.6,108.0,4.6,4.2,37.0
2023-12-05T20:00,10.1,6.2,106.0,4.3,4.1,37.0
2023-12-05T21:00,9.5,5.8,102.0,4.0,3.9,36.0
2023-12-05T22:00,8.1,5.0,97.0,3.7,3.6,36.0
2023-12-05T23:00,6.9,4.3,92.0,3.3,3.1,35.0
2023-12-06T00:00,7.2,4.4,93.0,3.7,3.4,35.0
2023-12-06T01:00,6.2,3.9,92.0,3.7,3.5,34.0
2023-12-06T02:00,5.5,3.6,91.0,3.8,3.6,32.0
2023-12-06T03:00,5.1,3.3,94.0,3.9,4.1,32.0
2023-12-06T04:00,5.2,3.4,105.0,4.1,5.2,35.0
2023-12-06T05:00,7.3,5.0,120.0,4.4,6.6,39.0
2023-12-06T06:00,8.6,5.9,136.0,4.6,8.1,48.0
2023-12-06T07:00,10.0,6.9,152.0,4.5,9.8,63.0
2023-12-06T08:00,12.0,8.2,167.0,4.4,11.5,82.0
2023-12-06T09:00,15.5,10.4,179.0,4.2,12.3,98.0
2023-12-06T10:00,18.6,12.4,186.0,4.1,11.6,109.0
2023-12-06T11:00,20.7,13.6,189.0,4.0,10.0,118.0
2023-12-06T12:00,23.2,15.0,201.0,4.4,9.8,127.0
2023-12-06T13:00,19.6,12.1,180.0,4.4,8.3,113.0
2023-12-06T14:00,16.2,9.7,151.0,4.3,6.3,93.0
2023-12-06T15:00,13.6,8.2,132.0,4.8,5.2,75.0
2023-12-06T16:00,11.9,7.3,133.0,6.1,5.7,63.0
2023-12-06T17:00,11.3,7.1,144.0,7.8,7.1,53.0
2023-12-06T18:00,10.8,6.9,157.0,9.3,8.4,46.0
2023-12-06T19:00,10.9,7.1,171.0,10.2,9.6,42.0
2023-12-06T20:00,11.8,7.7,186.0,10.8,10.8,40.0
2023-12-06T21:00,12.2,8.0,195.0,11.1,11.3,38.0
2023-12-06T22:00,11.5,7.6,190.0,10.9,10.6,36.0
2023-12-06T23:00,10.8,7.1,179.0,10.4,9.2,34.0
2023-12-07T00:00,9.6,6.4,163.0,9.0,7.4,34.0
2023-12-07T01:00,9.4,6.2,162.0,9.1,7.2,28.0
2023-12-07T02:00,9.7,6.4,162.0,9.3,7.1,22.0
2023-12-07T03:00,10.0,6.7,181.0,9.4,8.6,25.0
2023-12-07T04:00,10.9,7.4,236.0,9.5,13.5,46.0
2023-12-07T05:00,15.1,10.4,308.0,9.6,20.0,77.0
2023-12-07T06:00,25.8,17.9,362.0,9.2,24.2,108.0
2023-12-07T07:00,35.0,24.3,381.0,7.9,24.3,139.0
2023-12-07T08:00,36.0,24.7,381.0,6.2,22.2,170.0
2023-12-07T09:00,35.5,24.1,372.0,5.0,19.3,191.0
2023-12-07T10:00,37.6,24.8,357.0,4.8,15.5,199.0
2023-12-07T11:00,46.7,30.7,334.0,5.2,11.0,197.0
2023-12-07T12:00,31.9,20.0,244.0,3.9,13.7,173.0
2023-12-07T13:00,30.2,18.3,214.0,4.2,11.8,154.0
2023-12-07T14:00,29.0,17.2,174.0,4.8,9.3,128.0
2023-12-07T15:00,31.0,17.8,148.0,6.1,7.8,104.0
2023-12-07T16:00,32.8,18.7,150.0,8.8,8.4,84.0
2023-12-07T17:00,35.9,20.3,165.0,12.2,10.1,66.0
2023-12-07T18:00,36.8,21.0,179.0,14.4,11.6,53.0
2023-12-07T19:00,36.9,21.2,186.0,14.5,12.7,46.0
2023-12-07T20:00,36.7,21.1,192.0,13.5,13.5,43.0
2023-12-07T21:00,35.0,20.3,190.0,12.3,13.6,41.0
2023-12-07T22:00,32.2,18.6,176.0,11.0,12.2,40.0
2023-12-07T23:00,29.7,17.0,156.0,9.5,10.0,41.0
2023-12-08T00:00,28.8,16.4,138.0,8.2,8.5,41.0
2023-12-08T01:00,28.2,16.0,128.0,7.4,7.6,39.0
2023-12-08T02:00,27.2,15.4,117.0,6.3,6.4,37.0
2023-12-08T03:00,26.7,14.9,122.0,5.9,7.0,40.0
2023-12-08T04:00,27.6,15.4,148.0,6.9,10.1,45.0
2023-12-08T05:00,29.4,16.8,191.0,8.5,14.8,55.0
2023-12-08T06:00,36.6,21.9,256.0,9.5,20.5,79.0
2023-12-08T07:00,49.0,30.5,379.0,9.2,29.3,137.0
2023-12-08T08:00,63.1,40.3,524.0,8.4,39.1,210.0
2023-12-08T09:00,67.1,43.2,591.0,7.3,42.8,249.0
2023-12-08T10:00,55.2,35.2,510.0,6.1,34.9,226.0
2023-12-08T11:00,45.3,27.9,351.0,4.6,20.9,170.0
2023-12-08T12:00,38.4,21.8,169.0,2.8,7.5,97.0
2023-12-08T13:00,36.1,19.9,151.0,3.0,6.4,83.0
2023-12-08T14:00,34.9,19.0,127.0,3.3,4.9,64.0
2023-12-08T15:00,34.1,18.3,111.0,3.8,4.0,49.0
2023-12-08T16:00,32.1,17.4,110.0,4.8,4.2,42.0
2023-12-08T17:00,29.5,16.2,117.0,5.9,5.0,40.0
2023-12-08T18:00,26.7,14.8,121.0,6.6,5.5,39.0
2023-12-08T19:00,24.4,13.6,120.0,6.4,5.5,38.0
2023-12-08T20:00,22.2,12.5,117.0,5.7,5.3,39.0
2023-12-08T21:00,21.1,11.8,112.0,4.9,4.9,39.0
2023-12-08T22:00,19.4,10.8,104.0,4.2,4.2,39.0
2023-12-08T23:00,16.3,9.1,93.0,3.5,3.2,40.0
2023-12-09T00:00,21.3,11.6,87.0,3.1,2.6,41.0
2023-12-09T01:00,21.1,11.5,85.0,2.9,2.4,40.0
2023-12-09T02:00,21.4,11.5,84.0,2.6,2.3,40.0
2023-12-09T03:00,21.3,11.4,84.0,2.4,2.3,39.0
2023-12-09T04:00,20.6,11.0,89.0,2.5,2.8,38.0
2023-12-09T05:00,20.2,10.9,97.0,2.7,3.5,38.0
2023-12-09T06:00,19.9,10.9,102.0,2.7,4.1,39.0
2023-12-09T07:00,19.2,10.7,103.0,2.4,4.4,42.0
2023-12-09T08:00,18.4,10.2,103.0,2.0,4.5,46.0
2023-12-09T09:00,18.0,10.0,102.0,1.7,4.5,50.0
2023-12-09T10:00,18.3,10.2,102.0,1.6,4.3,52.0
2023-12-09T11:00,19.3,10.7,101.0,1.7,4.0,54.0
2023-12-09T12:00,21.0,11.7,86.0,1.6,3.7,55.0
2023-12-09T13:00,21.8,12.3,87.0,1.9,3.6,54.0
2023-12-09T14:00,23.2,13.1,88.0,2.2,3.6,53.0
2023-12-09T15:00,25.1,14.2,89.0,2.7,3.6,50.0
2023-12-09T16:00,27.0,15.3,91.0,3.4,3.8,45.0
2023-12-09T17:00,28.3,16.0,94.0,4.2,4.1,39.0
2023-12-09T18:00,26.5,15.2,96.0,4.7,4.3,35.0
2023-12-09T19:00,22.8,13.2,98.0,4.8,4.5,34.0
2023-12-09T20:00,20.2,11.8,99.0,4.7,4.6,34.0
2023-12-09T21:00,19.4,11.4,98.0,4.5,4.5,34.0
2023-12-09T22:00,19.3,11.3,94.0,4.2,4.1,34.0
2023-12-09T23:00,19.3,11.2,87.0,3.8,3.6,33.0
2023-12-10T00:00,17.6,10.3,83.0,3.4,3.1,35.0
2023-12-10T01:00,16.8,9.9,83.0,3.4,3.1,35.0
2023-12-10T02:00,16.2,9.5,82.0,3.3,3.1,35.0
2023-12-10T03:00,15.4,9.1,85.0,3.3,3.4,36.0
2023-12-10T04:00,14.9,8.9,93.0,3.4,4.3,38.0
2023-12-10T05:00,15.4,9.3,105.0,3.6,5.5,41.0
2023-12-10T06:00,16.2,9.9,114.0,3.7,6.5,45.0
2023-12-10T07:00,16.4,10.0,120.0,3.5,7.1,53.0
2023-12-10T08:00,16.7,10.2,125.0,3.1,7.5,63.0
2023-12-10T09:00,17.1,10.4,126.0,2.8,7.5,70.0
2023-12-10T10:00,17.6,10.5,122.0,2.6,6.9,73.0
2023-12-10T11:00,18.4,10.7,116.0,2.3,5.8,74.0
2023-12-10T12:00,16.8,9.8,104.0,2.3,5.1,78.0
2023-12-10T13:00,17.7,10.2,101.0,2.5,4.7,75.0
2023-12-10T14:00,18.8,10.6,97.0,2.8,4.3,71.0
2023-12-10T15:00,19.1,10.6,95.0,3.4,4.1,66.0
2023-12-10T16:00,17.9,9.9,98.0,4.5,4.5,60.0
2023-12-10T17:00,15.7,8.9,104.0,5.9,5.3,53.0
2023-12-10T18:00,13.3,7.7,109.0,6.8,5.8,47.0
2023-12-10T19:00,11.4,6.8,112.0,6.9,6.0,44.0
2023-12-10T20:00,10.5,6.4,113.0,6.6,6.1,42.0
2023-12-10T21:00,10.3,6.2,111.0,6.2,5.9,41.0
2023-12-10T22:00,9.7,5.8,103.0,5.6,5.2,40.0
2023-12-10T23:00,8.6,5.1,92.0,4.9,4.3,40.0
2023-12-11T00:00,8.7,5.2,88.0,4.9,3.8,39.0
2023-12-11T01:00,7.9,4.8,91.0,5.2,4.1,36.0
2023-12-11T02:00,7.3,4.5,95.0,5.6,4.5,33.0
2023-12-11T03:00,7.5,4.7,102.0,5.8,5.1,33.0
2023-12-11T04:00,8.4,5.3,113.0,5.8,6.2,39.0
2023-12-11T05:00,11.1,6.9,126.0,5.6,7.5,48.0
2023-12-11T06:00,14.2,8.8,137.0,5.3,8.4,57.0
2023-12-11T07:00,17.0,10.4,143.0,4.8,8.8,67.0
2023-12-11T08:00,19.7,11.8,147.0,4.1,8.9,78.0
2023-12-11T09:00,21.8,12.9,147.0,3.6,8.6,85.0
2023-12-11T10:00,22.6,13.2,142.0,3.2,7.7,86.0
2023-12-11T11:00,23.3,13.5,134.0,2.9,6.4,83.0
2023-12-11T12:00,23.2,13.1,108.0,2.3,5.1,78.0
2023-12-11T13:00,23.3,13.3,110.0,2.6,5.1,77.0
2023-12-11T14:00,23.3,13.4,114.0,3.0,5.2,74.0
2023-12-11T15:00,23.6,13.6,125.0,4.5,6.0,69.0
2023-12-11T16:00,24.8,14.4,150.0,8.0,8.2,59.0
2023-12-11T17:00,26.3,15.3,182.0,12.4,11.1,45.0
2023-12-11T18:00,28.7,17.1,203.0,15.3,13.1,35.0
2023-12-11T19:00,32.2,19.3,207.0,15.5,13.8,29.0
2023-12-11T20:00,37.6,22.0,201.0,14.1,13.7,26.0
2023-12-11T21:00,41.9,23.6,186.0,12.0,12.5,25.0
2023-12-11T22:00,41.7,22.5,155.0,8.9,9.3,26.0
2023-12-11T23:00,34.7,18.5,114.0,5.1,5.0,29.0
2023-12-12T00:00,26.0,13.9,83.0,2.4,1.9,34.0
2023-12-12T01:00,27.2,14.5,84.0,2.3,1.9,34.0
2023-12-12T02:00,28.1,15.0,86.0,2.2,1.9,34.0
2023-12-12T03:00,26.8,14.3,90.0,2.2,2.1,35.0
2023-12-12T04:00,26.4,14.1,97.0,2.4,2.7,36.0
2023-12-12T05:00,26.5,14.2,106.0,2.6,3.6,37.0
2023-12-12T06:00,26.8,14.4,112.0,2.7,4.2,39.0
2023-12-12T07:00,27.1,14.6,113.0,2.5,4.4,43.0
2023-12-12T08:00,26.4,14.2,111.0,2.0,4.4,48.0
2023-12-12T09:00,26.4,14.1,109.0,1.7,4.3,51.0
2023-12-12T10:00,27.2,14.5,106.0,1.5,4.1,52.0
2023-12-12T11:00,27.6,14.7,102.0,1.4,3.7,51.0
2023-12-12T12:00,24.2,12.9,90.0,1.3,3.3,47.0
2023-12-12T13:00,23.3,12.4,89.0,1.4,3.2,46.0
2023-12-12T14:00,22.3,11.9,88.0,1.5,3.1,44.0
2023-12-12T15:00,20.8,11.1,88.0,1.8,3.1,42.0
2023-12-12T16:00,18.9,10.1,91.0,2.6,3.3,39.0
2023-12-12T17:00,17.2,9.3,95.0,3.5,3.7,36.0
2023-12-12T18:00,16.4,9.0,98.0,4.2,3.9,34.0
2023-12-12T19:00,15.9,8.8,98.0,4.3,4.0,33.0
2023-12-12T20:00,16.0,8.8,97.0,4.0,4.0,32.0
2023-12-12T21:00,15.7,8.7,95.0,3.7,3.9,31.0
2023-12-12T22:00,15.0,8.3,91.0,3.4,3.6,31.0
2023-12-12T23:00,13.9,7.7,86.0,3.2,3.1,30.0
2023-12-13T00:00,15.7,8.5,81.0,3.0,2.7,30.0
2023-12-13T01:00,14.1,7.7,81.0,3.1,2.7,30.0
2023-12-13T02:00,12.1,6.8,82.0,3.1,2.8,29.0
2023-12-13T03:00,10.7,6.1,85.0,3.2,3.2,30.0
2023-12-13T04:00,9.7,5.6,92.0,3.3,4.1,32.0
2023-12-13T05:00,9.6,5.7,102.0,3.4,5.3,35.0
2023-12-13T06:00,10.2,6.2,109.0,3.3,6.2,39.0
2023-12-13T07:00,10.9,6.5,111.0,3.0,6.6,44.0
2023-12-13T08:00,12.1,7.1,110.0,2.6,6.7,50.0
2023-12-13T09:00,13.7,7.9,108.0,2.3,6.6,55.0
2023-12-13T10:00,16.4,9.3,103.0,2.1,6.0,58.0
2023-12-13T11:00,20.3,11.2,97.0,1.9,5.2,59.0
2023-12-13T12:00,21.8,12.7,94.0,1.9,4.8,60.0
2023-12-13T13:00,24.0,13.1,94.0,2.1,4.5,58.0
2023-12-13T14:00,24.9,12.9,94.0,2.4,4.2,54.0
2023-12-13T15:00,24.6,12.7,96.0,2.9,4.0,50.0
2023-12-13T16:00,24.1,12.4,100.0,3.9,4.2,44.0
2023-12-13T17:00,23.4,12.3,106.0,5.0,4.7,38.0
2023-12-13T18:00,22.6,12.2,109.0,5.7,4.9,33.0
2023-12-13T19:00,22.1,12.1,108.0,5.5,4.8,32.0
2023-12-13T20:00,21.3,11.7,105.0,4.8,4.5,32.0
2023-12-13T21:00,19.8,11.1,101.0,4.1,4.1,33.0
2023-12-13T22:00,17.9,9.8,95.0,3.6,3.5,34.0
2023-12-13T23:00,16.4,9.1,89.0,3.1,2.9,35.0
2023-12-14T00:00,14.9,8.7,84.0,2.6,2.3,38.0
2023-12-14T01:00,13.8,8.4,84.0,2.6,2.2,38.0
2023-12-14T02:00,12.9,8.3,84.0,2.6,2.2,38.0
2023-12-14T03:00,12.2,8.6,89.0,2.7,2.6,39.0
2023-12-14T04:00,11.8,8.7,101.0,3.2,3.9,41.0
2023-12-14T05:00,12.5,9.1,117.0,3.9,5.6,43.0
2023-12-14T06:00,14.5,10.2,133.0,4.3,7.1,49.0
2023-12-14T07:00,17.1,11.4,148.0,4.2,8.2,61.0
2023-12-14T08:00,19.6,11.8,163.0,3.8,9.0,77.0
2023-12-14T09:00,21.5,12.2,169.0,3.4,9.2,87.0
2023-12-14T10:00,21.9,12.6,161.0,3.0,8.2,87.0
2023-12-14T11:00,21.8,12.7,145.0,2.6,6.6,82.0
2023-12-14T12:00,18.0,12.6,119.0,2.2,5.1,73.0
2023-12-14T13:00,17.3,12.6,115.0,2.3,4.8,68.0
2023-12-14T14:00,16.8,12.4,109.0,2.6,4.5,62.0
2023-12-14T15:00,16.5,12.1,105.0,3.0,4.3,55.0
2023-12-14T16:00,16.2,11.9,105.0,3.9,4.5,48.0
2023-12-14T17:00,16.4,11.8,107.0,5.0,4.9,42.0
2023-12-14T18:00,16.5,11.6,108.0,5.6,5.1,37.0
2023-12-14T19:00,16.3,11.3,106.0,5.5,5.0,36.0
2023-12-14T20:00,16.0,11.0,102.0,4.9,4.8,36.0
2023-12-14T21:00,15.6,10.7,98.0,4.3,4.5,37.0
2023-12-14T22:00,14.9,10.3,92.0,3.8,3.9,38.0
2023-12-14T23:00,14.0,9.8,85.0,3.4,3.2,38.0
2023-12-15T00:00,12.7,9.4,81.0,3.2,2.9,38.0
2023-12-15T01:00,12.5,9.1,80.0,3.3,3.0,37.0
2023-12-15T02:00,11.8,8.7,80.0,3.4,3.2,36.0
2023-12-15T03:00,11.1,8.5,85.0,3.6,3.8,37.0
2023-12-15T04:00,10.8,8.5,99.0,4.0,5.2,40.0
2023-12-15T05:00,11.6,9.1,119.0,4.5,7.1,44.0
2023-12-15T06:00,13.9,9.8,136.0,4.8,8.6,51.0
2023-12-15T07:00,16.8,10.4,152.0,4.6,9.4,64.0
2023-12-15T08:00,18.6,10.8,166.0,4.1,9.9,80.0
2023-12-15T09:00,19.7,10.9,170.0,3.6,9.7,90.0
2023-12-15T10:00,19.3,11.2,157.0,3.1,8.5,91.0
2023-12-15T11:00,18.5,11.9,134.0,2.7,6.7,86.0
2023-12-15T12:00,21.5,12.0,113.0,2.4,5.1,78.0
2023-12-15T13:00,22.5,12.3,108.0,2.4,4.7,72.0
2023-12-15T14:00,23.3,12.6,102.0,2.5,4.2,64.0
2023-12-15T15:00,23.4,12.7,98.0,2.8,3.9,57.0
2023-12-15T16:00,23.3,12.7,99.0,3.4,4.0,51.0
2023-12-15T17:00,22.6,12.3,103.0,4.3,4.2,45.0
2023-12-15T18:00,20.8,11.4,105.0,4.9,4.5,42.0
2023-12-15T19:00,17.8,9.8,105.0,5.1,4.7,42.0
2023-12-15T20:00,14.3,8.0,105.0,5.1,5.0,45.0
2023-12-15T21:00,11.4,6.5,103.0,5.0,5.1,46.0
2023-12-15T22:00,9.0,5.2,99.0,4.9,4.9,45.0
2023-12-15T23:00,7.5,4.4,94.0,4.9,4.6,43.0
2023-12-16T00:00,7.9,4.6,95.0,5.1,4.3,42.0
2023-12-16T01:00,7.9,4.7,94.0,5.1,4.2,39.0
2023-12-16T02:00,8.2,4.9,94.0,5.1,4.1,35.0
2023-12-16T03:00,8.3,5.0,104.0,5.3,5.0,36.0
2023-12-16T04:00,8.5,5.2,132.0,5.8,7.7,44.0
2023-12-16T05:00,10.5,6.8,171.0,6.5,11.3,57.0
2023-12-16T06:00,16.8,11.1,209.0,6.7,14.3,74.0
2023-12-16T07:00,26.2,17.6,251.0,6.2,16.5,100.0
2023-12-16T08:00,32.4,21.7,292.0,5.3,18.0,129.0
2023-12-16T09:00,31.4,20.6,304.0,4.4,17.8,145.0
2023-12-16T10:00,25.8,16.1,261.0,3.7,14.6,137.0
2023-12-16T11:00,22.9,13.6,189.0,3.0,9.8,116.0
2023-12-16T12:00,20.9,12.1,154.0,2.9,6.5,101.0
2023-12-16T13:00,21.4,12.0,145.0,3.1,6.1,95.0
2023-12-16T14:00,21.8,12.0,134.0,3.3,5.5,87.0
2023-12-16T15:00,23.5,12.9,128.0,4.0,5.3,77.0
2023-12-16T16:00,24.4,13.5,133.0,5.5,5.9,64.0
2023-12-16T17:00,23.9,13.4,143.0,7.3,6.8,50.0
2023-12-16T18:00,23.5,13.4,151.0,8.5,7.5,40.0
2023-12-16T19:00,22.2,12.7,154.0,8.5,7.8,36.0
2023-12-16T20:00,21.0,12.1,153.0,7.9,7.9,36.0
2023-12-16T21:00,20.1,11.7,149.0,7.1,7.5,36.0
2023-12-16T22:00,19.1,11.0,138.0,6.2,6.3,36.0
2023-12-16T23:00,17.8,10.2,122.0,5.2,4.7,37.0
2023-12-17T00:00,18.7,10.4,104.0,4.0,3.2,40.0
2023-12-17T01:00,17.8,9.8,101.0,3.8,3.0,39.0
2023-12-17T02:00,16.8,9.3,98.0,3.5,2.8,37.0
2023-12-17T03:00,16.6,9.3,103.0,3.6,3.4,39.0
2023-12-17T04:00,17.2,9.6,122.0,4.3,5.4,43.0
2023-12-17T05:00,18.9,10.8,149.0,5.4,8.3,51.0
2023-12-17T06:00,23.7,14.0,179.0,6.0,10.9,64.0
2023-12-17T07:00,30.6,18.5,215.0,5.6,13.2,89.0
2023-12-17T08:00,35.6,21.7,255.0,4.8,15.2,120.0
2023-12-17T09:00,37.7,22.9,282.0,4.2,16.6,143.0
2023-12-17T10:00,38.1,23.3,288.0,3.9,17.0,153.0
2023-12-17T11:00,38.2,23.3,282.0,3.9,16.6,155.0
2023-12-17T12:00,29.0,17.5,215.0,3.6,11.3,131.0
2023-12-17T13:00,29.1,17.7,218.0,4.2,11.5,129.0
2023-12-17T14:00,28.7,17.4,222.0,5.2,12.0,126.0
2023-12-17T15:00,28.1,17.0,232.0,7.3,13.1,117.0
2023-12-17T16:00,27.9,16.9,255.0,11.9,15.8,96.0
2023-12-17T17:00,27.9,17.0,283.0,17.5,19.3,68.0
2023-12-17T18:00,31.0,19.0,297.0,21.0,21.4,46.0
2023-12-17T19:00,30.2,18.1,287.0,20.4,21.3,33.0
2023-12-17T20:00,31.2,18.5,262.0,17.6,19.8,26.0
2023-12-17T21:00,29.9,17.6,233.0,14.7,17.6,22.0
2023-12-17T22:00,26.9,15.5,198.0,12.1,14.2,21.0
2023-12-17T23:00,22.2,12.7,158.0,9.5,10.1,24.0
2023-12-18T00:00,19.4,11.0,127.0,7.3,6.9,26.0
2023-12-18T01:00,18.3,10.2,110.0,6.0,5.3,26.0
2023-12-18T02:00,19.2,10.6,102.0,5.2,4.6,26.0
2023-12-18T03:00,20.4,11.2,100.0,4.7,4.4,27.0
2023-12-18T04:00,21.0,11.5,107.0,4.5,5.0,31.0
2023-12-18T05:00,22.6,12.5,121.0,4.4,6.2,37.0
2023-12-18T06:00,24.8,13.9,131.0,4.3,7.0,44.0
2023-12-18T07:00,26.4,14.9,135.0,3.8,7.0,53.0
2023-12-18T08:00,27.1,15.3,135.0,3.1,6.7,63.0
2023-12-18T09:00,26.3,14.8,133.0,2.6,6.2,70.0
2023-12-18T10:00,24.4,13.7,126.0,2.3,5.6,72.0
2023-12-18T11:00,22.4,12.5,115.0,2.1,4.8,70.0
2023-12-18T12:00,21.4,11.9,107.0,2.0,4.4,69.0
2023-12-18T13:00,21.4,11.8,104.0,2.1,4.3,64.0
2023-12-18T14:00,21.0,11.4,100.0,2.3,4.1,56.0
2023-12-18T15:00,20.5,11.2,98.0,2.6,4.0,49.0
2023-12-18T16:00,20.3,11.1,100.0,3.2,4.1,42.0
2023-12-18T17:00,19.9,10.9,104.0,4.1,4.3,35.0
2023-12-18T18:00,19.1,10.5,107.0,4.6,4.5,30.0
2023-12-18T19:00,18.2,10.0,108.0,4.7,4.6,28.0
2023-12-18T20:00,17.1,9.5,109.0,4.6,4.6,28.0
2023-12-18T21:00,15.9,8.9,107.0,4.3,4.5,28.0
2023-12-18T22:00,14.7,8.2,101.0,3.9,4.0,28.0
2023-12-18T23:00,13.5,7.5,93.0,3.4,3.3,29.0
2023-12-19T00:00,13.5,7.4,88.0,3.0,2.7,30.0
2023-12-19T01:00,12.4,6.8,87.0,3.0,2.7,30.0
2023-12-19T02:00,11.2,6.2,86.0,3.0,2.7,30.0
2023-12-19T03:00,10.1,5.7,91.0,3.2,3.3,31.0
2023-12-19T04:00,9.3,5.3,107.0,3.8,4.9,34.0
2023-12-19T05:00,9.4,5.5,128.0,4.6,7.0,39.0
2023-12-19T06:00,11.5,7.3,148.0,5.0,8.7,47.0
2023-12-19T07:00,15.7,10.4,166.0,4.8,9.7,62.0
2023-12-19T08:00,18.5,12.1,181.0,4.2,10.2,81.0
2023-12-19T09:00,18.5,11.6,185.0,3.6,10.0,92.0
2023-12-19T10:00,18.2,10.9,169.0,3.1,8.6,90.0
2023-12-19T11:00,19.0,11.0,141.0,2.6,6.6,82.0
2023-12-19T12:00,103.4,69.4,641.0,14.6,6.7,103.0
2023-12-19T13:00,114.6,77.1,597.0,14.0,6.3,96.0
2023-12-19T14:00,97.6,65.0,531.0,13.1,5.8,86.0
2023-12-19T15:00,72.9,47.6,455.0,12.1,5.4,75.0
2023-12-19T16:00,48.7,30.7,357.0,10.8,5.4,62.0
2023-12-19T17:00,34.0,20.9,249.0,9.4,5.5,49.0
2023-12-19T18:00,24.9,14.9,168.0,8.1,5.6,39.0
2023-12-19T19:00,21.0,12.3,138.0,7.2,5.5,35.0
2023-12-19T20:00,19.0,11.1,135.0,6.5,5.4,36.0
2023-12-19T21:00,18.3,10.7,134.0,5.9,5.1,36.0
2023-12-19T22:00,17.2,10.0,125.0,5.4,4.5,36.0
2023-12-19T23:00,16.4,9.5,117.0,4.9,3.7,36.0
2023-12-20T00:00,14.2,7.9,97.0,4.0,3.3,37.0
2023-12-20T01:00,15.0,8.5,99.0,4.2,3.3,36.0
2023-12-20T02:00,14.6,8.3,102.0,4.4,3.3,35.0
2023-12-20T03:00,14.7,8.5,111.0,4.7,3.9,36.0
2023-12-20T04:00,15.2,8.9,131.0,5.3,5.7,41.0
2023-12-20T05:00,17.1,10.2,157.0,6.0,8.0,49.0
2023-12-20T06:00,20.9,12.8,178.0,6.2,9.6,58.0
2023-12-20T07:00,25.0,15.4,183.0,5.5,9.6,68.0
2023-12-20T08:00,28.8,17.6,183.0,4.3,8.8,80.0
2023-12-20T09:00,33.1,20.2,207.0,3.8,8.1,93.0
2023-12-20T10:00,42.5,26.3,273.0,4.5,7.9,108.0
2023-12-20T11:00,59.3,37.4,363.0,5.9,7.7,123.0
2023-12-20T12:00,82.4,52.9,447.0,7.5,7.7,135.0
2023-12-20T13:00,107.3,70.1,534.0,9.6,7.8,143.0
2023-12-20T14:00,121.5,79.9,615.0,12.0,7.9,148.0
2023-12-20T15:00,116.9,76.6,637.0,13.7,8.0,141.0
2023-12-20T16:00,97.3,62.9,555.0,14.3,8.0,115.0
2023-12-20T17:00,71.0,44.7,414.0,14.1,8.0,78.0
2023-12-20T18:00,48.2,29.3,294.0,13.3,7.8,50.0
2023-12-20T19:00,34.0,20.1,226.0,11.4,7.5,39.0
2023-12-20T20:00,27.9,16.2,179.0,8.9,7.1,37.0
2023-12-20T21:00,25.9,15.0,144.0,6.7,6.4,37.0
2023-12-20T22:00,24.5,14.1,121.0,5.4,5.3,37.0
2023-12-20T23:00,22.5,12.8,111.0,4.4,3.9,39.0
2023-12-21T00:00,21.3,11.8,99.0,3.6,2.9,40.0
2023-12-21T01:00,20.7,11.5,97.0,3.5,2.8,40.0
2023-12-21T02:00,19.4,10.8,95.0,3.3,2.7,39.0
2023-12-21T03:00,17.5,9.8,97.0,3.3,3.0,40.0
2023-12-21T04:00,15.3,8.8,108.0,3.7,4.1,42.0
2023-12-21T05:00,14.2,8.4,124.0,4.2,5.6,45.0
2023-12-21T06:00,15.1,9.2,137.0,4.5,6.7,50.0
2023-12-21T07:00,16.4,10.0,144.0,4.2,7.1,59.0
2023-12-21T08:00,17.1,10.4,147.0,3.7,7.2,69.0
2023-12-21T09:00,17.6,10.7,147.0,3.2,6.9,77.0
2023-12-21T10:00,18.3,11.1,142.0,2.9,6.2,80.0
2023-12-21T11:00,20.2,11.9,134.0,2.6,5.3,80.0
2023-12-21T12:00,50.9,32.1,311.0,6.4,5.2,99.0
2023-12-21T13:00,38.5,23.3,254.0,5.4,4.7,91.0
2023-12-21T14:00,26.5,15.2,175.0,4.0,4.1,80.0
2023-12-21T15:00,22.4,12.6,118.0,3.2,3.7,70.0
2023-12-21T16:00,19.6,11.1,103.0,3.5,3.7,63.0
2023-12-21T17:00,16.1,9.3,109.0,4.4,4.0,57.0
2023-12-21T18:00,13.2,7.9,115.0,5.0,4.3,52.0
2023-12-21T19:00,10.8,6.7,116.0,5.1,4.6,49.0
2023-12-21T20:00,9.3,6.0,117.0,5.0,4.8,48.0
2023-12-21T21:00,9.0,5.8,117.0,4.9,4.9,47.0
2023-12-21T22:00,8.5,5.5,112.0,4.7,4.6,47.0
2023-12-21T23:00,7.8,5.0,106.0,4.5,4.2,47.0
2023-12-22T00:00,9.1,5.9,119.0,5.6,4.6,44.0
2023-12-22T01:00,9.8,6.4,118.0,5.9,4.4,38.0
2023-12-22T02:00,10.3,6.8,121.0,6.4,4.5,31.0
2023-12-22T03:00,10.8,7.2,147.0,7.0,6.7,34.0
2023-12-22T04:00,12.2,8.2,212.0,7.8,13.3,51.0
2023-12-22T05:00,18.0,12.3,301.0,8.8,22.1,77.0
2023-12-22T06:00,31.0,21.4,385.0,9.2,28.5,108.0
2023-12-22T07:00,44.0,30.6,448.0,8.3,30.7,149.0
2023-12-22T08:00,53.4,37.1,506.0,6.9,30.5,196.0
2023-12-22T09:00,62.6,42.8,584.0,6.9,29.0,230.0
2023-12-22T10:00,75.2,50.2,709.0,9.5,25.9,244.0
2023-12-22T11:00,112.5,74.7,855.0,13.4,21.5,245.0
2023-12-22T12:00,366.9,255.2,2258.0,50.8,25.7,322.0
2023-12-22T13:00,614.7,428.4,3221.0,59.4,27.6,396.0
2023-12-22T14:00,862.4,601.6,4495.0,70.7,30.0,493.0
2023-12-22T15:00,901.5,627.7,5059.0,74.5,30.1,523.0
2023-12-22T16:00,713.4,493.6,4251.0,64.3,25.7,422.0
2023-12-22T17:00,461.9,315.7,2734.0,46.6,19.0,254.0
2023-12-22T18:00,249.6,163.4,1473.0,31.1,13.4,120.0
2023-12-22T19:00,118.3,71.5,834.0,21.1,10.3,62.0
2023-12-22T20:00,70.5,40.9,451.0,13.3,8.3,38.0
2023-12-22T21:00,54.4,30.3,200.0,7.8,6.7,25.0
2023-12-22T22:00,45.5,24.9,79.0,5.1,5.3,18.0
2023-12-22T23:00,34.7,19.1,89.0,4.7,4.2,21.0
2023-12-23T00:00,35.5,19.5,102.0,4.3,3.5,33.0
2023-12-23T01:00,35.3,19.8,103.0,4.1,3.2,31.0
2023-12-23T02:00,31.7,17.8,106.0,3.9,2.9,29.0
2023-12-23T03:00,30.6,16.9,111.0,3.9,3.0,28.0
2023-12-23T04:00,27.1,15.1,121.0,4.2,4.0,29.0
2023-12-23T05:00,26.4,14.9,135.0,4.8,5.5,31.0
2023-12-23T06:00,29.6,16.9,148.0,5.0,6.7,37.0
2023-12-23T07:00,30.4,17.7,161.0,4.7,7.4,49.0
2023-12-23T08:00,30.2,17.9,173.0,4.2,7.8,65.0
2023-12-23T09:00,30.6,18.2,180.0,3.7,7.8,76.0
2023-12-23T10:00,30.0,18.0,181.0,3.5,7.1,79.0
2023-12-23T11:00,30.2,18.2,178.0,3.4,6.0,77.0
2023-12-23T12:00,20.0,11.8,121.0,2.4,5.1,73.0
2023-12-23T13:00,39.9,25.7,119.0,2.6,4.9,68.0
2023-12-23T14:00,27.0,16.5,117.0,2.8,4.5,61.0
2023-12-23T15:00,18.5,10.9,117.0,3.3,4.4,54.0
2023-12-23T16:00,16.6,9.7,120.0,4.2,4.6,47.0
2023-12-23T17:00,16.3,9.7,126.0,5.2,5.0,40.0
2023-12-23T18:00,16.3,9.7,129.0,5.9,5.2,35.0
2023-12-23T19:00,15.4,9.1,129.0,5.9,5.3,33.0
2023-12-23T20:00,14.2,8.4,128.0,5.5,5.2,32.0
2023-12-23T21:00,12.9,7.7,125.0,5.1,5.0,32.0
2023-12-23T22:00,11.4,6.9,119.0,4.7,4.4,32.0
2023-12-23T23:00,9.9,6.0,111.0,4.3,3.7,31.0
2023-12-24T00:00,10.0,6.3,112.0,4.6,3.9,32.0
2023-12-24T01:00,9.6,6.1,111.0,4.5,3.8,31.0
2023-12-24T02:00,8.8,5.7,111.0,4.4,3.8,29.0
2023-12-24T03:00,8.7,5.7,115.0,4.4,4.1,30.0
2023-12-24T04:00,8.7,5.7,127.0,4.6,5.1,34.0
2023-12-24T05:00,10.0,6.7,143.0,4.8,6.4,40.0
2023-12-24T06:00,12.5,8.3,154.0,4.8,7.3,47.0
2023-12-24T07:00,15.0,9.8,157.0,4.4,7.5,56.0
2023-12-24T08:00,16.6,10.6,156.0,3.8,7.3,66.0
2023-12-24T09:00,17.8,11.1,152.0,3.2,6.9,72.0
2023-12-24T10:00,20.0,12.3,145.0,2.8,6.1,73.0
2023-12-24T11:00,22.0,13.4,135.0,2.5,5.1,70.0
2023-12-24T12:00,17.8,10.5,124.0,2.4,4.3,67.0
2023-12-24T13:00,20.1,11.9,121.0,2.5,4.0,63.0
2023-12-24T14:00,18.3,10.7,117.0,2.6,3.6,57.0
2023-12-24T15:00,16.6,9.7,114.0,2.8,3.4,51.0
2023-12-24T16:00,14.5,8.4,112.0,3.4,3.5,45.0
2023-12-24T17:00,12.6,7.4,111.0,4.0,3.8,39.0
2023-12-24T18:00,11.3,6.7,110.0,4.5,4.0,34.0
2023-12-24T19:00,10.3,6.2,109.0,4.5,4.0,32.0
2023-12-24T20:00,9.8,5.9,108.0,4.3,4.0,31.0
2023-12-24T21:00,9.8,5.8,105.0,4.0,3.8,30.0
2023-12-24T22:00,9.8,5.7,99.0,3.6,3.3,29.0
2023-12-24T23:00,10.2,5.9,91.0,3.0,2.7,29.0
2023-12-25T00:00,10.2,5.8,88.0,2.8,2.3,29.0
2023-12-25T01:00,11.4,6.4,86.0,2.7,2.2,29.0
2023-12-25T02:00,12.4,7.0,84.0,2.6,2.1,30.0
2023-12-25T03:00,12.8,7.2,84.0,2.5,2.2,31.0
2023-12-25T04:00,12.5,7.1,88.0,2.5,2.6,33.0
2023-12-25T05:00,12.9,7.4,94.0,2.6,3.3,36.0
2023-12-25T06:00,13.6,7.9,99.0,2.6,3.8,40.0
2023-12-25T07:00,13.5,8.0,102.0,2.4,4.1,45.0
2023-12-25T08:00,13.4,8.0,103.0,2.2,4.3,51.0
2023-12-25T09:00,13.8,8.2,104.0,2.0,4.3,56.0
2023-12-25T10:00,13.6,8.0,103.0,1.9,4.2,59.0
2023-12-25T11:00,14.6,8.5,101.0,1.8,3.9,60.0
2023-12-25T12:00,14.8,8.5,95.0,1.8,3.7,58.0
2023-12-25T13:00,15.9,9.0,95.0,1.9,3.5,55.0
2023-12-25T14:00,18.1,10.1,94.0,2.1,3.3,49.0
2023-12-25T15:00,18.8,10.4,94.0,2.4,3.2,44.0
2023-12-25T16:00,18.1,10.0,95.0,2.9,3.3,38.0
2023-12-25T17:00,17.3,9.5,97.0,3.6,3.5,31.0
2023-12-25T18:00,16.8,9.3,98.0,4.0,3.6,26.0
2023-12-25T19:00,16.0,8.9,98.0,4.0,3.6,24.0
2023-12-25T20:00,16.6,9.2,97.0,3.7,3.4,24.0
2023-12-25T21:00,16.6,9.2,95.0,3.4,3.2,24.0
2023-12-25T22:00,15.9,8.7,91.0,3.0,2.7,25.0
2023-12-25T23:00,16.1,8.8,86.0,2.5,2.2,26.0
2023-12-26T00:00,15.8,8.6,86.0,2.3,1.9,26.0
2023-12-26T01:00,16.2,8.8,85.0,2.3,1.9,26.0
2023-12-26T02:00,14.6,8.0,85.0,2.3,1.9,26.0
2023-12-26T03:00,13.0,7.1,87.0,2.4,2.1,26.0
2023-12-26T04:00,12.7,7.0,94.0,2.6,2.8,27.0
2023-12-26T05:00,13.0,7.3,104.0,2.8,3.7,28.0
2023-12-26T06:00,12.0,7.0,114.0,3.0,4.6,32.0
2023-12-26T07:00,11.1,6.8,123.0,3.1,5.4,39.0
2023-12-26T08:00,11.8,7.3,131.0,3.0,6.1,49.0
2023-12-26T09:00,12.8,8.0,137.0,3.0,6.4,57.0
2023-12-26T10:00,14.4,9.0,141.0,2.9,6.1,63.0
2023-12-26T11:00,15.6,9.6,142.0,2.9,5.5,66.0
2023-12-26T12:00,13.1,7.6,106.0,2.2,4.1,58.0
2023-12-26T13:00,16.4,9.8,104.0,2.2,3.8,55.0
2023-12-26T14:00,14.5,8.4,101.0,2.2,3.3,50.0
2023-12-26T15:00,13.4,7.8,99.0,2.5,3.1,45.0
2023-12-26T16:00,11.6,6.9,100.0,3.2,3.4,40.0
2023-12-26T17:00,10.3,6.3,103.0,4.2,3.9,35.0
2023-12-26T18:00,10.1,6.2,104.0,4.8,4.2,31.0
2023-12-26T19:00,9.8,6.1,103.0,4.8,4.2,29.0
2023-12-26T20:00,9.5,5.9,101.0,4.4,4.1,29.0
2023-12-26T21:00,8.9,5.7,98.0,4.0,3.9,29.0
2023-12-26T22:00,8.1,5.2,93.0,3.6,3.5,29.0
2023-12-26T23:00,7.3,4.7,87.0,3.3,2.9,29.0
2023-12-27T00:00,6.7,4.3,82.0,2.9,2.4,29.0
2023-12-27T01:00,7.3,4.8,84.0,3.1,2.5,28.0
2023-12-27T02:00,7.6,5.0,87.0,3.4,2.6,26.0
2023-12-27T03:00,7.5,5.0,94.0,3.7,3.1,27.0
2023-12-27T04:00,7.6,5.1,103.0,3.9,4.1,29.0
2023-12-27T05:00,8.6,5.9,116.0,4.2,5.4,33.0
2023-12-27T06:00,11.1,7.6,138.0,4.5,7.0,42.0
2023-12-27T07:00,14.3,10.0,168.0,4.8,9.2,60.0
2023-12-27T08:00,20.0,13.9,207.0,5.2,11.6,83.0
2023-12-27T09:00,29.0,20.3,259.0,6.0,13.2,105.0
2023-12-27T10:00,41.8,29.0,347.0,7.6,13.3,127.0
2023-12-27T11:00,56.2,39.0,448.0,9.5,12.5,147.0
2023-12-27T12:00,45.8,31.5,347.0,7.6,9.8,132.0
2023-12-27T13:00,47.7,32.7,321.0,8.0,8.9,120.0
2023-12-27T14:00,41.1,27.9,284.0,8.5,7.6,102.0
2023-12-27T15:00,30.5,20.4,247.0,8.9,6.7,85.0
2023-12-27T16:00,20.3,13.4,212.0,9.2,6.7,69.0
2023-12-27T17:00,14.6,9.5,177.0,9.3,7.1,53.0
2023-12-27T18:00,11.6,7.5,153.0,9.3,7.5,41.0
2023-12-27T19:00,10.7,6.9,147.0,9.1,7.9,36.0
2023-12-27T20:00,10.6,6.9,153.0,8.7,8.3,35.0
2023-12-27T21:00,10.9,7.0,154.0,8.2,8.3,35.0
2023-12-27T22:00,10.3,6.6,145.0,7.6,7.5,34.0
2023-12-27T23:00,9.2,6.0,133.0,7.0,6.2,34.0
2023-12-28T00:00,6.4,4.1,101.0,5.0,4.4,35.0
2023-12-28T01:00,6.5,4.1,97.0,4.7,4.0,33.0
2023-12-28T02:00,6.7,4.1,93.0,4.4,3.6,31.0
2023-12-28T03:00,6.5,4.0,96.0,4.4,3.9,31.0
2023-12-28T04:00,6.8,4.3,110.0,5.0,5.3,32.0
2023-12-28T05:00,8.1,5.3,132.0,6.0,7.5,36.0
2023-12-28T06:00,11.6,7.7,158.0,6.7,9.6,44.0
2023-12-28T07:00,17.2,11.6,193.0,7.1,12.0,62.0
2023-12-28T08:00,22.4,15.3,232.0,7.3,14.4,86.0
2023-12-28T09:00,26.4,17.9,256.0,7.3,15.4,102.0
2023-12-28T10:00,29.7,19.8,255.0,7.1,13.9,106.0
2023-12-28T11:00,31.3,20.5,239.0,6.7,11.0,103.0
2023-12-28T12:00,15.4,9.5,151.0,3.4,5.6,86.0
2023-12-28T13:00,15.0,8.9,141.0,3.5,5.2,82.0
2023-12-28T14:00,14.6,8.4,127.0,3.7,4.6,76.0
2023-12-28T15:00,13.9,7.9,118.0,4.1,4.3,70.0
2023-12-28T16:00,12.5,7.2,117.0,4.9,4.6,63.0
2023-12-28T17:00,11.6,6.9,121.0,6.0,5.3,56.0
2023-12-28T18:00,10.8,6.5,124.0,6.7,5.8,51.0
2023-12-28T19:00,11.3,6.8,124.0,6.8,6.1,48.0
2023-12-28T20:00,12.1,7.3,124.0,6.4,6.2,46.0
2023-12-28T21:00,12.3,7.5,120.0,6.0,6.0,45.0
2023-12-28T22:00,12.3,7.3,111.0,5.4,5.3,45.0
2023-12-28T23:00,12.5,7.4,98.0,4.6,4.2,45.0
2023-12-29T00:00,11.7,7.0,94.0,4.8,4.4,40.0
2023-12-29T01:00,11.2,6.8,86.0,4.3,3.9,38.0
2023-12-29T02:00,11.0,6.7,76.0,3.6,3.5,36.0
2023-12-29T03:00,10.7,6.6,81.0,3.5,4.3,38.0
2023-12-29T04:00,10.8,6.8,110.0,4.8,7.5,44.0
2023-12-29T05:00,13.1,8.4,154.0,6.6,12.0,53.0
2023-12-29T06:00,19.4,12.9,197.0,7.8,15.8,69.0
2023-12-29T07:00,28.1,18.9,243.0,7.6,18.8,98.0
2023-12-29T08:00,33.5,22.3,289.0,6.7,21.2,134.0
2023-12-29T09:00,36.7,23.9,310.0,5.8,21.5,156.0
2023-12-29T10:00,37.6,23.9,287.0,5.0,18.3,154.0
2023-12-29T11:00,36.3,22.6,240.0,4.3,13.0,139.0
2023-12-29T12:00,27.6,16.4,148.0,3.1,6.1,97.0
2023-12-29T13:00,29.3,17.0,143.0,3.2,5.4,90.0
2023-12-29T14:00,32.7,18.8,137.0,3.3,4.5,79.0
2023-12-29T15:00,33.5,19.4,132.0,3.6,3.9,70.0
2023-12-29T16:00,32.0,18.7,132.0,4.4,4.0,63.0
2023-12-29T17:00,29.7,17.4,133.0,5.5,4.5,56.0
2023-12-29T18:00,26.9,15.8,133.0,6.1,4.9,51.0
2023-12-29T19:00,25.0,14.8,131.0,6.0,5.0,48.0
2023-12-29T20:00,23.3,13.8,127.0,5.6,4.9,46.0
2023-12-29T21:00,22.5,13.4,122.0,5.1,4.7,44.0
2023-12-29T22:00,21.4,12.7,114.0,4.6,4.2,43.0
2023-12-29T23:00,20.3,12.0,104.0,4.2,3.4,43.0
2023-12-30T00:00,17.6,10.3,97.0,3.8,3.1,46.0
2023-12-30T01:00,15.9,9.5,92.0,3.5,2.8,45.0
2023-12-30T02:00,15.4,9.1,86.0,3.2,2.4,43.0
2023-12-30T03:00,14.7,8.7,86.0,3.1,2.5,42.0
2023-12-30T04:00,14.9,8.8,95.0,3.6,3.5,41.0
2023-12-30T05:00,14.6,8.7,110.0,4.3,4.9,42.0
2023-12-30T06:00,15.6,9.5,124.0,4.7,6.1,45.0
2023-12-30T07:00,16.6,10.2,137.0,4.6,7.0,55.0
2023-12-30T08:00,18.0,11.1,150.0,4.1,7.7,67.0
2023-12-30T09:00,19.2,11.7,155.0,3.7,7.9,76.0
2023-12-30T10:00,18.0,10.9,147.0,3.3,7.2,77.0
2023-12-30T11:00,18.1,10.9,132.0,2.8,5.9,75.0
2023-12-30T12:00,18.3,11.0,130.0,2.8,6.2,86.0
2023-12-30T13:00,16.0,9.5,121.0,2.7,5.5,77.0
2023-12-30T14:00,15.4,9.1,109.0,2.7,4.5,65.0
2023-12-30T15:00,15.8,9.3,102.0,3.0,3.9,54.0
2023-12-30T16:00,16.5,9.6,105.0,4.0,4.1,47.0
2023-12-30T17:00,15.9,9.3,113.0,5.4,4.8,41.0
2023-12-30T18:00,15.7,9.4,118.0,6.3,5.2,37.0
2023-12-30T19:00,16.1,9.5,119.0,6.3,5.2,35.0
2023-12-30T20:00,18.0,10.6,118.0,5.8,5.0,36.0
2023-12-30T21:00,19.3,11.2,114.0,5.2,4.6,36.0
2023-12-30T22:00,18.8,10.8,106.0,4.6,3.9,36.0
2023-12-30T23:00,17.2,9.8,96.0,3.8,3.0,37.0
2023-12-31T00:00,16.4,9.4,94.0,3.3,2.5,37.0
2023-12-31T01:00,16.3,9.3,92.0,3.2,2.4,38.0
2023-12-31T02:00,17.2,9.8,90.0,3.1,2.4,39.0
2023-12-31T03:00,18.3,10.4,92.0,3.2,2.6,40.0
2023-12-31T04:00,18.4,10.4,101.0,3.7,3.4,42.0
2023-12-31T05:00,19.2,10.9,114.0,4.3,4.6,44.0
2023-12-31T06:00,19.6,11.4,124.0,4.6,5.5,48.0
2023-12-31T07:00,19.2,11.4,130.0,4.3,6.0,56.0
2023-12-31T08:00,19.3,11.6,134.0,3.7,6.3,66.0
2023-12-31T09:00,19.6,11.7,134.0,3.2,6.3,73.0
2023-12-31T10:00,20.4,12.0,127.0,2.8,5.7,75.0
2023-12-31T11:00,19.1,11.2,115.0,2.4,4.9,74.0
2023-12-31T12:00,18.7,11.0,107.0,2.5,4.7,78.0
2023-12-31T13:00,17.9,10.6,106.0,2.6,4.4,77.0
2023-12-31T14:00,16.0,9.7,104.0,2.9,3.9,74.0
2023-12-31T15:00,14.5,8.8,104.0,3.4,3.8,71.0
2023-12-31T16:00,13.6,8.4,108.0,4.5,4.3,65.0
2023-12-31T17:00,12.9,7.9,113.0,5.8,5.1,58.0
2023-12-31T18:00,11.7,7.3,116.0,6.6,5.6,53.0
2023-12-31T19:00,11.2,7.1,116.0,6.5,5.7,51.0
2023-12-31T20:00,11.1,7.0,114.0,5.9,5.6,51.0
2023-12-31T21:00,10.9,6.9,109.0,5.3,5.3,51.0
2023-12-31T22:00,10.0,6.3,101.0,4.7,4.6,49.0
2023-12-31T23:00,8.8,5.6,90.0,4.0,3.7,48.0
