latitude,longitude,elevation,utc_offset_seconds,timezone,timezone_abbreviation
-23.599998,-46.59999,737.0,0,GMT,GMT

time,pm10 (μg/m³),pm2_5 (μg/m³),carbon_monoxide (μg/m³),nitrogen_dioxide (μg/m³),sulphur_dioxide (μg/m³),ozone (μg/m³)
2023-01-01T00:00,47.5,33.2,965.0,93.4,22.0,53.0
2023-01-01T01:00,60.1,41.9,1014.0,95.9,23.5,44.0
2023-01-01T02:00,66.6,46.6,1084.0,99.3,25.6,32.0
2023-01-01T03:00,62.2,43.4,1151.0,100.9,27.3,19.0
2023-01-01T04:00,59.6,41.7,1152.0,97.4,26.8,15.0
2023-01-01T05:00,61.9,43.3,1131.0,91.6,25.4,14.0
2023-01-01T06:00,67.8,47.4,1111.0,84.4,23.5,15.0
2023-01-01T07:00,71.0,49.7,1143.0,82.8,22.6,13.0
2023-01-01T08:00,74.0,51.8,1190.0,82.3,22.0,12.0
2023-01-01T09:00,76.6,53.7,1170.0,76.5,21.3,25.0
2023-01-01T10:00,67.8,47.5,1023.0,63.1,21.5,58.0
2023-01-01T11:00,45.2,31.5,805.0,45.0,22.0,105.0
2023-01-01T12:00,22.4,15.5,475.0,22.2,19.6,140.0
2023-01-01T13:00,25.4,17.6,428.0,18.8,17.4,143.0
2023-01-01T14:00,27.2,18.9,361.0,13.9,14.1,148.0
2023-01-01T15:00,25.4,17.7,302.0,9.7,10.9,154.0
2023-01-01T16:00,25.7,17.9,307.0,9.9,10.3,156.0
2023-01-01T17:00,29.3,20.4,337.0,11.9,10.6,157.0
2023-01-01T18:00,32.5,22.6,390.0,16.6,11.4,160.0
2023-01-01T19:00,33.4,23.3,420.0,20.2,12.2,167.0
2023-01-01T20:00,34.6,24.0,454.0,24.7,13.3,176.0
2023-01-01T21:00,39.8,27.8,553.0,36.5,15.1,174.0
2023-01-01T22:00,46.8,32.6,711.0,54.3,17.0,152.0
2023-01-01T23:00,61.7,43.0,915.0,77.1,19.2,118.0
2023-01-02T00:00,60.1,41.7,919.0,71.7,21.0,112.0
2023-01-02T01:00,70.5,49.1,926.0,70.6,20.8,97.0
2023-01-02T02:00,71.7,49.9,935.0,68.9,20.3,75.0
2023-01-02T03:00,72.4,50.4,905.0,63.8,19.5,53.0
2023-01-02T04:00,63.1,44.1,817.0,55.5,18.8,50.0
2023-01-02T05:00,53.4,37.4,693.0,44.9,18.0,53.0
2023-01-02T06:00,43.2,30.2,557.0,33.7,16.8,56.0
2023-01-02T07:00,37.6,26.3,514.0,30.6,15.5,52.0
2023-01-02T08:00,34.9,24.4,498.0,30.3,14.1,46.0
2023-01-02T09:00,32.9,23.0,470.0,29.1,12.4,47.0
2023-01-02T10:00,26.2,18.3,424.0,25.9,11.6,61.0
2023-01-02T11:00,22.2,15.5,369.0,21.7,11.1,81.0
2023-01-02T12:00,24.6,17.1,357.0,19.0,12.1,115.0
2023-01-02T13:00,24.1,16.8,320.0,15.6,10.8,120.0
2023-01-02T14:00,24.5,17.1,267.0,11.1,8.9,128.0
2023-01-02T15:00,23.2,16.1,221.0,7.6,7.3,134.0
2023-01-02T16:00,21.1,14.7,225.0,8.9,7.6,132.0
2023-01-02T17:00,23.0,16.0,249.0,12.2,8.5,127.0
2023-01-02T18:00,25.8,17.9,295.0,18.7,9.9,121.0
2023-01-02T19:00,27.2,18.9,333.0,25.0,10.9,120.0
2023-01-02T20:00,31.2,21.7,378.0,32.5,11.9,120.0
2023-01-02T21:00,35.6,24.8,452.0,42.8,12.8,113.0
2023-01-02T22:00,35.4,24.6,537.0,51.9,12.6,95.0
2023-01-02T23:00,37.3,26.0,637.0,61.5,11.9,71.0
2023-01-03T00:00,99.0,69.2,2108.0,208.4,28.1,1.0
2023-01-03T01:00,104.5,73.1,1825.0,178.4,25.7,11.0
2023-01-03T02:00,86.6,60.5,1419.0,135.7,22.2,25.0
2023-01-03T03:00,57.4,40.0,915.0,83.2,17.2,42.0
2023-01-03T04:00,31.2,21.8,628.0,54.8,13.1,52.0
2023-01-03T05:00,17.3,12.0,375.0,30.5,8.8,60.0
2023-01-03T06:00,13.1,9.2,143.0,8.4,4.5,67.0
2023-01-03T07:00,11.0,7.7,89.0,2.5,3.7,67.0
2023-01-03T08:00,9.7,6.8,112.0,3.8,4.2,63.0
2023-01-03T09:00,9.4,6.6,162.0,7.7,4.9,58.0
2023-01-03T10:00,10.0,7.0,185.0,9.9,5.2,56.0
2023-01-03T11:00,11.3,7.9,214.0,13.0,5.4,54.0
2023-01-03T12:00,16.8,11.7,235.0,15.9,5.2,53.0
2023-01-03T13:00,17.9,12.4,221.0,13.6,4.7,60.0
2023-01-03T14:00,18.6,12.9,201.0,10.4,4.0,70.0
2023-01-03T15:00,19.6,13.6,181.0,7.3,3.2,81.0
2023-01-03T16:00,18.7,13.0,173.0,5.7,3.1,88.0
2023-01-03T17:00,18.9,13.1,169.0,4.6,3.2,93.0
2023-01-03T18:00,17.6,12.2,192.0,8.4,3.7,91.0
2023-01-03T19:00,17.9,12.5,246.0,18.9,4.2,76.0
2023-01-03T20:00,19.2,13.4,322.0,33.8,4.8,53.0
2023-01-03T21:00,21.1,14.7,424.0,49.9,5.6,27.0
2023-01-03T22:00,22.4,15.7,502.0,55.8,6.2,18.0
2023-01-03T23:00,23.9,16.7,581.0,58.7,6.9,14.0
2023-01-04T00:00,31.2,21.8,730.0,65.0,9.5,16.0
2023-01-04T01:00,28.5,19.9,655.0,58.9,9.4,20.0
2023-01-04T02:00,25.3,17.7,549.0,50.2,9.4,26.0
2023-01-04T03:00,22.1,15.5,421.0,38.5,9.1,34.0
2023-01-04T04:00,20.3,14.2,358.0,30.8,8.7,39.0
2023-01-04T05:00,18.8,13.2,308.0,23.1,8.2,43.0
2023-01-04T06:00,17.6,12.3,257.0,15.1,7.5,48.0
2023-01-04T07:00,15.1,10.6,227.0,11.5,6.6,50.0
2023-01-04T08:00,12.0,8.4,206.0,9.4,5.5,51.0
2023-01-04T09:00,8.9,6.2,199.0,8.8,4.6,51.0
2023-01-04T10:00,8.6,6.0,222.0,10.9,4.7,50.0
2023-01-04T11:00,10.2,7.1,261.0,14.9,5.2,48.0
2023-01-04T12:00,20.9,14.6,299.0,18.9,5.6,45.0
2023-01-04T13:00,21.1,14.8,296.0,18.1,5.6,52.0
2023-01-04T14:00,20.0,14.0,292.0,17.0,5.7,61.0
2023-01-04T15:00,23.2,16.2,281.0,15.2,5.6,72.0
2023-01-04T16:00,24.4,17.1,261.0,12.8,5.2,78.0
2023-01-04T17:00,21.0,14.7,236.0,9.8,4.6,83.0
2023-01-04T18:00,13.3,9.3,226.0,10.3,4.2,81.0
2023-01-04T19:00,15.7,10.9,260.0,18.2,4.3,66.0
2023-01-04T20:00,16.8,11.4,315.0,30.1,4.8,43.0
2023-01-04T21:00,14.5,9.9,364.0,40.8,5.4,20.0
2023-01-04T22:00,14.8,9.9,357.0,39.8,5.7,17.0
2023-01-04T23:00,12.6,8.5,329.0,34.5,5.9,21.0
2023-01-05T00:00,12.9,8.1,239.0,20.8,5.1,33.0
2023-01-05T01:00,10.9,6.9,224.0,18.7,5.0,38.0
2023-01-05T02:00,9.1,6.0,203.0,15.7,4.8,46.0
2023-01-05T03:00,6.9,4.6,179.0,11.9,4.8,56.0
2023-01-05T04:00,6.5,4.4,169.0,9.6,4.8,61.0
2023-01-05T05:00,6.4,4.4,162.0,7.3,4.9,66.0
2023-01-05T06:00,6.0,4.2,159.0,5.5,5.1,70.0
2023-01-05T07:00,5.9,4.1,156.0,4.8,5.2,71.0
2023-01-05T08:00,6.3,4.4,156.0,4.7,5.4,70.0
2023-01-05T09:00,6.4,4.4,175.0,7.3,5.9,66.0
2023-01-05T10:00,7.1,4.9,219.0,13.6,6.7,59.0
2023-01-05T11:00,8.8,6.2,280.0,22.1,7.6,49.0
2023-01-05T12:00,12.5,8.6,373.0,35.6,7.2,32.0
2023-01-05T13:00,18.0,12.3,361.0,32.8,7.8,39.0
2023-01-05T14:00,24.4,16.6,343.0,28.8,8.4,48.0
2023-01-05T15:00,23.6,15.9,326.0,25.1,9.1,60.0
2023-01-05T16:00,28.6,19.4,325.0,24.8,9.4,67.0
2023-01-05T17:00,30.7,20.7,329.0,25.7,9.6,74.0
2023-01-05T18:00,26.9,18.0,337.0,28.9,9.4,74.0
2023-01-05T19:00,22.2,14.8,347.0,34.3,8.9,62.0
2023-01-05T20:00,18.9,12.5,359.0,41.5,8.2,43.0
2023-01-05T21:00,16.8,11.2,361.0,46.5,7.3,24.0
2023-01-05T22:00,14.3,9.3,342.0,43.0,6.8,23.0
2023-01-05T23:00,15.3,9.9,312.0,35.8,6.4,28.0
2023-01-06T00:00,14.4,9.4,262.0,25.1,5.8,34.0
2023-01-06T01:00,14.1,9.2,245.0,23.0,5.8,35.0
2023-01-06T02:00,14.0,9.1,221.0,20.0,5.8,35.0
2023-01-06T03:00,13.9,8.9,189.0,15.8,5.7,37.0
2023-01-06T04:00,13.7,8.8,165.0,12.4,5.5,39.0
2023-01-06T05:00,13.4,8.5,141.0,8.8,5.2,42.0
2023-01-06T06:00,13.2,8.4,119.0,5.5,4.9,44.0
2023-01-06T07:00,12.1,7.7,113.0,4.7,4.8,44.0
2023-01-06T08:00,11.4,7.2,115.0,5.0,4.7,42.0
2023-01-06T09:00,11.7,7.5,131.0,6.9,4.8,40.0
2023-01-06T10:00,12.2,7.7,163.0,10.6,5.2,37.0
2023-01-06T11:00,13.6,8.6,207.0,15.6,5.7,33.0
2023-01-06T12:00,21.5,13.6,322.0,26.0,7.8,25.0
2023-01-06T13:00,22.4,14.0,309.0,24.5,8.1,30.0
2023-01-06T14:00,25.3,16.1,291.0,22.2,8.6,38.0
2023-01-06T15:00,28.6,18.4,264.0,19.5,8.8,46.0
2023-01-06T16:00,23.9,15.4,238.0,17.5,8.1,49.0
2023-01-06T17:00,18.6,12.2,209.0,15.4,7.2,50.0
2023-01-06T18:00,14.6,9.7,196.0,15.6,6.2,47.0
2023-01-06T19:00,12.3,8.1,227.0,20.7,6.2,39.0
2023-01-06T20:00,12.7,8.4,280.0,28.4,6.7,27.0
2023-01-06T21:00,16.1,10.7,331.0,35.5,7.1,15.0
2023-01-06T22:00,14.9,9.6,334.0,35.5,6.9,12.0
2023-01-06T23:00,16.8,11.0,320.0,32.8,6.7,13.0
2023-01-07T00:00,16.8,10.7,282.0,26.8,7.2,16.0
2023-01-07T01:00,16.1,10.3,260.0,24.7,7.1,18.0
2023-01-07T02:00,15.0,9.6,229.0,21.8,6.8,20.0
2023-01-07T03:00,13.7,8.9,190.0,17.5,6.5,24.0
2023-01-07T04:00,14.8,9.6,166.0,14.1,6.3,27.0
2023-01-07T05:00,15.7,10.2,144.0,10.2,6.3,31.0
2023-01-07T06:00,15.9,10.3,123.0,6.7,6.2,34.0
2023-01-07T07:00,15.9,10.3,111.0,5.3,6.1,35.0
2023-01-07T08:00,14.4,9.4,104.0,4.9,6.0,36.0
2023-01-07T09:00,14.2,9.3,123.0,7.1,6.2,34.0
2023-01-07T10:00,14.8,9.7,184.0,12.8,6.9,28.0
2023-01-07T11:00,16.9,11.1,269.0,20.8,7.9,21.0
2023-01-07T12:00,19.8,13.0,295.0,25.0,8.5,18.0
2023-01-07T13:00,23.9,15.9,275.0,22.9,8.7,24.0
2023-01-07T14:00,24.2,15.7,247.0,19.9,9.0,32.0
2023-01-07T15:00,25.8,16.8,214.0,16.2,9.2,43.0
2023-01-07T16:00,26.0,16.9,199.0,14.2,9.0,51.0
2023-01-07T17:00,26.4,17.2,189.0,12.6,8.6,59.0
2023-01-07T18:00,23.6,15.3,181.0,12.1,8.1,64.0
2023-01-07T19:00,21.0,13.6,178.0,13.4,7.7,59.0
2023-01-07T20:00,20.0,12.9,178.0,15.9,7.2,48.0
2023-01-07T21:00,19.3,12.3,194.0,20.0,7.2,34.0
2023-01-07T22:00,20.5,13.2,229.0,24.0,8.1,25.0
2023-01-07T23:00,21.7,14.0,276.0,28.4,9.6,15.0
2023-01-08T00:00,23.4,14.9,324.0,30.7,10.9,5.0
2023-01-08T01:00,24.1,15.4,308.0,29.1,11.0,6.0
2023-01-08T02:00,23.1,14.8,284.0,27.0,11.2,6.0
2023-01-08T03:00,21.5,13.9,252.0,23.4,11.4,8.0
2023-01-08T04:00,21.5,13.9,228.0,20.1,11.6,10.0
2023-01-08T05:00,21.6,14.1,204.0,16.4,11.8,13.0
2023-01-08T06:00,21.9,14.3,182.0,12.5,11.4,16.0
2023-01-08T07:00,27.9,18.7,178.0,11.1,9.9,15.0
2023-01-08T08:00,31.5,21.2,181.0,10.7,8.0,13.0
2023-01-08T09:00,31.4,21.3,197.0,11.4,6.4,13.0
2023-01-08T10:00,28.3,19.2,223.0,13.4,7.2,17.0
2023-01-08T11:00,19.7,13.1,257.0,16.3,8.9,24.0
2023-01-08T12:00,18.6,12.4,301.0,20.2,10.5,33.0
2023-01-08T13:00,20.6,13.6,297.0,19.9,10.9,38.0
2023-01-08T14:00,23.6,15.6,291.0,19.4,11.4,46.0
2023-01-08T15:00,26.5,17.6,288.0,19.4,11.9,54.0
2023-01-08T16:00,29.0,19.3,294.0,20.2,12.0,59.0
2023-01-08T17:00,30.4,20.2,305.0,21.6,11.9,63.0
2023-01-08T18:00,29.3,19.7,319.0,24.4,11.4,62.0
2023-01-08T19:00,19.7,13.2,327.0,27.9,10.8,51.0
2023-01-08T20:00,15.7,10.7,334.0,32.2,9.9,35.0
2023-01-08T21:00,14.6,10.0,347.0,36.0,8.8,16.0
2023-01-08T22:00,12.4,8.6,365.0,35.8,7.6,9.0
2023-01-08T23:00,13.6,9.4,386.0,33.8,6.3,4.0
2023-01-09T00:00,13.8,9.6,430.0,27.3,6.0,1.0
2023-01-09T01:00,14.1,9.8,402.0,27.0,6.3,1.0
2023-01-09T02:00,12.3,8.5,363.0,26.4,6.8,1.0
2023-01-09T03:00,12.1,8.4,310.0,24.7,7.1,2.0
2023-01-09T04:00,12.5,8.7,274.0,22.1,6.9,4.0
2023-01-09T05:00,13.0,9.0,239.0,18.7,6.6,7.0
2023-01-09T06:00,13.5,9.4,207.0,15.1,6.1,10.0
2023-01-09T07:00,14.3,9.9,199.0,13.9,5.7,10.0
2023-01-09T08:00,16.8,11.7,202.0,13.2,5.3,9.0
2023-01-09T09:00,17.8,12.4,227.0,14.1,5.6,9.0
2023-01-09T10:00,18.7,13.1,271.0,17.0,6.9,10.0
2023-01-09T11:00,16.2,11.3,331.0,21.1,8.9,13.0
2023-01-09T12:00,16.7,11.6,387.0,24.1,10.8,20.0
2023-01-09T13:00,22.0,15.1,393.0,24.4,11.6,34.0
2023-01-09T14:00,29.9,20.5,401.0,24.6,12.9,54.0
2023-01-09T15:00,33.5,22.9,406.0,25.2,13.9,74.0
2023-01-09T16:00,37.1,25.3,398.0,25.7,13.9,77.0
2023-01-09T17:00,32.8,22.5,384.0,26.3,13.4,74.0
2023-01-09T18:00,30.4,20.9,373.0,28.5,12.5,63.0
2023-01-09T19:00,26.4,18.1,379.0,32.8,11.8,49.0
2023-01-09T20:00,19.4,13.4,392.0,38.3,10.9,30.0
2023-01-09T21:00,15.4,10.6,411.0,42.8,10.1,10.0
2023-01-09T22:00,13.2,9.2,425.0,41.0,9.8,4.0
2023-01-09T23:00,11.6,8.1,441.0,36.8,9.6,1.0
2023-01-10T00:00,13.0,9.1,423.0,27.9,8.0,1.0
2023-01-10T01:00,17.6,12.2,408.0,27.1,7.9,1.0
2023-01-10T02:00,16.8,11.7,386.0,26.1,7.8,1.0
2023-01-10T03:00,16.9,11.8,356.0,24.7,7.4,1.0
2023-01-10T04:00,15.8,11.0,331.0,23.5,6.6,1.0
2023-01-10T05:00,17.4,12.2,304.0,22.2,5.4,2.0
2023-01-10T06:00,19.1,13.4,291.0,21.1,4.6,2.0
2023-01-10T07:00,19.0,13.3,308.0,20.6,4.8,1.0
2023-01-10T08:00,17.6,12.3,342.0,20.5,5.5,0.0
2023-01-10T09:00,20.3,14.2,405.0,23.2,7.2,1.0
2023-01-10T10:00,21.3,14.9,474.0,30.0,9.6,3.0
2023-01-10T11:00,26.4,18.5,557.0,39.1,12.5,5.0
2023-01-10T12:00,21.8,15.3,539.0,37.8,11.1,34.0
2023-01-10T13:00,21.9,15.4,481.0,32.2,9.8,40.0
2023-01-10T14:00,17.5,12.2,399.0,24.4,8.0,50.0
2023-01-10T15:00,19.2,13.4,319.0,16.4,6.2,64.0
2023-01-10T16:00,23.1,16.1,304.0,13.1,5.9,79.0
2023-01-10T17:00,23.2,16.2,313.0,11.6,6.2,97.0
2023-01-10T18:00,23.7,16.6,357.0,16.4,6.6,105.0
2023-01-10T19:00,22.4,15.7,397.0,28.8,6.6,88.0
2023-01-10T20:00,26.4,18.5,453.0,46.5,6.6,58.0
2023-01-10T21:00,29.5,20.6,625.0,68.7,7.3,24.0
2023-01-10T22:00,37.5,26.3,890.0,80.8,8.9,12.0
2023-01-10T23:00,47.4,33.2,1234.0,91.4,11.0,5.0
2023-01-11T00:00,67.8,47.4,1678.0,116.6,15.3,0.0
2023-01-11T01:00,77.3,54.1,1784.0,119.6,15.9,0.0
2023-01-11T02:00,79.9,55.9,1934.0,123.7,16.9,0.0
2023-01-11T03:00,82.9,58.1,2056.0,125.6,17.4,0.0
2023-01-11T04:00,86.8,60.8,2034.0,122.4,16.7,0.0
2023-01-11T05:00,85.0,59.5,1951.0,116.6,15.4,0.0
2023-01-11T06:00,78.5,54.9,1778.0,105.8,13.6,0.0
2023-01-11T07:00,68.7,48.2,1592.0,95.0,12.1,2.0
2023-01-11T08:00,57.6,40.4,1362.0,82.1,10.6,4.0
2023-01-11T09:00,49.4,34.6,1075.0,66.3,9.0,10.0
2023-01-11T10:00,48.8,34.1,905.0,58.2,8.7,17.0
2023-01-11T11:00,30.2,21.1,753.0,51.5,8.9,25.0
2023-01-11T12:00,22.5,15.7,403.0,27.4,7.1,39.0
2023-01-11T13:00,21.7,15.2,390.0,26.2,6.9,42.0
2023-01-11T14:00,22.8,15.9,371.0,24.6,6.8,47.0
2023-01-11T15:00,27.3,19.1,352.0,22.6,6.6,57.0
2023-01-11T16:00,28.2,19.8,343.0,20.8,6.5,70.0
2023-01-11T17:00,25.0,17.5,338.0,18.9,6.5,86.0
2023-01-11T18:00,23.4,16.4,350.0,20.6,6.6,95.0
2023-01-11T19:00,20.3,14.2,363.0,27.8,6.8,83.0
2023-01-11T20:00,17.0,11.9,386.0,38.3,6.9,61.0
2023-01-11T21:00,17.9,12.5,489.0,52.0,7.2,34.0
2023-01-11T22:00,31.4,22.0,695.0,61.2,7.3,21.0
2023-01-11T23:00,35.7,25.0,968.0,70.3,7.4,11.0
2023-01-12T00:00,37.6,26.4,1144.0,71.8,6.9,2.0
2023-01-12T01:00,26.0,18.2,1010.0,66.4,7.4,5.0
2023-01-12T02:00,27.1,19.0,818.0,58.6,8.1,8.0
2023-01-12T03:00,23.4,16.4,595.0,47.7,8.5,14.0
2023-01-12T04:00,20.5,14.3,497.0,39.4,8.0,19.0
2023-01-12T05:00,17.0,11.9,428.0,30.9,7.1,24.0
2023-01-12T06:00,16.1,11.3,368.0,22.2,6.2,29.0
2023-01-12T07:00,17.2,12.0,347.0,19.4,5.9,30.0
2023-01-12T08:00,17.6,12.3,348.0,18.7,5.9,30.0
2023-01-12T09:00,17.6,12.3,351.0,18.6,6.1,31.0
2023-01-12T10:00,13.6,9.5,349.0,18.9,6.2,33.0
2023-01-12T11:00,13.6,9.5,349.0,19.6,6.3,36.0
2023-01-12T12:00,12.0,8.4,331.0,18.4,5.8,41.0
2023-01-12T13:00,12.4,8.7,307.0,15.7,5.5,51.0
2023-01-12T14:00,13.5,9.5,273.0,11.9,5.0,66.0
2023-01-12T15:00,15.1,10.6,239.0,8.1,4.6,82.0
2023-01-12T16:00,15.5,10.9,227.0,6.5,4.5,88.0
2023-01-12T17:00,15.9,11.1,222.0,5.8,4.6,91.0
2023-01-12T18:00,14.6,10.2,245.0,10.1,5.1,88.0
2023-01-12T19:00,15.5,10.9,246.0,20.4,5.8,77.0
2023-01-12T20:00,18.0,12.6,255.0,34.7,6.7,61.0
2023-01-12T21:00,22.3,15.6,472.0,53.5,8.1,39.0
2023-01-12T22:00,35.4,24.7,993.0,66.5,9.9,25.0
2023-01-12T23:00,64.0,44.8,1697.0,79.2,12.1,12.0
2023-01-13T00:00,51.3,36.0,1473.0,82.3,8.7,0.0
2023-01-13T01:00,57.2,40.0,1471.0,82.2,8.5,0.0
2023-01-13T02:00,55.3,38.8,1465.0,81.9,8.2,0.0
2023-01-13T03:00,48.8,34.1,1342.0,75.7,7.8,1.0
2023-01-13T04:00,35.4,24.7,1072.0,62.2,7.4,9.0
2023-01-13T05:00,23.9,16.8,707.0,43.8,7.0,21.0
2023-01-13T06:00,18.9,13.2,322.0,23.5,6.4,35.0
2023-01-13T07:00,16.6,11.6,218.0,16.0,6.1,41.0
2023-01-13T08:00,15.3,10.7,202.0,12.2,5.6,44.0
2023-01-13T09:00,15.1,10.6,218.0,10.2,5.3,47.0
2023-01-13T10:00,15.5,10.9,234.0,11.4,5.5,47.0
2023-01-13T11:00,16.4,11.5,269.0,14.7,5.9,45.0
2023-01-13T12:00,16.6,11.6,300.0,17.2,6.2,48.0
2023-01-13T13:00,16.1,11.3,288.0,15.0,5.8,59.0
2023-01-13T14:00,15.8,11.1,259.0,10.9,5.1,74.0
2023-01-13T15:00,14.4,10.1,231.0,7.0,4.3,90.0
2023-01-13T16:00,12.6,8.8,228.0,6.2,4.2,95.0
2023-01-13T17:00,15.2,10.6,232.0,6.6,4.4,96.0
2023-01-13T18:00,16.4,11.5,251.0,9.9,4.8,93.0
2023-01-13T19:00,15.4,10.7,262.0,15.4,5.2,87.0
2023-01-13T20:00,15.5,10.8,278.0,22.9,5.8,77.0
2023-01-13T21:00,18.5,12.9,359.0,33.9,6.4,61.0
2023-01-13T22:00,26.3,18.3,518.0,43.8,6.7,45.0
2023-01-13T23:00,28.4,19.8,729.0,54.7,6.8,25.0
2023-01-14T00:00,31.9,22.3,935.0,64.2,7.1,7.0
2023-01-14T01:00,37.7,26.4,977.0,64.8,7.5,4.0
2023-01-14T02:00,38.6,27.1,959.0,61.5,8.1,6.0
2023-01-14T03:00,30.6,21.4,860.0,53.2,8.3,13.0
2023-01-14T04:00,20.5,14.3,701.0,42.5,7.8,21.0
2023-01-14T05:00,17.5,12.2,486.0,28.7,6.8,33.0
2023-01-14T06:00,15.5,10.9,265.0,14.7,5.8,44.0
2023-01-14T07:00,14.7,10.3,217.0,11.6,5.6,46.0
2023-01-14T08:00,15.2,10.6,225.0,12.1,5.5,44.0
2023-01-14T09:00,16.3,11.4,256.0,14.2,5.6,43.0
2023-01-14T10:00,17.8,12.5,278.0,16.2,6.0,44.0
2023-01-14T11:00,15.9,11.1,310.0,19.0,6.6,45.0
2023-01-14T12:00,15.5,10.8,332.0,20.3,6.9,53.0
2023-01-14T13:00,14.3,10.0,313.0,17.0,6.6,68.0
2023-01-14T14:00,16.2,11.3,277.0,11.6,5.8,87.0
2023-01-14T15:00,17.6,12.3,240.0,6.2,5.0,109.0
2023-01-14T16:00,18.3,12.8,229.0,4.2,4.9,119.0
2023-01-14T17:00,18.6,13.0,227.0,3.3,5.1,126.0
2023-01-14T18:00,18.6,13.0,256.0,8.2,5.6,124.0
2023-01-14T19:00,18.5,12.8,277.0,19.2,6.2,111.0
2023-01-14T20:00,19.3,13.5,310.0,34.9,7.2,90.0
2023-01-14T21:00,26.1,18.2,507.0,56.6,8.5,62.0
2023-01-14T22:00,40.3,28.2,884.0,73.8,9.8,41.0
2023-01-14T23:00,53.3,37.3,1388.0,91.7,11.2,20.0
2023-01-15T00:00,67.3,47.0,1944.0,106.3,12.6,0.0
2023-01-15T01:00,78.2,54.7,2195.0,104.2,13.4,0.0
2023-01-15T02:00,91.0,63.8,2358.0,94.7,13.8,0.0
2023-01-15T03:00,81.5,57.0,2335.0,82.2,13.4,4.0
2023-01-15T04:00,47.8,33.5,2007.0,77.1,11.6,4.0
2023-01-15T05:00,39.8,27.8,1490.0,72.9,9.1,3.0
2023-01-15T06:00,42.0,29.4,929.0,67.2,6.6,4.0
2023-01-15T07:00,41.1,28.8,787.0,62.5,6.2,5.0
2023-01-15T08:00,37.7,26.4,767.0,57.4,6.7,6.0
2023-01-15T09:00,35.6,24.9,741.0,49.8,7.6,14.0
2023-01-15T10:00,36.1,25.2,650.0,42.8,8.4,29.0
2023-01-15T11:00,29.2,20.4,545.0,34.9,9.4,49.0
2023-01-15T12:00,13.4,9.3,373.0,19.6,11.3,93.0
2023-01-15T13:00,16.4,11.4,340.0,16.0,10.1,103.0
2023-01-15T14:00,19.2,13.3,293.0,10.9,8.4,117.0
2023-01-15T15:00,20.4,14.1,246.0,6.2,6.5,130.0
2023-01-15T16:00,20.4,14.1,231.0,5.0,5.8,132.0
2023-01-15T17:00,19.9,13.8,228.0,5.3,5.6,129.0
2023-01-15T18:00,21.5,15.0,256.0,10.8,5.8,121.0
2023-01-15T19:00,25.6,17.8,249.0,18.5,6.5,111.0
2023-01-15T20:00,27.0,18.8,246.0,29.4,7.6,99.0
2023-01-15T21:00,31.9,22.2,508.0,53.0,10.4,77.0
2023-01-15T22:00,54.2,37.8,1129.0,84.1,14.8,54.0
2023-01-15T23:00,79.2,55.2,1976.0,122.8,20.3,27.0
2023-01-16T00:00,128.5,89.6,2821.0,179.9,28.0,2.0
2023-01-16T01:00,151.8,106.2,2747.0,171.2,25.4,8.0
2023-01-16T02:00,159.7,111.5,2640.0,158.6,21.6,17.0
2023-01-16T03:00,151.8,106.2,2431.0,139.5,17.2,29.0
2023-01-16T04:00,123.4,86.1,2168.0,121.2,15.2,39.0
2023-01-16T05:00,105.9,74.0,1847.0,100.8,13.9,49.0
2023-01-16T06:00,104.5,73.1,1571.0,84.2,12.9,56.0
2023-01-16T07:00,112.9,78.9,1640.0,90.7,12.4,46.0
2023-01-16T08:00,123.4,86.4,1846.0,106.7,12.6,28.0
2023-01-16T09:00,131.3,92.0,1967.0,115.8,14.9,31.0
2023-01-16T10:00,137.8,96.4,1760.0,99.7,20.4,76.0
2023-01-16T11:00,113.6,79.6,1414.0,72.5,27.8,143.0
2023-01-16T12:00,94.8,66.1,1044.0,43.8,30.2,234.0
2023-01-16T13:00,79.2,55.3,923.0,35.4,27.6,244.0
2023-01-16T14:00,72.6,50.8,751.0,23.5,24.0,259.0
2023-01-16T15:00,70.3,49.1,583.0,11.7,20.0,276.0
2023-01-16T16:00,69.2,48.2,567.0,9.0,19.1,288.0
2023-01-16T17:00,68.2,47.6,605.0,9.4,19.2,300.0
2023-01-16T18:00,72.9,50.9,661.0,14.4,18.6,296.0
2023-01-16T19:00,68.9,48.1,674.0,22.5,16.2,267.0
2023-01-16T20:00,61.2,42.7,684.0,33.7,13.1,223.0
2023-01-16T21:00,54.9,38.3,719.0,47.3,9.9,170.0
2023-01-16T22:00,53.0,37.0,791.0,55.5,9.4,143.0
2023-01-16T23:00,52.2,36.4,884.0,62.7,9.8,121.0
2023-01-17T00:00,44.2,30.7,737.0,49.7,8.1,89.0
2023-01-17T01:00,43.0,29.8,712.0,48.0,8.4,85.0
2023-01-17T02:00,41.7,28.9,676.0,45.8,8.8,79.0
2023-01-17T03:00,38.9,27.1,645.0,43.2,9.4,70.0
2023-01-17T04:00,39.6,27.6,648.0,42.2,10.1,63.0
2023-01-17T05:00,44.5,31.0,665.0,41.7,11.0,55.0
2023-01-17T06:00,53.0,36.9,698.0,41.3,11.9,48.0
2023-01-17T07:00,62.9,43.9,739.0,41.9,12.1,44.0
2023-01-17T08:00,71.0,49.5,789.0,42.9,12.0,43.0
2023-01-17T09:00,75.2,52.6,816.0,42.2,12.9,54.0
2023-01-17T10:00,63.6,44.4,774.0,38.8,15.2,80.0
2023-01-17T11:00,54.1,37.7,699.0,33.7,18.5,116.0
2023-01-17T12:00,50.4,35.0,639.0,30.0,25.0,186.0
2023-01-17T13:00,43.4,30.0,580.0,24.5,22.9,194.0
2023-01-17T14:00,40.2,27.8,496.0,16.8,19.8,206.0
2023-01-17T15:00,41.4,28.7,411.0,9.3,16.3,217.0
2023-01-17T16:00,42.4,29.3,394.0,8.1,14.9,219.0
2023-01-17T17:00,43.5,30.0,400.0,9.4,14.2,218.0
2023-01-17T18:00,43.9,30.2,421.0,13.7,13.8,208.0
2023-01-17T19:00,43.9,30.0,443.0,19.8,13.9,192.0
2023-01-17T20:00,42.4,28.6,474.0,28.0,14.6,170.0
2023-01-17T21:00,39.3,26.4,513.0,37.5,15.1,138.0
2023-01-17T22:00,35.3,23.7,530.0,41.8,14.4,114.0
2023-01-17T23:00,32.2,21.7,543.0,44.8,13.4,89.0
2023-01-18T00:00,48.3,32.9,538.0,33.0,9.9,113.0
2023-01-18T01:00,44.6,30.4,574.0,38.5,10.1,95.0
2023-01-18T02:00,44.8,30.9,625.0,46.2,10.4,70.0
2023-01-18T03:00,47.1,32.5,664.0,51.9,10.9,45.0
2023-01-18T04:00,50.1,34.3,645.0,48.5,11.1,41.0
2023-01-18T05:00,52.7,36.3,601.0,41.0,11.4,45.0
2023-01-18T06:00,49.8,34.2,543.0,31.6,11.8,51.0
2023-01-18T07:00,48.2,33.2,508.0,26.9,11.9,53.0
2023-01-18T08:00,49.1,33.9,475.0,22.8,12.1,55.0
2023-01-18T09:00,48.2,33.2,448.0,20.0,12.7,62.0
2023-01-18T10:00,43.5,29.9,454.0,21.7,14.0,72.0
2023-01-18T11:00,39.0,26.7,474.0,25.6,15.6,84.0
2023-01-18T12:00,48.7,33.5,571.0,25.8,21.9,161.0
2023-01-18T13:00,46.1,31.8,528.0,21.2,20.5,177.0
2023-01-18T14:00,43.5,30.2,468.0,14.8,18.4,200.0
2023-01-18T15:00,45.5,31.5,406.0,9.2,15.9,218.0
2023-01-18T16:00,43.4,30.0,394.0,10.1,14.6,212.0
2023-01-18T17:00,41.3,28.5,397.0,13.4,13.6,195.0
2023-01-18T18:00,42.6,29.3,404.0,18.0,11.9,173.0
2023-01-18T19:00,48.7,33.3,400.0,20.2,9.9,161.0
2023-01-18T20:00,44.4,30.3,395.0,22.2,7.4,151.0
2023-01-18T21:00,38.2,26.1,399.0,25.4,5.3,135.0
2023-01-18T22:00,31.8,21.5,412.0,28.0,5.3,121.0
2023-01-18T23:00,31.2,21.2,432.0,30.8,6.2,105.0
2023-01-19T00:00,25.9,17.6,508.0,45.2,9.4,66.0
2023-01-19T01:00,28.6,19.4,546.0,48.7,9.6,58.0
2023-01-19T02:00,33.3,22.8,601.0,53.5,9.9,48.0
2023-01-19T03:00,38.0,26.2,655.0,56.8,10.4,37.0
2023-01-19T04:00,43.1,29.7,663.0,53.9,10.9,35.0
2023-01-19T05:00,47.5,32.8,656.0,48.3,11.6,36.0
2023-01-19T06:00,53.3,36.9,641.0,41.1,12.9,40.0
2023-01-19T07:00,53.8,37.0,632.0,37.5,14.9,41.0
2023-01-19T08:00,53.2,36.7,621.0,34.3,17.2,43.0
2023-01-19T09:00,58.8,40.6,601.0,30.7,19.9,55.0
2023-01-19T10:00,45.4,31.2,579.0,28.6,21.4,77.0
2023-01-19T11:00,40.3,27.7,552.0,27.0,22.5,108.0
2023-01-19T12:00,33.9,23.2,465.0,23.8,19.6,121.0
2023-01-19T13:00,34.3,23.6,448.0,20.0,18.9,143.0
2023-01-19T14:00,36.4,25.1,423.0,14.8,17.8,174.0
2023-01-19T15:00,40.2,27.7,398.0,10.0,16.2,203.0
2023-01-19T16:00,43.7,30.2,394.0,10.0,15.1,206.0
2023-01-19T17:00,43.1,29.7,398.0,11.9,13.8,199.0
2023-01-19T18:00,40.2,27.5,403.0,16.0,12.4,181.0
2023-01-19T19:00,36.8,25.0,395.0,19.6,11.3,161.0
2023-01-19T20:00,32.2,21.8,385.0,24.1,10.4,135.0
2023-01-19T21:00,28.1,19.0,403.0,32.5,10.0,99.0
2023-01-19T22:00,25.3,17.0,461.0,42.0,10.8,73.0
2023-01-19T23:00,25.8,17.4,544.0,53.3,12.2,46.0
2023-01-20T00:00,28.8,19.5,598.0,61.3,15.5,24.0
2023-01-20T01:00,31.1,21.1,647.0,63.8,16.8,18.0
2023-01-20T02:00,34.8,23.7,716.0,67.4,18.5,10.0
2023-01-20T03:00,38.9,26.7,793.0,70.8,20.5,2.0
2023-01-20T04:00,45.5,31.3,820.0,71.2,21.3,1.0
2023-01-20T05:00,50.2,34.6,833.0,70.4,21.7,2.0
2023-01-20T06:00,54.6,37.7,840.0,68.2,22.1,5.0
2023-01-20T07:00,57.4,39.8,847.0,65.7,22.5,6.0
2023-01-20T08:00,58.8,40.7,849.0,62.3,22.8,8.0
2023-01-20T09:00,59.8,41.4,822.0,57.0,22.8,17.0
2023-01-20T10:00,51.2,35.5,758.0,52.2,22.2,33.0
2023-01-20T11:00,39.7,27.5,670.0,46.9,21.4,55.0
2023-01-20T12:00,36.7,25.5,585.0,41.6,22.9,74.0
2023-01-20T13:00,32.9,23.0,524.0,36.2,19.8,78.0
2023-01-20T14:00,31.3,21.9,437.0,28.7,15.4,83.0
2023-01-20T15:00,26.3,18.3,363.0,23.2,10.6,87.0
2023-01-20T16:00,37.0,25.8,378.0,26.8,9.4,85.0
2023-01-20T17:00,32.0,22.4,429.0,34.1,9.1,80.0
2023-01-20T18:00,39.2,27.5,494.0,43.3,9.2,75.0
2023-01-20T19:00,35.3,24.6,495.0,45.5,8.8,77.0
2023-01-20T20:00,33.1,23.1,483.0,46.3,8.4,81.0
2023-01-20T21:00,34.8,24.3,558.0,54.7,9.4,78.0
2023-01-20T22:00,40.3,28.2,761.0,73.7,12.1,61.0
2023-01-20T23:00,50.9,35.5,1042.0,99.2,16.1,37.0
2023-01-21T00:00,51.6,36.1,1196.0,106.2,17.2,10.0
2023-01-21T01:00,62.6,43.8,1411.0,113.2,19.9,7.0
2023-01-21T02:00,80.3,56.1,1714.0,123.2,23.7,4.0
2023-01-21T03:00,90.1,62.9,1981.0,132.1,26.6,0.0
2023-01-21T04:00,99.9,69.8,1952.0,132.7,25.2,0.0
2023-01-21T05:00,98.7,69.2,1806.0,129.9,22.0,0.0
2023-01-21T06:00,88.0,61.5,1590.0,121.4,18.0,1.0
2023-01-21T07:00,82.7,57.9,1469.0,110.5,16.0,3.0
2023-01-21T08:00,80.1,56.0,1345.0,96.2,14.4,7.0
2023-01-21T09:00,74.0,51.8,1154.0,76.3,12.6,18.0
2023-01-21T10:00,57.2,39.9,966.0,61.3,11.9,35.0
2023-01-21T11:00,40.6,28.4,754.0,45.8,11.6,57.0
2023-01-21T12:00,50.4,35.2,591.0,30.0,13.5,108.0
2023-01-21T13:00,37.6,26.2,515.0,23.9,11.7,119.0
2023-01-21T14:00,33.2,23.1,406.0,15.3,9.1,135.0
2023-01-21T15:00,31.1,21.5,290.0,6.7,6.2,149.0
2023-01-21T16:00,28.9,20.0,254.0,4.7,5.2,149.0
2023-01-21T17:00,27.4,19.0,242.0,4.9,4.6,143.0
2023-01-21T18:00,25.2,17.3,252.0,8.9,4.7,131.0
2023-01-21T19:00,24.8,16.9,245.0,13.9,5.7,119.0
2023-01-21T20:00,26.1,17.8,244.0,21.1,7.2,103.0
2023-01-21T21:00,28.1,19.0,389.0,37.8,10.1,79.0
2023-01-21T22:00,37.6,25.7,703.0,60.6,13.4,55.0
2023-01-21T23:00,54.1,37.3,1133.0,89.3,17.2,29.0
2023-01-22T00:00,60.5,41.9,1354.0,121.5,17.9,4.0
2023-01-22T01:00,72.9,50.6,1519.0,128.1,19.2,2.0
2023-01-22T02:00,80.3,56.0,1749.0,137.1,21.0,0.0
2023-01-22T03:00,79.4,55.5,1862.0,138.0,21.8,0.0
2023-01-22T04:00,70.5,49.4,1634.0,121.4,19.7,7.0
2023-01-22T05:00,54.8,38.3,1243.0,95.5,16.3,18.0
2023-01-22T06:00,38.3,26.8,777.0,63.4,11.9,31.0
2023-01-22T07:00,28.3,19.8,577.0,46.2,9.4,35.0
2023-01-22T08:00,22.9,16.0,433.0,31.5,7.0,37.0
2023-01-22T09:00,20.0,14.0,310.0,18.0,4.9,41.0
2023-01-22T10:00,17.4,12.2,280.0,14.8,4.8,47.0
2023-01-22T11:00,15.3,10.7,298.0,16.2,5.3,55.0
2023-01-22T12:00,15.4,10.7,333.0,19.6,6.5,68.0
2023-01-22T13:00,15.9,11.1,310.0,16.1,6.2,84.0
2023-01-22T14:00,17.0,11.8,276.0,11.2,5.8,106.0
2023-01-22T15:00,17.3,12.1,238.0,6.2,5.2,128.0
2023-01-22T16:00,16.4,11.4,216.0,4.2,4.6,132.0
2023-01-22T17:00,14.9,10.4,199.0,3.3,4.0,129.0
2023-01-22T18:00,13.0,9.1,202.0,6.6,3.7,119.0
2023-01-22T19:00,11.2,7.7,179.0,13.6,3.8,105.0
2023-01-22T20:00,13.2,9.1,160.0,23.6,4.4,87.0
2023-01-22T21:00,16.9,11.8,371.0,41.2,6.7,61.0
2023-01-22T22:00,30.2,21.1,918.0,60.8,10.6,41.0
2023-01-22T23:00,55.3,38.6,1670.0,84.1,15.9,20.0
2023-01-23T00:00,87.1,61.0,2489.0,107.2,22.0,3.0
2023-01-23T01:00,85.7,59.8,2195.0,105.1,18.5,2.0
2023-01-23T02:00,60.5,42.4,1776.0,101.9,13.6,1.0
2023-01-23T03:00,51.6,36.1,1314.0,96.8,8.6,0.0
2023-01-23T04:00,43.4,30.4,1160.0,92.4,8.2,0.0
2023-01-23T05:00,46.9,32.8,1093.0,87.3,9.4,0.0
2023-01-23T06:00,51.2,35.9,1030.0,79.8,10.6,2.0
2023-01-23T07:00,52.3,36.6,976.0,73.4,10.2,5.0
2023-01-23T08:00,49.4,34.6,934.0,66.6,9.4,10.0
2023-01-23T09:00,45.4,31.8,854.0,56.7,8.6,22.0
2023-01-23T10:00,48.5,34.0,747.0,48.3,8.7,38.0
2023-01-23T11:00,33.1,23.1,618.0,39.5,9.1,59.0
2023-01-23T12:00,40.9,28.6,521.0,32.5,10.9,86.0
2023-01-23T13:00,36.1,25.2,469.0,26.6,10.2,100.0
2023-01-23T14:00,35.2,24.6,396.0,18.3,9.2,119.0
2023-01-23T15:00,34.7,24.2,314.0,9.9,7.9,138.0
2023-01-23T16:00,32.5,22.7,276.0,7.2,7.1,141.0
2023-01-23T17:00,28.8,20.1,251.0,6.4,6.3,137.0
2023-01-23T18:00,26.1,18.2,256.0,11.2,5.9,126.0
2023-01-23T19:00,27.6,19.2,303.0,22.1,6.5,112.0
2023-01-23T20:00,30.6,21.3,379.0,37.5,7.7,93.0
2023-01-23T21:00,34.3,23.9,492.0,56.6,9.1,69.0
2023-01-23T22:00,38.0,26.5,585.0,67.8,9.7,53.0
2023-01-23T23:00,41.1,28.7,687.0,77.8,10.2,37.0
2023-01-24T00:00,44.8,31.3,950.0,86.9,10.9,16.0
2023-01-24T01:00,42.1,29.4,891.0,82.6,10.8,18.0
2023-01-24T02:00,40.7,28.3,807.0,76.3,10.6,22.0
2023-01-24T03:00,38.2,26.5,716.0,67.8,10.3,26.0
2023-01-24T04:00,38.5,26.8,684.0,61.3,9.9,28.0
2023-01-24T05:00,34.6,24.1,669.0,54.8,9.6,30.0
2023-01-24T06:00,38.0,26.5,677.0,49.0,9.4,30.0
2023-01-24T07:00,33.8,23.6,724.0,49.5,9.9,25.0
2023-01-24T08:00,39.5,27.6,795.0,52.4,10.6,17.0
2023-01-24T09:00,36.6,25.6,841.0,53.8,11.8,14.0
2023-01-24T10:00,31.1,21.8,795.0,50.0,12.9,21.0
2023-01-24T11:00,25.4,17.8,708.0,43.8,14.1,34.0
2023-01-24T12:00,11.1,7.7,376.0,22.2,7.6,60.0
2023-01-24T13:00,15.4,10.6,365.0,18.6,7.3,84.0
2023-01-24T14:00,20.0,13.8,349.0,13.4,7.0,118.0
2023-01-24T15:00,21.5,14.9,324.0,8.4,6.4,149.0
2023-01-24T16:00,19.0,13.2,299.0,7.2,5.8,148.0
2023-01-24T17:00,17.3,12.0,270.0,7.4,5.0,134.0
2023-01-24T18:00,16.8,11.5,253.0,10.6,4.6,112.0
2023-01-24T19:00,17.9,12.2,269.0,16.2,5.3,97.0
2023-01-24T20:00,15.3,10.2,302.0,24.0,6.5,81.0
2023-01-24T21:00,17.3,11.7,352.0,33.5,7.9,61.0
2023-01-24T22:00,17.8,12.0,386.0,38.5,8.5,48.0
2023-01-24T23:00,19.8,13.5,423.0,42.7,8.9,36.0
2023-01-25T00:00,23.3,15.8,378.0,35.2,9.6,31.0
2023-01-25T01:00,23.1,15.7,399.0,37.7,10.4,26.0
2023-01-25T02:00,25.0,17.1,430.0,41.1,11.6,20.0
2023-01-25T03:00,29.2,20.1,477.0,45.0,13.2,12.0
2023-01-25T04:00,33.6,23.2,523.0,47.0,14.5,8.0
2023-01-25T05:00,39.5,27.3,575.0,48.4,15.8,4.0
2023-01-25T06:00,44.1,30.6,614.0,48.0,16.9,3.0
2023-01-25T07:00,44.9,31.2,598.0,44.7,16.6,5.0
2023-01-25T08:00,41.6,28.8,557.0,39.7,15.8,9.0
2023-01-25T09:00,40.5,28.1,501.0,33.0,14.9,21.0
2023-01-25T10:00,31.7,21.8,470.0,29.4,15.2,39.0
2023-01-25T11:00,28.6,19.7,440.0,26.0,15.9,62.0
2023-01-25T12:00,33.1,22.8,454.0,24.1,20.8,107.0
2023-01-25T13:00,31.8,21.9,412.0,19.7,18.5,122.0
2023-01-25T14:00,33.1,22.8,352.0,13.4,15.2,144.0
2023-01-25T15:00,32.5,22.4,291.0,7.2,11.8,167.0
2023-01-25T16:00,31.0,21.4,278.0,5.8,11.1,177.0
2023-01-25T17:00,29.5,20.3,281.0,6.3,11.4,182.0
2023-01-25T18:00,28.1,19.3,291.0,8.8,11.8,179.0
2023-01-25T19:00,25.8,17.7,293.0,11.9,11.6,165.0
2023-01-25T20:00,22.9,15.7,298.0,16.3,11.3,142.0
2023-01-25T21:00,20.1,13.6,320.0,23.2,11.1,110.0
2023-01-25T22:00,18.9,12.9,363.0,30.0,11.2,85.0
2023-01-25T23:00,18.1,12.4,420.0,37.8,11.4,59.0
2023-01-26T00:00,16.9,11.6,498.0,46.5,13.4,31.0
2023-01-26T01:00,16.0,11.0,487.0,45.0,13.6,31.0
2023-01-26T02:00,17.4,12.0,472.0,42.8,13.9,30.0
2023-01-26T03:00,17.9,12.3,446.0,38.9,14.2,31.0
2023-01-26T04:00,18.0,12.4,420.0,34.7,14.4,34.0
2023-01-26T05:00,18.5,12.7,390.0,29.8,14.6,37.0
2023-01-26T06:00,19.6,13.6,360.0,24.5,15.1,41.0
2023-01-26T07:00,20.8,14.4,350.0,22.6,15.8,40.0
2023-01-26T08:00,19.4,13.4,347.0,21.9,16.6,38.0
2023-01-26T09:00,21.1,14.6,363.0,22.0,17.9,43.0
2023-01-26T10:00,25.6,17.7,405.0,24.0,19.0,59.0
2023-01-26T11:00,28.6,19.8,463.0,26.9,20.2,82.0
2023-01-26T12:00,18.0,12.3,439.0,25.1,18.7,105.0
2023-01-26T13:00,21.9,15.1,414.0,21.1,18.0,121.0
2023-01-26T14:00,26.8,18.5,379.0,15.4,17.1,144.0
2023-01-26T15:00,31.2,21.7,339.0,9.5,15.8,169.0
2023-01-26T16:00,32.1,22.3,323.0,7.8,14.9,180.0
2023-01-26T17:00,30.6,21.1,312.0,7.6,13.9,186.0
2023-01-26T18:00,26.6,18.3,302.0,9.2,12.9,182.0
2023-01-26T19:00,22.9,15.7,285.0,11.7,12.4,165.0
2023-01-26T20:00,17.5,11.9,267.0,15.4,11.9,139.0
2023-01-26T21:00,14.9,10.0,285.0,22.7,11.8,102.0
2023-01-26T22:00,16.3,11.0,365.0,31.5,12.5,74.0
2023-01-26T23:00,17.9,12.1,480.0,42.3,13.6,46.0
2023-01-27T00:00,17.2,11.6,552.0,50.8,14.3,21.0
2023-01-27T01:00,19.7,13.4,575.0,50.5,15.1,18.0
2023-01-27T02:00,22.3,15.3,608.0,50.0,16.1,14.0
2023-01-27T03:00,21.5,14.7,621.0,48.3,17.2,11.0
2023-01-27T04:00,20.7,14.1,573.0,45.5,17.5,12.0
2023-01-27T05:00,20.7,14.1,496.0,41.8,17.4,14.0
2023-01-27T06:00,22.8,15.5,442.0,38.8,17.9,16.0
2023-01-27T07:00,26.4,18.2,493.0,40.3,19.3,12.0
2023-01-27T08:00,33.1,22.9,588.0,43.5,21.1,6.0
2023-01-27T09:00,41.9,29.2,666.0,44.7,23.4,13.0
2023-01-27T10:00,38.4,26.7,630.0,40.3,24.4,38.0
2023-01-27T11:00,30.0,20.5,549.0,33.3,25.2,74.0
2023-01-27T12:00,26.8,18.1,419.0,23.0,22.8,118.0
2023-01-27T13:00,31.7,21.6,414.0,19.6,22.6,140.0
2023-01-27T14:00,38.4,26.3,406.0,14.8,22.4,171.0
2023-01-27T15:00,43.7,30.0,398.0,10.1,21.7,204.0
2023-01-27T16:00,46.1,31.7,396.0,9.3,20.9,215.0
2023-01-27T17:00,47.0,32.1,395.0,9.9,19.7,218.0
2023-01-27T18:00,45.1,30.5,390.0,12.4,18.0,208.0
2023-01-27T19:00,41.4,27.9,373.0,15.9,16.6,183.0
2023-01-27T20:00,35.9,23.9,350.0,20.5,15.0,147.0
2023-01-27T21:00,27.7,18.3,353.0,27.4,13.4,100.0
2023-01-27T22:00,22.6,15.0,408.0,33.3,13.0,70.0
2023-01-27T23:00,20.9,14.0,491.0,39.8,13.0,41.0
2023-01-28T00:00,24.4,16.5,553.0,47.4,14.1,16.0
2023-01-28T01:00,23.2,15.7,561.0,47.4,15.1,15.0
2023-01-28T02:00,24.4,16.6,572.0,47.4,16.6,13.0
2023-01-28T03:00,27.2,18.7,578.0,47.0,18.4,12.0
2023-01-28T04:00,28.5,19.7,563.0,45.9,19.1,14.0
2023-01-28T05:00,30.5,21.1,539.0,44.4,19.6,18.0
2023-01-28T06:00,34.1,23.6,537.0,43.8,20.6,21.0
2023-01-28T07:00,40.0,27.8,594.0,46.3,22.4,18.0
2023-01-28T08:00,48.7,33.8,678.0,50.3,24.5,12.0
2023-01-28T09:00,56.9,39.6,739.0,51.8,26.1,16.0
2023-01-28T10:00,55.1,38.2,696.0,46.7,25.6,38.0
2023-01-28T11:00,34.9,24.0,608.0,38.3,24.2,70.0
2023-01-28T12:00,20.8,14.4,381.0,20.2,14.1,82.0
2023-01-28T13:00,23.2,16.2,352.0,18.2,12.3,81.0
2023-01-28T14:00,19.4,13.6,312.0,15.4,9.8,79.0
2023-01-28T15:00,20.7,14.5,288.0,13.8,7.8,81.0
2023-01-28T16:00,24.4,17.0,318.0,15.9,8.9,90.0
2023-01-28T17:00,31.3,21.9,373.0,19.9,11.4,102.0
2023-01-28T18:00,33.9,23.6,441.0,25.6,14.0,115.0
2023-01-28T19:00,36.4,25.4,467.0,29.5,14.2,119.0
2023-01-28T20:00,37.4,26.1,485.0,33.7,13.9,120.0
2023-01-28T21:00,37.3,26.0,521.0,39.7,13.2,116.0
2023-01-28T22:00,42.0,29.3,572.0,45.1,13.0,106.0
2023-01-28T23:00,46.0,32.1,634.0,50.9,12.8,92.0
2023-01-29T00:00,47.4,33.2,800.0,74.3,10.9,44.0
2023-01-29T01:00,53.3,37.3,826.0,75.4,11.1,37.0
2023-01-29T02:00,55.1,38.5,862.0,76.9,11.6,26.0
2023-01-29T03:00,53.8,37.7,876.0,75.4,11.9,16.0
2023-01-29T04:00,54.1,37.8,832.0,68.9,11.8,15.0
2023-01-29T05:00,54.2,38.0,759.0,59.6,11.4,18.0
2023-01-29T06:00,54.1,38.0,676.0,48.7,11.1,21.0
2023-01-29T07:00,52.3,36.7,653.0,44.5,11.0,20.0
2023-01-29T08:00,50.9,35.6,646.0,41.8,11.0,19.0
2023-01-29T09:00,50.9,35.6,614.0,37.5,10.8,24.0
2023-01-29T10:00,47.0,32.9,548.0,31.8,10.4,38.0
2023-01-29T11:00,28.3,19.8,462.0,25.0,9.9,57.0
2023-01-29T12:00,18.6,13.0,349.0,16.9,8.4,76.0
2023-01-29T13:00,17.9,12.5,327.0,14.2,7.8,88.0
2023-01-29T14:00,18.9,13.2,295.0,10.4,6.9,105.0
2023-01-29T15:00,19.0,13.2,264.0,7.1,6.2,123.0
2023-01-29T16:00,18.5,13.0,257.0,6.8,6.1,129.0
2023-01-29T17:00,18.3,12.8,260.0,7.8,6.3,130.0
2023-01-29T18:00,19.4,13.5,279.0,11.4,7.2,129.0
2023-01-29T19:00,21.4,14.9,273.0,14.9,8.4,128.0
2023-01-29T20:00,23.7,16.5,268.0,19.8,10.1,126.0
2023-01-29T21:00,26.1,18.2,414.0,32.2,12.5,113.0
2023-01-29T22:00,38.1,26.6,804.0,52.2,14.9,88.0
2023-01-29T23:00,54.9,38.4,1335.0,77.7,17.6,55.0
2023-01-30T00:00,36.7,25.7,646.0,60.2,11.6,50.0
2023-01-30T01:00,36.6,25.6,590.0,54.7,10.6,49.0
2023-01-30T02:00,30.7,21.5,509.0,46.7,9.1,47.0
2023-01-30T03:00,22.2,15.5,412.0,36.3,7.3,46.0
2023-01-30T04:00,19.8,13.9,363.0,30.0,6.7,47.0
2023-01-30T05:00,19.5,13.6,323.0,24.0,6.2,49.0
2023-01-30T06:00,18.3,12.8,285.0,18.0,5.7,51.0
2023-01-30T07:00,17.1,11.9,268.0,15.2,5.2,51.0
2023-01-30T08:00,15.6,10.9,261.0,13.9,4.8,51.0
2023-01-30T09:00,13.8,9.7,261.0,13.1,4.5,51.0
2023-01-30T10:00,11.8,8.3,271.0,13.9,4.8,52.0
2023-01-30T11:00,12.3,8.6,287.0,15.6,5.5,53.0
2023-01-30T12:00,4.9,3.4,303.0,17.6,5.6,51.0
2023-01-30T13:00,7.8,5.4,281.0,15.2,5.2,57.0
2023-01-30T14:00,10.9,7.7,250.0,11.8,4.8,65.0
2023-01-30T15:00,12.7,8.9,233.0,8.9,5.0,78.0
2023-01-30T16:00,14.7,10.2,258.0,9.2,6.3,93.0
2023-01-30T17:00,20.4,14.2,303.0,10.9,8.2,110.0
2023-01-30T18:00,22.8,15.9,358.0,14.9,10.4,124.0
2023-01-30T19:00,23.5,16.4,338.0,18.1,10.9,123.0
2023-01-30T20:00,23.3,16.2,300.0,22.3,11.1,115.0
2023-01-30T21:00,24.9,17.4,417.0,34.3,12.2,97.0
2023-01-30T22:00,41.4,29.0,816.0,54.8,15.3,75.0
2023-01-30T23:00,66.8,46.7,1370.0,81.2,19.4,48.0
2023-01-31T00:00,43.4,30.4,828.0,71.7,9.1,19.0
2023-01-31T01:00,44.0,30.7,815.0,69.2,9.1,19.0
2023-01-31T02:00,49.8,34.8,794.0,65.4,9.1,19.0
2023-01-31T03:00,38.6,27.0,723.0,57.3,8.9,22.0
2023-01-31T04:00,30.5,21.4,605.0,46.6,8.2,28.0
2023-01-31T05:00,27.1,19.0,451.0,33.3,7.2,35.0
2023-01-31T06:00,25.1,17.6,291.0,19.5,6.2,42.0
2023-01-31T07:00,23.9,16.7,250.0,15.6,5.8,42.0
2023-01-31T08:00,22.7,15.9,249.0,15.0,5.7,39.0
2023-01-31T09:00,21.8,15.3,258.0,15.2,5.6,37.0
2023-01-31T10:00,21.0,14.7,260.0,15.1,5.8,39.0
2023-01-31T11:00,18.9,13.2,268.0,15.4,6.0,42.0
2023-01-31T12:00,15.0,10.5,258.0,13.8,6.0,54.0
2023-01-31T13:00,14.7,10.2,244.0,11.2,5.8,69.0
2023-01-31T14:00,16.5,11.5,225.0,7.7,5.7,90.0
2023-01-31T15:00,18.1,12.6,219.0,6.2,5.8,108.0
2023-01-31T16:00,18.9,13.1,238.0,9.2,6.8,106.0
2023-01-31T17:00,18.5,12.8,272.0,14.5,8.1,96.0
2023-01-31T18:00,21.8,15.1,341.0,25.0,9.6,80.0
2023-01-31T19:00,22.3,15.5,400.0,36.6,10.2,67.0
2023-01-31T20:00,25.1,17.4,471.0,50.8,10.8,52.0
2023-01-31T21:00,32.8,22.9,633.0,67.5,11.3,34.0
2023-01-31T22:00,43.8,30.5,868.0,77.2,11.8,25.0
2023-01-31T23:00,63.1,44.1,1163.0,85.2,12.4,17.0
2023-02-01T00:00,51.7,36.1,1049.0,98.8,9.8,1.0
2023-02-01T01:00,54.9,38.4,1133.0,99.1,9.9,0.0
2023-02-01T02:00,58.6,41.0,1249.0,99.2,10.1,0.0
2023-02-01T03:00,58.6,41.0,1295.0,93.9,9.9,0.0
2023-02-01T04:00,54.8,38.3,1153.0,82.0,9.4,6.0
2023-02-01T05:00,40.2,28.1,918.0,65.6,8.6,14.0
2023-02-01T06:00,35.7,25.0,643.0,46.5,7.8,24.0
2023-02-01T07:00,32.1,22.4,532.0,37.4,7.6,29.0
2023-02-01T08:00,28.0,19.6,458.0,30.6,7.5,32.0
2023-02-01T09:00,25.0,17.5,395.0,25.2,7.6,34.0
2023-02-01T10:00,23.0,16.1,378.0,25.4,7.7,31.0
2023-02-01T11:00,18.7,13.1,385.0,28.2,8.0,25.0
2023-02-01T12:00,12.3,8.6,369.0,28.1,7.1,29.0
2023-02-01T13:00,13.4,9.4,341.0,23.2,7.1,48.0
2023-02-01T14:00,15.6,10.9,301.0,16.4,7.1,75.0
2023-02-01T15:00,18.6,13.0,257.0,9.1,6.9,104.0
2023-02-01T16:00,20.0,14.0,233.0,5.8,6.3,114.0
2023-02-01T17:00,19.3,13.4,214.0,3.8,5.7,118.0
2023-02-01T18:00,17.4,12.1,224.0,7.2,5.1,113.0
2023-02-01T19:00,16.2,11.3,257.0,17.4,5.2,98.0
2023-02-01T20:00,18.6,12.9,310.0,32.2,5.8,76.0
2023-02-01T21:00,24.0,16.7,454.0,52.0,6.6,48.0
2023-02-01T22:00,36.1,25.2,675.0,65.8,7.1,31.0
2023-02-01T23:00,43.7,30.5,957.0,79.7,7.6,15.0
2023-02-02T00:00,60.1,41.9,1325.0,100.6,10.2,0.0
2023-02-02T01:00,57.2,39.9,1185.0,93.1,9.9,2.0
2023-02-02T02:00,48.7,34.1,985.0,82.3,9.5,5.0
2023-02-02T03:00,38.6,27.0,747.0,67.5,8.9,10.0
2023-02-02T04:00,34.0,23.7,629.0,56.7,8.6,16.0
2023-02-02T05:00,32.0,22.4,537.0,45.6,8.2,23.0
2023-02-02T06:00,29.3,20.5,457.0,34.6,8.0,29.0
2023-02-02T07:00,27.8,19.4,441.0,31.3,7.9,29.0
2023-02-02T08:00,28.5,20.0,457.0,30.9,8.0,27.0
2023-02-02T09:00,30.4,21.2,475.0,31.6,8.4,24.0
2023-02-02T10:00,27.4,19.2,473.0,32.8,9.0,22.0
2023-02-02T11:00,26.9,18.8,467.0,34.8,9.9,21.0
2023-02-02T12:00,32.2,22.4,456.0,29.0,10.9,74.0
2023-02-02T13:00,26.8,18.6,407.0,25.0,9.7,74.0
2023-02-02T14:00,23.3,16.1,337.0,19.3,7.9,75.0
2023-02-02T15:00,24.3,16.8,266.0,13.2,6.2,80.0
2023-02-02T16:00,26.3,18.2,248.0,10.2,6.2,92.0
2023-02-02T17:00,24.3,16.9,248.0,8.2,6.7,108.0
2023-02-02T18:00,23.4,16.2,271.0,11.1,7.3,115.0
2023-02-02T19:00,20.9,14.5,309.0,21.5,7.7,98.0
2023-02-02T20:00,19.4,13.5,364.0,36.5,8.1,70.0
2023-02-02T21:00,23.2,16.1,443.0,52.9,8.5,38.0
2023-02-02T22:00,30.4,21.2,516.0,58.8,8.9,27.0
2023-02-02T23:00,29.8,20.8,595.0,61.5,9.4,21.0
2023-02-03T00:00,17.7,12.4,470.0,40.5,5.3,26.0
2023-02-03T01:00,15.0,10.4,426.0,36.8,5.3,29.0
2023-02-03T02:00,13.5,9.4,363.0,31.4,5.3,32.0
2023-02-03T03:00,11.3,7.9,290.0,24.4,5.3,37.0
2023-02-03T04:00,10.4,7.3,256.0,19.8,5.2,40.0
2023-02-03T05:00,10.4,7.3,231.0,15.4,5.2,43.0
2023-02-03T06:00,10.8,7.5,210.0,11.4,5.1,46.0
2023-02-03T07:00,11.2,7.8,202.0,10.1,5.0,45.0
2023-02-03T08:00,12.3,8.6,200.0,10.1,4.9,43.0
2023-02-03T09:00,13.0,9.1,216.0,11.9,5.2,42.0
2023-02-03T10:00,14.2,10.0,255.0,15.8,5.8,42.0
2023-02-03T11:00,15.9,11.1,310.0,21.1,6.7,43.0
2023-02-03T12:00,18.5,12.9,459.0,36.2,5.7,19.0
2023-02-03T13:00,17.4,12.2,400.0,28.5,5.7,42.0
2023-02-03T14:00,21.2,14.8,315.0,17.8,5.7,76.0
2023-02-03T15:00,21.3,14.8,224.0,6.7,5.4,110.0
2023-02-03T16:00,19.1,13.2,193.0,3.3,4.8,119.0
2023-02-03T17:00,17.2,11.8,179.0,2.6,4.1,119.0
2023-02-03T18:00,15.7,10.8,186.0,6.1,3.5,110.0
2023-02-03T19:00,14.5,9.9,212.0,13.7,3.9,96.0
2023-02-03T20:00,14.5,9.9,254.0,24.6,4.7,75.0
2023-02-03T21:00,16.8,11.4,322.0,37.4,5.8,51.0
2023-02-03T22:00,18.6,12.7,392.0,43.5,6.8,40.0
2023-02-03T23:00,19.9,13.6,473.0,47.9,7.9,32.0
2023-02-04T00:00,23.2,15.9,387.0,35.6,6.8,46.0
2023-02-04T01:00,19.0,13.0,346.0,30.5,6.1,49.0
2023-02-04T02:00,15.0,10.3,288.0,23.4,5.0,52.0
2023-02-04T03:00,11.9,8.2,222.0,15.0,3.9,57.0
2023-02-04T04:00,10.2,7.1,195.0,11.1,3.7,60.0
2023-02-04T05:00,9.6,6.7,177.0,8.2,3.7,64.0
2023-02-04T06:00,9.7,6.8,165.0,6.0,3.9,66.0
2023-02-04T07:00,10.2,7.1,162.0,5.4,4.1,65.0
2023-02-04T08:00,10.6,7.4,165.0,5.8,4.2,64.0
2023-02-04T09:00,10.7,7.4,183.0,7.8,4.6,59.0
2023-02-04T10:00,11.0,7.7,216.0,11.4,4.9,52.0
2023-02-04T11:00,12.0,8.4,260.0,16.2,5.3,44.0
2023-02-04T12:00,9.2,6.4,291.0,19.1,5.8,43.0
2023-02-04T13:00,9.1,6.3,273.0,16.2,5.4,48.0
2023-02-04T14:00,10.5,7.3,247.0,12.1,4.9,56.0
2023-02-04T15:00,11.9,8.3,218.0,7.8,4.2,64.0
2023-02-04T16:00,12.8,8.9,202.0,5.7,3.8,67.0
2023-02-04T17:00,11.9,8.3,190.0,4.4,3.3,69.0
2023-02-04T18:00,10.9,7.6,202.0,6.7,3.0,65.0
2023-02-04T19:00,13.5,9.5,250.0,14.2,3.3,54.0
2023-02-04T20:00,12.0,8.4,320.0,25.0,3.8,39.0
2023-02-04T21:00,14.3,10.0,403.0,36.2,4.4,22.0
2023-02-04T22:00,15.1,10.6,444.0,38.7,4.8,16.0
2023-02-04T23:00,15.4,10.7,476.0,38.5,4.9,13.0
2023-02-05T00:00,30.3,21.2,562.0,44.5,6.1,12.0
2023-02-05T01:00,29.5,20.6,524.0,42.1,6.2,14.0
2023-02-05T02:00,28.1,19.7,471.0,38.7,6.6,16.0
2023-02-05T03:00,26.6,18.6,407.0,33.7,6.9,19.0
2023-02-05T04:00,25.7,18.0,378.0,29.5,7.1,22.0
2023-02-05T05:00,25.4,17.8,356.0,25.0,7.2,25.0
2023-02-05T06:00,25.4,17.8,333.0,20.2,7.1,28.0
2023-02-05T07:00,25.2,17.6,315.0,17.8,6.7,29.0
2023-02-05T08:00,22.6,15.8,301.0,16.0,5.9,30.0
2023-02-05T09:00,14.4,10.1,298.0,15.6,5.2,30.0
2023-02-05T10:00,12.1,8.5,325.0,18.0,5.2,28.0
2023-02-05T11:00,11.5,8.1,367.0,22.0,5.2,26.0
2023-02-05T12:00,15.0,10.5,343.0,17.9,6.1,44.0
2023-02-05T13:00,15.2,10.6,315.0,15.1,5.2,47.0
2023-02-05T14:00,15.2,10.6,276.0,11.4,3.9,52.0
2023-02-05T15:00,14.2,9.9,239.0,7.6,2.8,60.0
2023-02-05T16:00,16.0,11.2,233.0,6.0,3.0,72.0
2023-02-05T17:00,18.7,13.1,240.0,5.2,3.8,87.0
2023-02-05T18:00,16.5,11.6,267.0,8.6,4.7,94.0
2023-02-05T19:00,15.7,11.0,305.0,17.5,5.1,80.0
2023-02-05T20:00,16.3,11.4,356.0,29.9,5.4,55.0
2023-02-05T21:00,17.5,12.2,431.0,43.1,5.8,27.0
2023-02-05T22:00,18.2,12.7,501.0,47.0,6.0,17.0
2023-02-05T23:00,20.9,14.6,578.0,48.1,6.2,12.0
2023-02-06T00:00,40.5,28.4,1033.0,60.8,7.5,1.0
2023-02-06T01:00,42.1,29.5,950.0,57.7,7.5,3.0
2023-02-06T02:00,38.9,27.2,832.0,53.0,7.5,7.0
2023-02-06T03:00,32.0,22.4,671.0,45.0,7.2,13.0
2023-02-06T04:00,26.0,18.2,552.0,36.3,6.7,20.0
2023-02-06T05:00,22.4,15.7,430.0,26.1,5.9,27.0
2023-02-06T06:00,21.8,15.3,326.0,16.9,5.3,34.0
2023-02-06T07:00,23.5,16.5,331.0,16.9,5.3,32.0
2023-02-06T08:00,26.5,18.6,383.0,20.5,5.6,26.0
2023-02-06T09:00,29.6,20.7,437.0,24.4,6.1,24.0
2023-02-06T10:00,26.7,18.7,435.0,24.3,6.8,32.0
2023-02-06T11:00,25.3,17.7,417.0,23.0,7.7,44.0
2023-02-06T12:00,27.1,18.9,400.0,21.4,9.2,74.0
2023-02-06T13:00,27.5,19.2,353.0,17.9,7.8,78.0
2023-02-06T14:00,26.3,18.3,287.0,12.9,5.7,83.0
2023-02-06T15:00,21.9,15.3,224.0,8.3,3.8,90.0
2023-02-06T16:00,24.9,17.4,217.0,7.2,3.7,97.0
2023-02-06T17:00,28.1,19.7,232.0,7.5,4.2,106.0
2023-02-06T18:00,26.8,18.7,273.0,12.5,5.1,109.0
2023-02-06T19:00,27.5,19.2,309.0,21.4,5.4,101.0
2023-02-06T20:00,29.4,20.5,357.0,33.6,5.6,86.0
2023-02-06T21:00,30.4,21.1,474.0,51.1,6.8,65.0
2023-02-06T22:00,33.8,23.6,636.0,64.9,9.1,48.0
2023-02-06T23:00,41.3,28.8,841.0,79.6,12.2,31.0
2023-02-07T00:00,55.5,38.8,1081.0,94.8,12.3,4.0
2023-02-07T01:00,68.0,47.5,1229.0,101.0,14.1,3.0
2023-02-07T02:00,73.3,51.3,1438.0,109.8,16.7,2.0
2023-02-07T03:00,81.5,56.9,1635.0,118.2,19.2,0.0
2023-02-07T04:00,84.3,58.9,1654.0,120.1,19.2,0.0
2023-02-07T05:00,82.2,57.5,1607.0,119.6,18.4,0.0
2023-02-07T06:00,82.7,57.9,1478.0,112.6,17.7,0.0
2023-02-07T07:00,84.5,59.1,1322.0,99.5,18.0,4.0
2023-02-07T08:00,77.1,53.9,1119.0,81.5,18.6,10.0
2023-02-07T09:00,58.4,40.9,882.0,59.7,19.9,25.0
2023-02-07T10:00,42.7,29.9,770.0,48.6,21.8,45.0
2023-02-07T11:00,32.2,22.6,689.0,39.7,24.1,70.0
2023-02-07T12:00,43.0,30.0,647.0,35.6,25.8,108.0
2023-02-07T13:00,41.0,28.6,595.0,28.8,23.0,131.0
2023-02-07T14:00,43.9,30.7,522.0,19.2,19.1,164.0
2023-02-07T15:00,43.7,30.5,436.0,10.3,14.1,188.0
2023-02-07T16:00,45.6,31.9,395.0,9.8,11.1,175.0
2023-02-07T17:00,37.6,26.3,364.0,12.5,8.3,146.0
2023-02-07T18:00,33.4,23.2,343.0,18.4,5.7,108.0
2023-02-07T19:00,30.4,21.1,342.0,24.0,4.9,89.0
2023-02-07T20:00,24.0,16.7,354.0,31.1,4.8,71.0
2023-02-07T21:00,19.8,13.8,397.0,40.9,5.5,51.0
2023-02-07T22:00,17.9,12.3,465.0,49.2,6.7,37.0
2023-02-07T23:00,18.0,12.5,554.0,58.0,8.5,25.0
2023-02-08T00:00,20.0,13.9,694.0,70.9,12.6,8.0
2023-02-08T01:00,22.5,15.7,749.0,71.0,13.1,7.0
2023-02-08T02:00,25.4,17.7,826.0,71.1,13.7,6.0
2023-02-08T03:00,28.2,19.7,889.0,70.0,14.4,5.0
2023-02-08T04:00,29.4,20.5,872.0,68.2,14.6,6.0
2023-02-08T05:00,29.7,20.8,821.0,65.6,14.7,8.0
2023-02-08T06:00,34.0,23.8,745.0,60.1,15.0,13.0
2023-02-08T07:00,38.9,27.1,690.0,53.3,15.8,18.0
2023-02-08T08:00,37.7,26.3,630.0,45.0,16.7,23.0
2023-02-08T09:00,32.5,22.6,567.0,35.8,17.8,36.0
2023-02-08T10:00,28.3,19.7,546.0,32.7,18.8,52.0
2023-02-08T11:00,22.9,15.9,540.0,31.4,19.7,73.0
2023-02-08T12:00,32.7,22.8,630.0,35.2,26.1,128.0
2023-02-08T13:00,29.7,20.8,571.0,28.0,23.3,149.0
2023-02-08T14:00,31.4,21.9,488.0,17.9,19.4,178.0
2023-02-08T15:00,33.1,23.1,392.0,8.0,14.5,202.0
2023-02-08T16:00,31.4,21.9,351.0,6.6,11.7,193.0
2023-02-08T17:00,29.6,20.6,324.0,8.2,9.3,171.0
2023-02-08T18:00,27.4,19.0,308.0,12.3,7.4,142.0
2023-02-08T19:00,26.4,18.2,309.0,15.8,7.3,129.0
2023-02-08T20:00,24.0,16.5,323.0,20.5,8.2,118.0
2023-02-08T21:00,20.9,14.3,361.0,28.3,9.8,99.0
2023-02-08T22:00,19.6,13.3,414.0,36.7,11.1,76.0
2023-02-08T23:00,18.0,12.3,482.0,46.6,12.6,50.0
2023-02-09T00:00,20.5,14.0,640.0,60.6,15.9,17.0
2023-02-09T01:00,21.2,14.5,650.0,60.3,16.8,14.0
2023-02-09T02:00,22.9,15.7,665.0,59.9,18.1,10.0
2023-02-09T03:00,23.7,16.4,672.0,58.4,19.6,6.0
2023-02-09T04:00,25.2,17.4,648.0,55.6,20.1,7.0
2023-02-09T05:00,27.5,19.1,610.0,51.9,20.5,11.0
2023-02-09T06:00,29.8,20.7,602.0,48.9,21.0,14.0
2023-02-09T07:00,35.3,24.6,676.0,50.4,21.7,10.0
2023-02-09T08:00,43.7,30.4,790.0,53.6,22.5,4.0
2023-02-09T09:00,57.4,40.2,875.0,54.7,23.3,11.0
2023-02-09T10:00,70.3,49.1,827.0,50.1,23.7,40.0
2023-02-09T11:00,44.7,31.1,722.0,42.8,23.9,81.0
2023-02-09T12:00,35.9,25.0,623.0,36.9,23.1,131.0
2023-02-09T13:00,36.2,25.2,566.0,29.5,21.2,153.0
2023-02-09T14:00,36.9,25.7,485.0,19.1,18.4,183.0
2023-02-09T15:00,39.9,27.9,398.0,8.6,15.1,213.0
2023-02-09T16:00,40.7,28.4,368.0,6.3,13.3,217.0
2023-02-09T17:00,39.6,27.6,355.0,6.8,11.9,212.0
2023-02-09T18:00,38.8,27.0,363.0,10.9,11.1,199.0
2023-02-09T19:00,38.6,26.9,391.0,16.9,12.1,187.0
2023-02-09T20:00,38.1,26.4,437.0,25.3,13.9,172.0
2023-02-09T21:00,39.1,27.1,507.0,37.0,16.1,146.0
2023-02-09T22:00,39.8,27.6,566.0,45.9,16.6,120.0
2023-02-09T23:00,37.0,25.7,632.0,55.1,16.7,90.0
2023-02-10T00:00,39.9,27.6,871.0,81.3,20.9,38.0
2023-02-10T01:00,39.5,27.4,871.0,80.6,21.0,29.0
2023-02-10T02:00,40.2,27.8,871.0,79.6,21.2,16.0
2023-02-10T03:00,41.6,28.9,880.0,77.8,21.7,3.0
2023-02-10T04:00,45.5,31.7,900.0,76.2,22.4,0.0
2023-02-10T05:00,51.5,35.9,927.0,74.3,23.3,1.0
2023-02-10T06:00,55.2,38.5,959.0,71.5,24.1,3.0
2023-02-10T07:00,56.2,39.2,990.0,70.2,24.3,2.0
2023-02-10T08:00,58.7,41.1,1022.0,68.9,24.4,2.0
2023-02-10T09:00,64.3,45.1,998.0,63.8,23.7,13.0
2023-02-10T10:00,64.0,44.8,880.0,54.7,22.5,38.0
2023-02-10T11:00,37.8,26.4,706.0,42.7,20.7,73.0
2023-02-10T12:00,26.7,18.6,530.0,30.0,18.3,116.0
2023-02-10T13:00,27.4,19.1,481.0,24.0,16.4,134.0
2023-02-10T14:00,31.2,21.7,411.0,15.6,13.6,158.0
2023-02-10T15:00,31.4,21.9,340.0,8.2,10.3,178.0
2023-02-10T16:00,28.5,19.8,323.0,8.7,8.6,170.0
2023-02-10T17:00,29.9,20.8,324.0,12.3,7.2,150.0
2023-02-10T18:00,30.0,20.8,350.0,19.4,6.5,127.0
2023-02-10T19:00,30.3,20.9,389.0,25.9,7.5,123.0
2023-02-10T20:00,30.9,21.2,444.0,33.7,9.4,123.0
2023-02-10T21:00,34.0,23.3,536.0,45.0,11.8,119.0
2023-02-10T22:00,34.9,24.0,622.0,54.1,12.9,108.0
2023-02-10T23:00,37.1,25.6,721.0,63.7,13.8,92.0
2023-02-11T00:00,34.6,23.9,646.0,51.3,12.0,87.0
2023-02-11T01:00,47.0,32.6,745.0,62.0,13.1,72.0
2023-02-11T02:00,56.9,39.6,884.0,77.1,14.7,51.0
2023-02-11T03:00,56.3,39.3,1017.0,89.8,16.3,30.0
2023-02-11T04:00,58.3,40.7,1014.0,86.1,16.7,27.0
2023-02-11T05:00,62.6,43.9,963.0,75.8,16.6,29.0
2023-02-11T06:00,64.5,45.1,922.0,64.7,16.4,31.0
2023-02-11T07:00,69.8,48.9,976.0,64.4,16.2,25.0
2023-02-11T08:00,75.9,53.1,1064.0,67.0,15.9,16.0
2023-02-11T09:00,80.1,56.0,1102.0,67.3,15.5,14.0
2023-02-11T10:00,81.0,56.7,1002.0,61.5,15.2,27.0
2023-02-11T11:00,61.9,43.3,836.0,52.9,14.9,48.0
2023-02-11T12:00,37.5,26.2,580.0,36.9,13.7,71.0
2023-02-11T13:00,31.1,21.7,525.0,31.9,12.9,77.0
2023-02-11T14:00,29.0,20.3,448.0,24.9,11.7,86.0
2023-02-11T15:00,29.8,20.8,371.0,18.4,10.4,96.0
2023-02-11T16:00,31.5,22.0,352.0,16.5,9.9,100.0
2023-02-11T17:00,31.8,22.1,353.0,16.6,9.6,103.0
2023-02-11T18:00,33.1,23.1,398.0,24.3,9.3,98.0
2023-02-11T19:00,34.1,23.8,473.0,40.3,9.0,83.0
2023-02-11T20:00,37.0,25.8,579.0,62.4,8.8,61.0
2023-02-11T21:00,43.4,30.3,746.0,88.6,9.0,35.0
2023-02-11T22:00,50.3,35.2,916.0,102.8,10.0,22.0
2023-02-11T23:00,55.1,38.5,1111.0,114.5,11.6,13.0
2023-02-12T00:00,60.5,42.4,1253.0,103.4,15.8,0.0
2023-02-12T01:00,68.7,48.0,1321.0,106.0,16.0,1.0
2023-02-12T02:00,73.1,51.2,1417.0,109.6,16.2,2.0
2023-02-12T03:00,71.5,50.1,1498.0,111.8,16.1,3.0
2023-02-12T04:00,60.3,42.3,1477.0,109.5,15.3,3.0
2023-02-12T05:00,56.6,39.6,1415.0,105.0,14.1,3.0
2023-02-12T06:00,57.3,40.2,1337.0,98.5,12.7,3.0
2023-02-12T07:00,54.2,38.0,1327.0,94.8,12.2,1.0
2023-02-12T08:00,51.1,35.7,1331.0,91.2,11.9,0.0
2023-02-12T09:00,56.8,39.8,1261.0,82.9,11.8,2.0
2023-02-12T10:00,57.6,40.3,1087.0,71.6,12.2,14.0
2023-02-12T11:00,45.6,31.9,850.0,57.5,12.8,31.0
2023-02-12T12:00,49.0,34.2,843.0,59.0,14.9,84.0
2023-02-12T13:00,43.3,30.3,707.0,47.6,13.3,84.0
2023-02-12T14:00,30.3,21.1,514.0,31.5,11.1,85.0
2023-02-12T15:00,24.2,16.9,310.0,14.7,8.6,87.0
2023-02-12T16:00,23.6,16.5,254.0,10.0,7.8,91.0
2023-02-12T17:00,22.1,15.4,243.0,9.1,7.4,97.0
2023-02-12T18:00,20.4,14.3,263.0,12.9,7.0,97.0
2023-02-12T19:00,20.2,14.1,288.0,19.9,6.5,88.0
2023-02-12T20:00,21.9,15.3,332.0,30.1,5.9,73.0
2023-02-12T21:00,24.6,17.2,428.0,45.2,5.8,52.0
2023-02-12T22:00,30.2,21.1,546.0,57.7,6.5,38.0
2023-02-12T23:00,32.9,23.1,692.0,71.3,7.6,23.0
2023-02-13T00:00,42.7,29.9,772.0,77.7,8.7,10.0
2023-02-13T01:00,46.6,32.6,818.0,78.6,9.2,8.0
2023-02-13T02:00,47.6,33.3,884.0,79.9,9.9,4.0
2023-02-13T03:00,42.7,29.9,942.0,79.7,10.4,1.0
2023-02-13T04:00,40.4,28.3,940.0,77.3,9.9,0.0
2023-02-13T05:00,36.0,25.1,915.0,73.4,9.0,0.0
2023-02-13T06:00,33.4,23.4,863.0,66.9,8.1,2.0
2023-02-13T07:00,35.2,24.6,815.0,60.9,8.1,4.0
2023-02-13T08:00,34.2,23.9,756.0,53.8,8.3,7.0
2023-02-13T09:00,34.0,23.8,666.0,44.5,8.7,15.0
2023-02-13T10:00,22.8,15.9,584.0,37.8,8.9,25.0
2023-02-13T11:00,20.6,14.4,493.0,31.2,9.1,37.0
2023-02-13T12:00,15.7,11.0,380.0,22.6,7.1,55.0
2023-02-13T13:00,16.8,11.7,346.0,18.5,6.5,69.0
2023-02-13T14:00,18.7,13.1,298.0,12.7,5.7,88.0
2023-02-13T15:00,17.9,12.5,249.0,7.4,4.8,105.0
2023-02-13T16:00,16.7,11.6,235.0,6.7,4.5,103.0
2023-02-13T17:00,16.5,11.5,234.0,7.8,4.3,93.0
2023-02-13T18:00,15.8,11.1,259.0,13.3,4.6,79.0
2023-02-13T19:00,16.0,11.2,251.0,21.1,5.2,71.0
2023-02-13T20:00,18.0,12.5,246.0,31.7,6.1,64.0
2023-02-13T21:00,21.8,15.2,469.0,48.4,8.0,51.0
2023-02-13T22:00,37.5,26.2,1013.0,64.9,10.6,36.0
2023-02-13T23:00,64.7,45.3,1757.0,83.7,13.9,18.0
2023-02-14T00:00,69.8,48.9,1910.0,91.4,12.4,0.0
2023-02-14T01:00,72.9,51.0,1818.0,90.1,11.4,0.0
2023-02-14T02:00,68.5,47.8,1684.0,88.1,10.1,0.0
2023-02-14T03:00,59.6,41.7,1466.0,81.7,8.6,1.0
2023-02-14T04:00,51.9,36.3,1254.0,71.4,8.2,7.0
2023-02-14T05:00,47.1,33.1,1011.0,57.9,8.0,15.0
2023-02-14T06:00,45.6,31.9,759.0,43.7,8.1,24.0
2023-02-14T07:00,47.0,32.8,687.0,39.9,8.2,24.0
2023-02-14T08:00,46.9,32.8,675.0,39.4,8.5,22.0
2023-02-14T09:00,45.1,31.5,653.0,38.0,8.9,26.0
2023-02-14T10:00,47.4,33.2,594.0,34.3,9.4,41.0
2023-02-14T11:00,38.9,27.2,524.0,29.6,10.1,62.0
2023-02-14T12:00,22.8,15.8,415.0,23.3,9.1,85.0
2023-02-14T13:00,19.6,13.6,365.0,18.6,7.8,92.0
2023-02-14T14:00,17.5,12.2,295.0,11.9,5.9,103.0
2023-02-14T15:00,14.8,10.3,220.0,5.2,4.0,112.0
2023-02-14T16:00,13.4,9.3,194.0,3.1,3.5,112.0
2023-02-14T17:00,12.5,8.7,184.0,2.6,3.4,107.0
2023-02-14T18:00,11.7,8.1,200.0,6.9,3.6,96.0
2023-02-14T19:00,11.8,8.2,221.0,16.0,4.0,81.0
2023-02-14T20:00,14.0,9.7,256.0,28.7,4.6,62.0
2023-02-14T21:00,17.5,12.2,398.0,45.5,5.7,39.0
2023-02-14T22:00,27.8,19.4,664.0,57.2,6.9,25.0
2023-02-14T23:00,41.1,28.7,1014.0,68.7,8.3,12.0
2023-02-15T00:00,41.8,29.2,1193.0,72.7,7.8,2.0
2023-02-15T01:00,37.6,26.3,1100.0,68.9,7.7,5.0
2023-02-15T02:00,36.4,25.4,966.0,63.3,7.6,8.0
2023-02-15T03:00,34.6,24.2,783.0,54.5,7.5,15.0
2023-02-15T04:00,31.8,22.2,654.0,46.3,7.6,22.0
2023-02-15T05:00,28.4,19.8,523.0,37.0,7.9,30.0
2023-02-15T06:00,24.5,17.1,387.0,26.7,8.2,40.0
2023-02-15T07:00,21.7,15.0,333.0,21.9,8.4,45.0
2023-02-15T08:00,19.7,13.7,307.0,18.7,8.5,48.0
2023-02-15T09:00,18.9,13.1,298.0,16.5,8.6,54.0
2023-02-15T10:00,19.9,13.8,315.0,17.4,8.7,60.0
2023-02-15T11:00,21.0,14.5,350.0,20.0,8.7,67.0
2023-02-15T12:00,17.5,12.0,356.0,20.4,8.6,77.0
2023-02-15T13:00,15.8,10.9,322.0,16.4,7.6,87.0
2023-02-15T14:00,15.3,10.5,273.0,10.8,6.1,100.0
2023-02-15T15:00,15.1,10.4,220.0,5.3,4.4,112.0
2023-02-15T16:00,14.8,10.2,200.0,3.7,3.7,111.0
2023-02-15T17:00,13.9,9.5,189.0,3.6,3.2,105.0
2023-02-15T18:00,12.4,8.6,200.0,7.5,3.2,91.0
2023-02-15T19:00,14.0,9.6,237.0,15.8,3.8,75.0
2023-02-15T20:00,14.7,10.2,294.0,27.2,4.7,54.0
2023-02-15T21:00,15.7,10.9,367.0,39.5,6.0,32.0
2023-02-15T22:00,16.4,11.4,418.0,43.5,6.7,25.0
2023-02-15T23:00,17.9,12.5,468.0,45.0,7.4,22.0
2023-02-16T00:00,29.6,20.7,752.0,64.3,11.0,14.0
2023-02-16T01:00,24.0,16.7,635.0,54.4,9.3,21.0
2023-02-16T02:00,17.5,12.3,470.0,40.2,7.0,31.0
2023-02-16T03:00,12.6,8.8,289.0,24.0,4.5,42.0
2023-02-16T04:00,11.7,8.2,232.0,17.2,3.9,47.0
2023-02-16T05:00,11.7,8.1,211.0,12.7,3.8,52.0
2023-02-16T06:00,9.7,6.8,197.0,8.8,3.9,55.0
2023-02-16T07:00,7.1,5.0,182.0,6.9,3.7,56.0
2023-02-16T08:00,6.3,4.4,173.0,6.2,3.4,55.0
2023-02-16T09:00,5.9,4.2,177.0,7.1,3.4,53.0
2023-02-16T10:00,7.3,5.1,203.0,10.2,3.8,49.0
2023-02-16T11:00,8.8,6.2,241.0,14.8,4.5,43.0
2023-02-16T12:00,15.9,11.1,281.0,17.9,4.7,35.0
2023-02-16T13:00,17.1,11.9,275.0,16.2,4.7,42.0
2023-02-16T14:00,18.7,13.0,267.0,13.9,4.8,51.0
2023-02-16T15:00,21.7,15.2,257.0,11.6,4.6,59.0
2023-02-16T16:00,18.7,13.1,248.0,10.6,4.1,59.0
2023-02-16T17:00,15.6,10.9,238.0,10.0,3.4,56.0
2023-02-16T18:00,17.6,12.3,244.0,12.5,3.0,49.0
2023-02-16T19:00,18.7,13.0,274.0,19.2,3.6,42.0
2023-02-16T20:00,20.7,14.4,320.0,28.5,4.7,34.0
2023-02-16T21:00,23.0,16.1,378.0,38.3,5.8,24.0
2023-02-16T22:00,23.3,16.2,418.0,40.9,6.0,19.0
2023-02-16T23:00,24.0,16.8,457.0,41.3,6.0,15.0
2023-02-17T00:00,29.2,20.4,574.0,45.1,7.8,12.0
2023-02-17T01:00,30.2,21.0,529.0,42.0,8.1,15.0
2023-02-17T02:00,28.2,19.7,464.0,37.5,8.4,19.0
2023-02-17T03:00,25.3,17.6,382.0,30.9,8.6,25.0
2023-02-17T04:00,23.4,16.3,334.0,25.5,8.2,28.0
2023-02-17T05:00,22.3,15.5,291.0,19.8,7.5,32.0
2023-02-17T06:00,21.2,14.7,248.0,13.8,6.7,35.0
2023-02-17T07:00,20.2,14.0,228.0,11.3,6.5,37.0
2023-02-17T08:00,19.2,13.3,219.0,10.0,6.4,38.0
2023-02-17T09:00,18.4,12.7,227.0,10.5,6.5,40.0
2023-02-17T10:00,18.7,12.9,265.0,14.2,6.8,39.0
2023-02-17T11:00,19.8,13.7,321.0,19.7,7.3,38.0
2023-02-17T12:00,21.0,14.6,356.0,20.0,7.5,59.0
2023-02-17T13:00,18.9,13.0,322.0,16.4,6.9,68.0
2023-02-17T14:00,18.9,13.1,273.0,11.4,6.0,82.0
2023-02-17T15:00,17.5,12.1,227.0,7.3,5.1,93.0
2023-02-17T16:00,15.4,10.7,223.0,8.0,4.7,92.0
2023-02-17T17:00,12.7,8.8,234.0,10.7,4.5,85.0
2023-02-17T18:00,16.1,11.2,261.0,16.3,4.7,75.0
2023-02-17T19:00,17.9,12.4,283.0,22.2,5.5,69.0
2023-02-17T20:00,17.5,12.2,311.0,29.4,6.7,63.0
2023-02-17T21:00,18.2,12.7,377.0,38.7,8.3,53.0
2023-02-17T22:00,22.5,15.7,468.0,45.4,9.2,44.0
2023-02-17T23:00,25.0,17.5,583.0,51.9,10.1,33.0
2023-02-18T00:00,79.9,55.8,2268.0,86.2,20.6,0.0
2023-02-18T01:00,86.6,60.5,2185.0,85.5,19.8,0.0
2023-02-18T02:00,93.6,65.4,2064.0,84.3,18.7,0.0
2023-02-18T03:00,68.0,47.5,1826.0,79.3,16.9,3.0
2023-02-18T04:00,48.9,34.2,1526.0,69.6,15.1,10.0
2023-02-18T05:00,45.8,32.0,1160.0,56.7,13.1,19.0
2023-02-18T06:00,49.5,34.7,826.0,45.5,11.5,27.0
2023-02-18T07:00,54.0,37.8,840.0,47.1,12.1,23.0
2023-02-18T08:00,59.8,41.9,989.0,53.9,13.7,15.0
2023-02-18T09:00,66.4,46.4,1118.0,61.9,15.3,10.0
2023-02-18T10:00,70.3,49.2,1047.0,65.5,15.2,15.0
2023-02-18T11:00,60.8,42.5,907.0,68.3,14.6,25.0
2023-02-18T12:00,48.4,33.9,862.0,75.9,15.3,39.0
2023-02-18T13:00,42.5,29.7,754.0,64.4,14.1,43.0
2023-02-18T14:00,39.3,27.4,599.0,48.0,12.3,49.0
2023-02-18T15:00,37.3,25.9,414.0,29.3,9.8,55.0
2023-02-18T16:00,31.0,21.5,322.0,21.4,8.0,56.0
2023-02-18T17:00,22.6,15.7,249.0,16.2,6.1,56.0
2023-02-18T18:00,11.5,7.9,187.0,13.2,4.2,52.0
2023-02-18T19:00,7.9,5.5,177.0,14.8,3.7,46.0
2023-02-18T20:00,6.0,4.1,192.0,19.3,3.7,38.0
2023-02-18T21:00,6.0,4.1,217.0,24.2,3.8,29.0
2023-02-18T22:00,7.1,4.8,233.0,25.5,3.9,26.0
2023-02-18T23:00,6.5,4.3,251.0,25.8,4.1,24.0
2023-02-19T00:00,9.4,6.2,217.0,19.9,3.4,28.0
2023-02-19T01:00,6.4,4.2,193.0,16.9,3.3,31.0
2023-02-19T02:00,5.0,3.3,158.0,12.7,3.1,36.0
2023-02-19T03:00,4.5,3.0,121.0,7.8,2.9,42.0
2023-02-19T04:00,4.5,3.0,109.0,5.5,2.7,46.0
2023-02-19T05:00,4.2,2.8,105.0,3.8,2.4,49.0
2023-02-19T06:00,5.4,3.5,103.0,2.5,2.2,52.0
2023-02-19T07:00,5.4,3.5,97.0,1.9,2.3,52.0
2023-02-19T08:00,5.9,3.8,93.0,1.9,2.5,52.0
2023-02-19T09:00,5.7,3.7,110.0,4.5,2.9,48.0
2023-02-19T10:00,5.8,3.9,163.0,10.6,3.3,41.0
2023-02-19T11:00,8.2,5.5,236.0,19.0,3.7,32.0
2023-02-19T12:00,12.9,8.7,328.0,25.7,4.6,30.0
2023-02-19T13:00,15.9,10.7,300.0,22.3,4.7,39.0
2023-02-19T14:00,16.8,11.4,259.0,17.6,4.8,52.0
2023-02-19T15:00,17.3,11.8,216.0,13.0,4.9,65.0
2023-02-19T16:00,16.3,11.1,204.0,12.5,4.9,67.0
2023-02-19T17:00,12.5,8.6,200.0,13.6,4.8,65.0
2023-02-19T18:00,14.4,9.7,201.0,15.7,4.7,59.0
2023-02-19T19:00,15.5,10.5,200.0,17.5,4.5,51.0
2023-02-19T20:00,11.6,7.7,200.0,19.7,4.3,39.0
2023-02-19T21:00,8.9,5.9,213.0,22.8,4.0,26.0
2023-02-19T22:00,9.7,6.6,238.0,25.3,3.6,20.0
2023-02-19T23:00,10.9,7.5,271.0,27.9,3.1,15.0
2023-02-20T00:00,6.8,4.7,269.0,26.2,2.3,17.0
2023-02-20T01:00,10.3,7.2,267.0,26.0,2.4,16.0
2023-02-20T02:00,10.9,7.6,265.0,25.7,2.6,15.0
2023-02-20T03:00,14.7,10.3,264.0,24.8,3.1,14.0
2023-02-20T04:00,19.0,13.3,258.0,23.2,3.5,14.0
2023-02-20T05:00,21.3,14.9,251.0,21.1,4.0,15.0
2023-02-20T06:00,24.6,17.2,276.0,20.3,5.2,15.0
2023-02-20T07:00,29.5,20.5,349.0,22.6,6.7,9.0
2023-02-20T08:00,37.0,25.9,451.0,26.5,8.6,1.0
2023-02-20T09:00,43.4,30.4,559.0,31.3,11.9,3.0
2023-02-20T10:00,45.4,31.8,593.0,34.4,15.9,22.0
2023-02-20T11:00,36.7,25.7,603.0,37.2,20.6,52.0
2023-02-20T12:00,37.0,25.8,596.0,37.3,20.0,95.0
2023-02-20T13:00,41.8,28.9,542.0,29.8,18.4,121.0
2023-02-20T14:00,45.3,31.2,464.0,19.3,16.1,158.0
2023-02-20T15:00,44.5,30.5,374.0,9.1,13.2,188.0
2023-02-20T16:00,38.4,26.4,326.0,7.3,11.3,180.0
2023-02-20T17:00,32.9,22.5,288.0,8.6,9.5,157.0
2023-02-20T18:00,32.2,22.0,281.0,15.2,8.0,125.0
2023-02-20T19:00,33.2,22.7,322.0,25.2,8.0,109.0
2023-02-20T20:00,35.7,24.5,395.0,38.7,8.7,95.0
2023-02-20T21:00,36.1,24.8,524.0,56.6,10.0,76.0
2023-02-20T22:00,39.2,27.1,664.0,69.3,11.2,59.0
2023-02-20T23:00,44.4,30.7,830.0,82.0,12.7,42.0
2023-02-21T00:00,47.4,32.9,875.0,87.3,13.9,42.0
2023-02-21T01:00,53.1,36.9,949.0,92.9,14.4,33.0
2023-02-21T02:00,60.3,42.1,1052.0,100.6,15.0,21.0
2023-02-21T03:00,61.2,42.8,1109.0,102.5,15.3,10.0
2023-02-21T04:00,55.8,38.9,1021.0,90.3,14.7,12.0
2023-02-21T05:00,46.9,32.8,865.0,71.1,13.7,20.0
2023-02-21T06:00,38.5,26.9,685.0,49.6,12.1,28.0
2023-02-21T07:00,35.3,24.6,623.0,42.8,10.8,28.0
2023-02-21T08:00,33.5,23.3,590.0,40.0,9.5,25.0
2023-02-21T09:00,32.0,22.4,553.0,37.7,8.2,26.0
2023-02-21T10:00,31.4,21.9,524.0,36.4,8.2,32.0
2023-02-21T11:00,31.5,21.9,499.0,36.0,8.7,41.0
2023-02-21T12:00,15.1,10.4,426.0,28.9,9.1,69.0
2023-02-21T13:00,14.7,10.1,366.0,22.9,8.2,81.0
2023-02-21T14:00,16.0,11.0,282.0,14.4,6.9,97.0
2023-02-21T15:00,15.6,10.7,198.0,6.0,5.7,115.0
2023-02-21T16:00,14.7,10.1,179.0,3.5,5.5,124.0
2023-02-21T17:00,15.2,10.4,183.0,3.1,5.7,129.0
2023-02-21T18:00,16.9,11.7,222.0,9.2,6.1,125.0
2023-02-21T19:00,18.3,12.6,263.0,21.5,6.3,105.0
2023-02-21T20:00,21.6,14.9,321.0,38.8,6.5,76.0
2023-02-21T21:00,24.9,17.2,487.0,62.3,7.4,41.0
2023-02-21T22:00,34.5,23.9,747.0,79.1,9.0,24.0
2023-02-21T23:00,46.1,32.1,1082.0,96.0,11.1,11.0
2023-02-22T00:00,95.9,66.8,2465.0,97.6,19.9,0.0
2023-02-22T01:00,92.4,64.5,2373.0,98.0,18.7,0.0
2023-02-22T02:00,91.3,63.8,2242.0,98.5,16.9,0.0
2023-02-22T03:00,82.9,57.9,2085.0,97.9,15.2,0.0
2023-02-22T04:00,79.2,55.4,2001.0,95.4,14.8,0.0
2023-02-22T05:00,83.8,58.7,1932.0,91.8,14.9,0.0
2023-02-22T06:00,86.6,60.5,1894.0,87.6,15.6,0.0
2023-02-22T07:00,92.9,65.0,1974.0,86.5,16.7,0.0
2023-02-22T08:00,100.8,70.5,2108.0,86.2,18.3,0.0
2023-02-22T09:00,108.7,76.1,2115.0,83.6,20.4,0.0
2023-02-22T10:00,116.2,81.0,1835.0,79.2,21.9,30.0
2023-02-22T11:00,72.4,50.4,1408.0,73.4,23.4,72.0
2023-02-22T12:00,58.1,40.4,1031.0,73.1,17.8,120.0
2023-02-22T13:00,55.1,38.3,917.0,57.4,17.9,152.0
2023-02-22T14:00,56.6,39.5,755.0,35.2,18.1,198.0
2023-02-22T15:00,60.8,42.5,580.0,12.7,17.5,242.0
2023-02-22T16:00,61.7,43.1,518.0,8.0,15.8,244.0
2023-02-22T17:00,61.0,42.6,490.0,9.3,13.3,231.0
2023-02-22T18:00,53.0,36.9,498.0,15.1,11.3,215.0
2023-02-22T19:00,54.2,37.8,548.0,22.0,11.8,215.0
2023-02-22T20:00,57.7,40.3,632.0,31.6,13.4,217.0
2023-02-22T21:00,59.4,41.3,741.0,42.4,15.3,214.0
2023-02-22T22:00,57.6,40.2,806.0,46.3,15.9,201.0
2023-02-22T23:00,59.4,41.3,868.0,48.5,16.2,183.0
2023-02-23T00:00,51.7,36.0,831.0,48.9,12.7,122.0
2023-02-23T01:00,51.1,35.6,821.0,47.3,13.0,113.0
2023-02-23T02:00,51.5,35.7,806.0,44.9,13.5,100.0
2023-02-23T03:00,51.5,35.9,771.0,40.0,14.1,88.0
2023-02-23T04:00,51.7,36.0,722.0,33.8,14.4,89.0
2023-02-23T05:00,48.4,33.8,660.0,26.1,14.5,95.0
2023-02-23T06:00,48.1,33.4,595.0,18.9,14.7,101.0
2023-02-23T07:00,42.7,29.7,578.0,18.2,14.6,99.0
2023-02-23T08:00,41.4,28.9,578.0,19.9,14.4,95.0
2023-02-23T09:00,45.8,31.9,575.0,22.9,14.7,92.0
2023-02-23T10:00,39.0,27.2,566.0,25.6,16.3,92.0
2023-02-23T11:00,32.4,22.6,554.0,28.9,18.4,93.0
2023-02-23T12:00,33.9,23.6,504.0,28.5,16.6,101.0
2023-02-23T13:00,38.4,26.8,465.0,23.3,15.5,121.0
2023-02-23T14:00,43.4,30.3,409.0,15.9,13.9,148.0
2023-02-23T15:00,43.4,30.3,353.0,9.8,11.8,172.0
2023-02-23T16:00,41.4,28.9,338.0,10.5,10.4,167.0
2023-02-23T17:00,41.2,28.7,337.0,14.0,9.0,151.0
2023-02-23T18:00,41.4,28.8,368.0,22.4,8.2,129.0
2023-02-23T19:00,40.0,27.9,425.0,32.2,9.3,118.0
2023-02-23T20:00,36.7,25.6,505.0,44.6,11.2,109.0
2023-02-23T21:00,38.5,26.8,625.0,60.9,13.3,92.0
2023-02-23T22:00,36.8,25.7,722.0,72.3,13.6,73.0
2023-02-23T23:00,40.6,28.3,828.0,83.5,13.3,50.0
2023-02-24T00:00,70.8,49.5,1537.0,137.2,17.9,1.0
2023-02-24T01:00,77.8,54.4,1629.0,138.8,18.5,1.0
2023-02-24T02:00,78.7,55.1,1760.0,141.0,19.3,0.0
2023-02-24T03:00,82.0,57.4,1879.0,141.5,20.2,0.0
2023-02-24T04:00,84.8,59.3,1873.0,138.6,20.6,0.0
2023-02-24T05:00,89.9,62.9,1819.0,133.9,20.8,0.0
2023-02-24T06:00,94.5,66.1,1746.0,126.6,20.3,0.0
2023-02-24T07:00,95.5,66.8,1744.0,122.4,18.7,0.0
2023-02-24T08:00,94.3,65.9,1754.0,118.0,16.4,0.0
2023-02-24T09:00,95.2,66.6,1651.0,106.0,13.9,2.0
2023-02-24T10:00,91.7,64.3,1392.0,87.5,13.5,28.0
2023-02-24T11:00,68.9,48.2,1036.0,63.9,13.7,65.0
2023-02-24T12:00,49.1,34.2,585.0,32.9,13.7,107.0
2023-02-24T13:00,39.7,27.7,495.0,26.1,11.6,111.0
2023-02-24T14:00,33.2,23.2,367.0,16.4,8.7,118.0
2023-02-24T15:00,27.3,19.0,232.0,6.8,5.6,123.0
2023-02-24T16:00,23.3,16.2,189.0,3.7,4.7,124.0
2023-02-24T17:00,20.9,14.6,174.0,2.8,4.6,123.0
2023-02-24T18:00,20.4,14.3,203.0,9.1,5.2,114.0
2023-02-24T19:00,21.4,14.9,267.0,23.6,6.5,97.0
2023-02-24T20:00,23.8,16.6,364.0,43.9,8.4,74.0
2023-02-24T21:00,30.6,21.4,517.0,66.8,10.2,46.0
2023-02-24T22:00,44.5,31.1,665.0,76.4,10.3,32.0
2023-02-24T23:00,52.4,36.6,834.0,82.5,9.7,20.0
2023-02-25T00:00,69.4,48.4,1781.0,102.2,13.8,0.0
2023-02-25T01:00,72.6,50.9,1780.0,98.6,14.0,0.0
2023-02-25T02:00,70.5,49.4,1776.0,93.5,14.3,0.0
2023-02-25T03:00,66.1,46.2,1688.0,85.8,14.4,0.0
2023-02-25T04:00,59.8,41.9,1504.0,80.0,14.1,0.0
2023-02-25T05:00,53.6,37.5,1254.0,73.8,13.5,0.0
2023-02-25T06:00,47.4,33.2,953.0,64.6,12.8,2.0
2023-02-25T07:00,42.5,29.7,800.0,56.4,12.3,6.0
2023-02-25T08:00,38.5,27.0,677.0,47.4,11.9,11.0
2023-02-25T09:00,34.6,24.2,546.0,37.1,11.4,22.0
2023-02-25T10:00,32.5,22.8,473.0,32.0,11.3,33.0
2023-02-25T11:00,26.9,18.8,421.0,28.2,11.4,47.0
2023-02-25T12:00,27.2,19.0,394.0,25.3,10.5,74.0
2023-02-25T13:00,24.3,17.0,346.0,20.3,9.1,85.0
2023-02-25T14:00,23.6,16.5,279.0,13.2,7.1,101.0
2023-02-25T15:00,24.1,16.8,208.0,5.9,5.0,117.0
2023-02-25T16:00,23.7,16.5,184.0,3.3,4.3,122.0
2023-02-25T17:00,22.9,16.0,174.0,2.2,4.1,122.0
2023-02-25T18:00,22.2,15.5,196.0,6.5,4.1,113.0
2023-02-25T19:00,21.5,15.1,237.0,16.9,4.1,94.0
2023-02-25T20:00,21.7,15.1,299.0,31.7,4.2,67.0
2023-02-25T21:00,25.7,18.0,435.0,49.5,4.7,37.0
2023-02-25T22:00,42.4,29.6,620.0,58.8,5.4,24.0
2023-02-25T23:00,48.8,34.1,852.0,66.3,6.2,16.0
2023-02-26T00:00,40.3,28.2,1151.0,69.8,8.4,3.0
2023-02-26T01:00,44.0,30.9,1172.0,68.4,9.0,2.0
2023-02-26T02:00,46.8,32.8,1200.0,66.3,9.8,1.0
2023-02-26T03:00,49.0,34.3,1196.0,63.7,10.6,0.0
2023-02-26T04:00,51.0,35.7,1132.0,62.6,10.8,0.0
2023-02-26T05:00,52.5,36.8,1034.0,61.8,10.7,1.0
2023-02-26T06:00,52.3,36.7,910.0,59.6,10.6,3.0
2023-02-26T07:00,51.0,35.7,845.0,56.3,10.4,6.0
2023-02-26T08:00,49.4,34.6,789.0,52.1,10.1,9.0
2023-02-26T09:00,46.3,32.5,710.0,46.5,10.1,16.0
2023-02-26T10:00,44.9,31.5,639.0,43.2,10.8,24.0
2023-02-26T11:00,37.3,26.1,564.0,40.1,11.9,35.0
2023-02-26T12:00,32.1,22.5,476.0,29.0,12.6,78.0
2023-02-26T13:00,24.2,16.9,422.0,23.9,11.1,84.0
2023-02-26T14:00,23.1,16.2,346.0,16.6,9.0,92.0
2023-02-26T15:00,23.1,16.1,266.0,9.1,6.7,101.0
2023-02-26T16:00,22.9,16.0,237.0,5.7,6.0,107.0
2023-02-26T17:00,22.2,15.5,225.0,3.8,5.7,111.0
2023-02-26T18:00,20.4,14.2,256.0,9.2,5.9,108.0
2023-02-26T19:00,19.2,13.4,326.0,24.6,6.7,93.0
2023-02-26T20:00,21.2,14.8,428.0,46.6,7.8,71.0
2023-02-26T21:00,30.0,21.0,594.0,71.1,9.0,44.0
2023-02-26T22:00,40.7,28.5,732.0,80.0,9.0,30.0
2023-02-26T23:00,43.4,30.4,888.0,84.5,8.7,18.0
2023-02-27T00:00,82.7,57.9,2476.0,88.5,20.7,0.0
2023-02-27T01:00,99.2,69.4,2383.0,87.9,20.2,0.0
2023-02-27T02:00,107.3,75.2,2246.0,86.8,19.4,0.0
2023-02-27T03:00,76.6,53.6,1968.0,81.5,17.7,0.0
2023-02-27T04:00,60.1,42.0,1624.0,71.7,15.5,5.0
2023-02-27T05:00,53.3,37.3,1202.0,58.7,12.9,13.0
2023-02-27T06:00,44.5,31.0,758.0,43.8,10.1,22.0
2023-02-27T07:00,38.6,26.9,628.0,37.5,9.3,27.0
2023-02-27T08:00,36.3,25.2,601.0,33.5,9.2,31.0
2023-02-27T09:00,37.0,25.7,577.0,29.5,9.3,38.0
2023-02-27T10:00,32.6,22.5,517.0,27.3,9.6,43.0
2023-02-27T11:00,24.4,16.8,455.0,25.9,10.0,48.0
2023-02-27T12:00,20.0,13.3,357.0,24.0,8.9,57.0
2023-02-27T13:00,19.7,13.1,341.0,19.9,8.8,76.0
2023-02-27T14:00,24.7,16.6,318.0,14.0,8.8,103.0
2023-02-27T15:00,26.8,18.1,295.0,8.4,8.7,131.0
2023-02-27T16:00,28.3,19.2,291.0,7.2,8.7,140.0
2023-02-27T17:00,28.1,19.0,293.0,7.7,8.8,143.0
2023-02-27T18:00,25.2,17.1,306.0,11.8,8.7,134.0
2023-02-27T19:00,20.8,14.1,328.0,19.7,8.2,112.0
2023-02-27T20:00,18.2,12.4,357.0,30.5,7.5,79.0
2023-02-27T21:00,18.2,12.3,388.0,41.0,6.8,44.0
2023-02-27T22:00,15.0,10.2,398.0,42.4,6.7,33.0
2023-02-27T23:00,15.8,10.7,402.0,40.5,6.7,28.0
2023-02-28T00:00,17.6,12.0,413.0,39.3,7.2,26.0
2023-02-28T01:00,14.4,9.7,378.0,34.4,7.0,31.0
2023-02-28T02:00,13.3,9.0,327.0,27.4,6.7,39.0
2023-02-28T03:00,12.0,8.1,271.0,19.1,6.5,48.0
2023-02-28T04:00,11.5,7.7,249.0,15.1,6.7,52.0
2023-02-28T05:00,12.1,8.2,237.0,12.0,7.2,55.0
2023-02-28T06:00,13.2,9.0,230.0,9.6,7.5,57.0
2023-02-28T07:00,14.0,9.5,229.0,9.1,7.1,56.0
2023-02-28T08:00,15.4,10.6,234.0,9.7,6.4,53.0
2023-02-28T09:00,20.1,13.8,259.0,12.4,6.3,50.0
2023-02-28T10:00,17.9,12.3,307.0,17.2,7.6,48.0
2023-02-28T11:00,22.8,15.7,372.0,23.6,9.7,47.0
2023-02-28T12:00,19.8,13.5,430.0,28.9,12.7,55.0
2023-02-28T13:00,22.2,15.1,418.0,25.2,12.6,76.0
2023-02-28T14:00,30.4,20.8,402.0,19.9,12.5,107.0
2023-02-28T15:00,36.9,25.4,386.0,15.5,11.8,136.0
2023-02-28T16:00,39.2,27.1,383.0,15.9,10.3,140.0
2023-02-28T17:00,42.4,29.2,385.0,18.3,8.3,135.0
2023-02-28T18:00,41.9,28.9,396.0,24.1,6.6,118.0
2023-02-28T19:00,39.0,27.0,410.0,31.2,6.7,95.0
2023-02-28T20:00,30.3,20.8,429.0,40.3,7.6,65.0
2023-02-28T21:00,22.5,15.5,467.0,50.7,9.0,32.0
2023-02-28T22:00,22.5,15.6,516.0,56.1,10.0,19.0
2023-02-28T23:00,18.9,13.2,577.0,60.2,11.2,11.0
2023-03-01T00:00,23.5,16.3,613.0,60.1,10.2,8.0
2023-03-01T01:00,25.1,17.3,586.0,56.8,10.6,10.0
2023-03-01T02:00,23.3,16.0,547.0,52.0,11.1,12.0
2023-03-01T03:00,21.4,14.6,513.0,46.3,12.1,15.0
2023-03-01T04:00,23.8,16.4,508.0,43.1,13.2,16.0
2023-03-01T05:00,28.6,19.7,514.0,40.4,14.5,17.0
2023-03-01T06:00,33.8,23.4,559.0,39.1,16.4,17.0
2023-03-01T07:00,41.3,28.8,647.0,41.3,17.7,11.0
2023-03-01T08:00,49.1,34.2,766.0,45.5,19.1,4.0
2023-03-01T09:00,57.7,40.3,873.0,49.7,21.0,5.0
2023-03-01T10:00,50.1,34.9,872.0,51.2,23.0,21.0
2023-03-01T11:00,50.8,35.4,828.0,51.8,25.3,47.0
2023-03-01T12:00,39.2,27.3,592.0,33.1,23.9,107.0
2023-03-01T13:00,44.0,30.6,535.0,27.0,20.9,123.0
2023-03-01T14:00,47.6,33.2,453.0,18.4,16.6,145.0
2023-03-01T15:00,38.0,26.3,366.0,10.1,11.7,166.0
2023-03-01T16:00,29.9,20.5,333.0,8.5,9.4,166.0
2023-03-01T17:00,28.8,19.7,316.0,9.3,7.8,157.0
2023-03-01T18:00,32.1,22.1,334.0,15.1,7.6,144.0
2023-03-01T19:00,33.3,22.9,390.0,24.6,9.7,137.0
2023-03-01T20:00,37.6,25.9,476.0,37.5,13.3,130.0
2023-03-01T21:00,44.0,30.4,599.0,54.1,18.1,117.0
2023-03-01T22:00,49.8,34.5,693.0,64.5,21.0,102.0
2023-03-01T23:00,54.8,38.0,792.0,74.2,23.9,85.0
2023-03-02T00:00,61.0,42.4,1082.0,103.9,27.4,54.0
2023-03-02T01:00,68.5,47.6,1153.0,107.6,26.8,43.0
2023-03-02T02:00,78.0,54.4,1254.0,112.8,26.0,27.0
2023-03-02T03:00,85.0,59.3,1341.0,115.2,25.2,11.0
2023-03-02T04:00,90.1,62.9,1324.0,110.1,25.3,7.0
2023-03-02T05:00,92.4,64.5,1267.0,101.2,25.7,7.0
2023-03-02T06:00,90.6,63.3,1200.0,90.2,25.8,8.0
2023-03-02T07:00,92.9,65.0,1193.0,85.0,24.8,3.0
2023-03-02T08:00,92.0,64.3,1201.0,80.8,23.4,0.0
2023-03-02T09:00,87.5,61.2,1185.0,75.1,22.0,8.0
2023-03-02T10:00,85.4,59.8,1137.0,70.9,22.2,45.0
2023-03-02T11:00,81.0,56.6,1068.0,66.7,23.1,97.0
2023-03-02T12:00,63.6,44.2,870.0,46.6,26.7,174.0
2023-03-02T13:00,59.4,41.2,755.0,37.1,23.2,181.0
2023-03-02T14:00,52.6,36.6,591.0,23.6,18.3,191.0
2023-03-02T15:00,44.5,30.9,408.0,9.7,12.6,198.0
2023-03-02T16:00,37.3,25.8,333.0,5.1,10.1,194.0
2023-03-02T17:00,34.0,23.5,287.0,3.7,8.4,184.0
2023-03-02T18:00,30.0,20.8,284.0,9.2,7.3,165.0
2023-03-02T19:00,27.4,19.0,331.0,21.6,7.3,143.0
2023-03-02T20:00,30.4,21.0,416.0,39.5,8.0,116.0
2023-03-02T21:00,38.4,26.6,576.0,63.9,10.0,85.0
2023-03-02T22:00,52.4,36.3,754.0,81.8,12.7,69.0
2023-03-02T23:00,62.9,43.8,968.0,100.0,16.1,56.0
2023-03-03T00:00,85.7,59.8,1580.0,157.2,27.3,29.0
2023-03-03T01:00,99.4,69.4,1568.0,152.5,29.3,28.0
2023-03-03T02:00,105.5,73.6,1550.0,145.6,32.1,27.0
2023-03-03T03:00,102.4,71.5,1503.0,133.7,34.8,26.0
2023-03-03T04:00,96.4,67.3,1428.0,120.9,35.0,26.0
2023-03-03T05:00,92.9,65.0,1331.0,105.9,34.3,27.0
2023-03-03T06:00,93.1,65.0,1252.0,91.3,33.4,26.0
2023-03-03T07:00,95.0,66.4,1296.0,90.5,33.5,18.0
2023-03-03T08:00,96.4,67.5,1389.0,94.6,33.7,7.0
2023-03-03T09:00,98.3,68.7,1409.0,94.2,33.2,11.0
2023-03-03T10:00,109.0,76.1,1248.0,82.7,31.7,42.0
2023-03-03T11:00,84.1,58.6,998.0,65.9,29.5,89.0
2023-03-03T12:00,33.4,23.1,675.0,43.5,26.1,142.0
2023-03-03T13:00,29.5,20.4,602.0,36.0,24.7,145.0
2023-03-03T14:00,29.4,20.3,498.0,25.4,22.8,149.0
2023-03-03T15:00,33.5,23.2,388.0,14.5,20.1,156.0
2023-03-03T16:00,35.2,24.4,348.0,10.7,18.1,164.0
2023-03-03T17:00,37.3,25.8,330.0,9.3,16.0,173.0
2023-03-03T18:00,37.0,25.7,356.0,14.3,14.5,174.0
2023-03-03T19:00,37.3,25.8,420.0,25.6,15.0,161.0
2023-03-03T20:00,41.0,28.4,518.0,41.8,16.4,141.0
2023-03-03T21:00,49.6,34.5,686.0,65.7,18.3,109.0
2023-03-03T22:00,61.7,43.0,853.0,85.7,19.5,82.0
2023-03-03T23:00,68.7,47.8,1049.0,107.5,20.7,53.0
2023-03-04T00:00,83.8,58.4,1100.0,96.1,34.4,57.0
2023-03-04T01:00,75.4,52.5,1069.0,92.6,34.1,49.0
2023-03-04T02:00,72.2,50.3,1023.0,87.4,33.6,37.0
2023-03-04T03:00,73.3,51.2,943.0,78.8,30.9,25.0
2023-03-04T04:00,73.8,51.6,867.0,70.7,26.0,23.0
2023-03-04T05:00,65.9,46.1,777.0,61.2,19.4,25.0
2023-03-04T06:00,50.3,35.2,652.0,49.1,12.1,28.0
2023-03-04T07:00,39.5,27.6,550.0,40.8,9.3,29.0
2023-03-04T08:00,31.8,22.2,443.0,32.9,7.7,31.0
2023-03-04T09:00,29.4,20.5,328.0,24.0,6.3,36.0
2023-03-04T10:00,28.3,19.7,277.0,19.2,5.4,43.0
2023-03-04T11:00,19.4,13.4,247.0,15.5,4.8,51.0
2023-03-04T12:00,15.0,10.4,220.0,11.8,4.1,58.0
2023-03-04T13:00,15.5,10.7,223.0,11.0,5.3,68.0
2023-03-04T14:00,16.2,11.2,229.0,9.8,7.1,83.0
2023-03-04T15:00,18.2,12.6,244.0,9.2,9.6,102.0
2023-03-04T16:00,21.0,14.5,263.0,9.4,11.4,115.0
2023-03-04T17:00,23.9,16.6,287.0,10.2,13.2,126.0
2023-03-04T18:00,24.5,17.0,330.0,14.6,15.0,130.0
2023-03-04T19:00,25.2,17.5,370.0,23.0,15.6,116.0
2023-03-04T20:00,25.5,17.7,416.0,34.2,15.7,92.0
2023-03-04T21:00,30.0,20.9,499.0,46.0,15.8,65.0
2023-03-04T22:00,39.6,27.5,603.0,49.7,16.3,55.0
2023-03-04T23:00,46.4,32.4,728.0,50.7,16.8,48.0
2023-03-05T00:00,46.1,32.1,786.0,49.2,13.6,35.0
2023-03-05T01:00,43.9,30.6,710.0,44.6,12.5,36.0
2023-03-05T02:00,40.3,28.2,601.0,38.0,11.0,37.0
2023-03-05T03:00,33.6,23.5,461.0,29.2,9.0,39.0
2023-03-05T04:00,25.3,17.6,374.0,23.2,7.7,42.0
2023-03-05T05:00,19.5,13.6,294.0,17.4,6.3,45.0
2023-03-05T06:00,18.3,12.8,219.0,11.9,5.0,48.0
2023-03-05T07:00,18.9,13.2,203.0,10.9,4.5,47.0
2023-03-05T08:00,19.2,13.4,212.0,11.7,4.3,44.0
2023-03-05T09:00,21.6,15.1,226.0,12.7,4.1,42.0
2023-03-05T10:00,20.2,14.1,224.0,12.2,3.9,45.0
2023-03-05T11:00,19.0,13.3,221.0,11.4,3.7,49.0
2023-03-05T12:00,16.5,11.4,226.0,12.1,4.4,53.0
2023-03-05T13:00,16.1,11.1,226.0,10.6,5.3,67.0
2023-03-05T14:00,17.8,12.3,227.0,8.6,6.6,86.0
2023-03-05T15:00,19.8,13.8,244.0,8.4,8.7,104.0
2023-03-05T16:00,22.7,15.8,280.0,11.8,10.9,105.0
2023-03-05T17:00,22.8,15.9,329.0,17.2,13.5,100.0
2023-03-05T18:00,25.3,17.6,390.0,24.9,15.9,90.0
2023-03-05T19:00,25.1,17.5,424.0,31.0,16.3,80.0
2023-03-05T20:00,25.1,17.5,454.0,37.6,16.0,67.0
2023-03-05T21:00,27.4,19.1,481.0,43.0,15.0,53.0
2023-03-05T22:00,32.7,22.8,486.0,42.2,13.9,48.0
2023-03-05T23:00,29.8,20.8,481.0,38.7,12.4,45.0
2023-03-06T00:00,35.5,24.9,666.0,36.4,9.8,44.0
2023-03-06T01:00,54.5,38.2,761.0,36.9,10.5,41.0
2023-03-06T02:00,61.7,43.2,896.0,37.6,11.4,37.0
2023-03-06T03:00,49.5,34.7,1007.0,37.6,12.2,33.0
2023-03-06T04:00,46.3,32.4,972.0,36.4,11.8,32.0
2023-03-06T05:00,43.0,30.0,878.0,34.6,11.0,33.0
2023-03-06T06:00,40.2,28.1,773.0,32.0,10.2,34.0
2023-03-06T07:00,38.3,26.8,768.0,30.5,10.3,33.0
2023-03-06T08:00,39.0,27.2,789.0,29.0,10.7,31.0
2023-03-06T09:00,38.0,26.6,765.0,26.6,10.7,33.0
2023-03-06T10:00,35.0,24.6,650.0,24.2,9.5,42.0
2023-03-06T11:00,22.8,15.9,488.0,21.5,7.8,54.0
2023-03-06T12:00,15.5,10.8,311.0,20.6,7.5,57.0
2023-03-06T13:00,14.2,9.9,282.0,16.5,7.1,70.0
2023-03-06T14:00,14.2,9.9,240.0,10.8,6.6,89.0
2023-03-06T15:00,14.8,10.3,210.0,7.0,6.0,105.0
2023-03-06T16:00,13.4,9.3,226.0,9.7,5.8,104.0
2023-03-06T17:00,13.9,9.7,262.0,15.4,5.6,96.0
2023-03-06T18:00,19.2,13.4,316.0,24.6,5.7,82.0
2023-03-06T19:00,20.7,14.5,349.0,32.2,6.1,70.0
2023-03-06T20:00,17.5,12.2,383.0,40.8,6.7,56.0
2023-03-06T21:00,18.3,12.7,443.0,51.1,7.6,38.0
2023-03-06T22:00,24.0,16.8,519.0,57.9,8.3,27.0
2023-03-06T23:00,24.6,17.2,610.0,64.0,8.9,17.0
2023-03-07T00:00,29.3,20.4,644.0,69.0,9.3,15.0
2023-03-07T01:00,26.3,18.3,612.0,62.2,9.0,18.0
2023-03-07T02:00,26.4,18.5,567.0,52.5,8.6,21.0
2023-03-07T03:00,25.0,17.5,487.0,39.5,7.9,28.0
2023-03-07T04:00,20.7,14.4,402.0,30.4,7.1,35.0
2023-03-07T05:00,18.5,12.9,302.0,21.2,6.1,44.0
2023-03-07T06:00,15.5,10.8,202.0,12.4,5.1,52.0
2023-03-07T07:00,12.8,8.9,174.0,9.7,4.7,53.0
2023-03-07T08:00,12.1,8.4,172.0,9.4,4.4,50.0
2023-03-07T09:00,12.6,8.8,197.0,11.4,4.6,48.0
2023-03-07T10:00,14.0,9.8,251.0,15.8,5.4,47.0
2023-03-07T11:00,17.6,12.3,328.0,22.1,6.7,47.0
2023-03-07T12:00,15.3,10.6,334.0,21.9,7.7,55.0
2023-03-07T13:00,17.6,12.2,299.0,17.7,7.0,69.0
2023-03-07T14:00,18.9,13.1,249.0,11.9,6.0,90.0
2023-03-07T15:00,18.7,13.0,198.0,6.0,5.0,111.0
2023-03-07T16:00,17.5,12.2,176.0,3.3,4.6,118.0
2023-03-07T17:00,16.8,11.7,163.0,1.7,4.4,121.0
2023-03-07T18:00,17.5,12.2,194.0,7.7,5.0,115.0
2023-03-07T19:00,18.9,13.2,265.0,23.2,6.4,100.0
2023-03-07T20:00,22.4,15.6,368.0,45.0,8.3,79.0
2023-03-07T21:00,29.6,20.7,548.0,71.2,10.9,51.0
2023-03-07T22:00,41.8,29.2,753.0,85.5,12.7,33.0
2023-03-07T23:00,47.5,33.2,997.0,97.3,14.5,17.0
2023-03-08T00:00,93.6,65.4,2893.0,115.5,24.5,0.0
2023-03-08T01:00,76.6,53.7,2438.0,104.9,22.1,0.0
2023-03-08T02:00,53.7,37.5,1790.0,89.8,18.7,0.0
2023-03-08T03:00,39.7,27.7,1060.0,70.7,14.9,3.0
2023-03-08T04:00,34.6,24.0,777.0,59.3,13.6,8.0
2023-03-08T05:00,32.1,22.4,613.0,49.0,13.1,15.0
2023-03-08T06:00,30.6,21.2,489.0,39.1,12.9,23.0
2023-03-08T07:00,30.2,21.0,459.0,36.2,13.1,24.0
2023-03-08T08:00,31.5,21.9,491.0,36.2,13.5,23.0
2023-03-08T09:00,35.2,24.5,526.0,36.1,14.1,28.0
2023-03-08T10:00,44.2,30.9,512.0,34.8,14.4,40.0
2023-03-08T11:00,40.9,28.4,487.0,33.1,14.6,56.0
2023-03-08T12:00,18.0,12.4,437.0,29.3,12.7,79.0
2023-03-08T13:00,17.6,12.2,393.0,23.7,11.7,94.0
2023-03-08T14:00,18.9,13.1,331.0,15.7,10.2,115.0
2023-03-08T15:00,20.7,14.3,266.0,8.0,8.6,136.0
2023-03-08T16:00,20.4,14.2,242.0,6.1,8.1,141.0
2023-03-08T17:00,19.0,13.2,231.0,6.4,7.9,140.0
2023-03-08T18:00,19.5,13.5,258.0,12.8,8.2,133.0
2023-03-08T19:00,21.2,14.8,309.0,23.8,9.0,123.0
2023-03-08T20:00,24.7,17.2,385.0,39.0,10.3,109.0
2023-03-08T21:00,34.5,24.0,554.0,61.9,12.4,85.0
2023-03-08T22:00,46.1,32.2,774.0,83.3,14.5,60.0
2023-03-08T23:00,56.0,39.1,1049.0,107.1,16.9,30.0
2023-03-09T00:00,60.3,42.0,1655.0,131.9,13.9,0.0
2023-03-09T01:00,64.0,44.8,1679.0,124.9,13.9,0.0
2023-03-09T02:00,66.6,46.6,1712.0,114.8,13.9,0.0
2023-03-09T03:00,64.0,44.8,1711.0,101.6,13.9,0.0
2023-03-09T04:00,61.9,43.3,1642.0,92.9,14.1,0.0
2023-03-09T05:00,64.7,45.3,1535.0,84.5,14.3,0.0
2023-03-09T06:00,68.0,47.6,1400.0,75.9,14.3,1.0
2023-03-09T07:00,68.0,47.4,1342.0,73.8,13.8,0.0
2023-03-09T08:00,64.7,45.2,1296.0,74.1,13.1,0.0
2023-03-09T09:00,62.6,43.8,1183.0,70.9,12.5,3.0
2023-03-09T10:00,66.6,46.4,1008.0,62.2,13.1,23.0
2023-03-09T11:00,57.5,40.0,788.0,50.3,14.1,51.0
2023-03-09T12:00,29.0,19.8,536.0,36.0,15.0,87.0
2023-03-09T13:00,27.3,18.7,466.0,28.4,13.3,102.0
2023-03-09T14:00,28.1,19.3,366.0,17.6,11.0,124.0
2023-03-09T15:00,28.1,19.3,269.0,7.5,8.5,145.0
2023-03-09T16:00,26.8,18.5,246.0,5.7,7.7,147.0
2023-03-09T17:00,29.3,20.2,250.0,7.0,7.4,142.0
2023-03-09T18:00,32.8,22.6,311.0,16.3,8.1,131.0
2023-03-09T19:00,39.7,27.5,410.0,31.7,9.9,121.0
2023-03-09T20:00,47.0,32.6,548.0,52.7,12.6,109.0
2023-03-09T21:00,55.1,38.2,755.0,80.2,15.6,89.0
2023-03-09T22:00,61.2,42.6,912.0,97.7,16.5,67.0
2023-03-09T23:00,67.5,47.0,1079.0,114.4,16.7,42.0
2023-03-10T00:00,109.4,76.4,2237.0,177.3,25.6,0.0
2023-03-10T01:00,109.0,75.9,2118.0,168.9,24.5,0.0
2023-03-10T02:00,103.1,72.2,1949.0,156.9,22.9,1.0
2023-03-10T03:00,96.6,67.5,1761.0,142.5,21.9,2.0
2023-03-10T04:00,87.3,61.0,1694.0,135.8,22.9,2.0
2023-03-10T05:00,89.6,62.6,1661.0,130.7,24.7,3.0
2023-03-10T06:00,94.3,65.9,1640.0,124.8,26.8,3.0
2023-03-10T07:00,100.1,69.8,1661.0,122.4,27.2,0.0
2023-03-10T08:00,103.6,72.4,1702.0,121.0,27.3,0.0
2023-03-10T09:00,107.3,75.0,1666.0,112.3,27.5,1.0
2023-03-10T10:00,108.7,75.9,1493.0,95.2,28.7,33.0
2023-03-10T11:00,96.6,67.3,1244.0,72.4,30.3,79.0
2023-03-10T12:00,61.7,43.0,888.0,40.3,34.1,141.0
2023-03-10T13:00,63.1,44.0,789.0,32.5,30.0,161.0
2023-03-10T14:00,63.6,44.1,649.0,21.4,24.0,188.0
2023-03-10T15:00,51.9,36.1,506.0,12.4,17.2,207.0
2023-03-10T16:00,46.0,32.0,478.0,14.9,14.3,193.0
2023-03-10T17:00,49.5,34.3,488.0,22.1,12.3,165.0
2023-03-10T18:00,49.8,34.6,508.0,32.5,10.4,128.0
2023-03-10T19:00,45.4,31.4,510.0,39.1,9.3,109.0
2023-03-10T20:00,37.0,25.6,513.0,45.8,8.6,92.0
2023-03-10T21:00,28.4,19.6,527.0,52.7,8.0,72.0
2023-03-10T22:00,25.9,17.9,551.0,55.1,7.8,60.0
2023-03-10T23:00,21.0,14.6,583.0,56.0,7.8,50.0
2023-03-11T00:00,28.6,20.0,824.0,81.2,11.3,23.0
2023-03-11T01:00,26.4,18.5,842.0,82.0,12.4,21.0
2023-03-11T02:00,28.0,19.6,868.0,83.0,13.9,18.0
2023-03-11T03:00,22.9,16.1,880.0,81.1,15.3,17.0
2023-03-11T04:00,22.6,15.8,855.0,74.9,15.1,20.0
2023-03-11T05:00,21.0,14.6,812.0,66.1,14.4,26.0
2023-03-11T06:00,19.3,13.5,759.0,55.5,13.5,32.0
2023-03-11T07:00,21.4,15.0,723.0,49.1,13.2,35.0
2023-03-11T08:00,24.0,16.8,690.0,43.4,12.9,36.0
2023-03-11T09:00,27.2,19.1,689.0,41.7,13.1,36.0
2023-03-11T10:00,31.9,22.3,764.0,49.6,13.8,31.0
2023-03-11T11:00,37.4,26.2,877.0,62.4,14.9,24.0
2023-03-11T12:00,51.0,35.6,950.0,61.8,19.3,50.0
2023-03-11T13:00,48.8,34.0,841.0,51.7,18.0,71.0
2023-03-11T14:00,50.5,35.2,686.0,37.5,16.1,100.0
2023-03-11T15:00,47.0,32.7,524.0,24.9,13.5,124.0
2023-03-11T16:00,40.0,27.8,478.0,25.1,11.5,118.0
2023-03-11T17:00,36.6,25.4,469.0,30.4,9.5,100.0
2023-03-11T18:00,41.4,28.8,501.0,42.0,8.1,74.0
2023-03-11T19:00,43.5,30.3,551.0,54.4,8.9,58.0
2023-03-11T20:00,43.0,29.9,628.0,69.9,10.8,42.0
2023-03-11T21:00,46.1,32.1,781.0,89.6,13.4,24.0
2023-03-11T22:00,51.2,35.7,957.0,102.3,14.9,14.0
2023-03-11T23:00,58.0,40.4,1171.0,114.2,16.3,7.0
2023-03-12T00:00,33.3,23.2,1016.0,92.2,15.6,24.0
2023-03-12T01:00,36.9,25.8,1067.0,95.5,15.7,19.0
2023-03-12T02:00,37.6,26.3,1138.0,100.1,16.0,11.0
2023-03-12T03:00,33.3,23.3,1195.0,102.1,16.4,4.0
2023-03-12T04:00,33.1,23.2,1170.0,96.7,16.8,5.0
2023-03-12T05:00,31.5,22.1,1113.0,87.8,17.4,9.0
2023-03-12T06:00,29.2,20.4,1057.0,77.7,18.2,13.0
2023-03-12T07:00,27.9,19.5,1063.0,74.0,19.0,11.0
2023-03-12T08:00,31.4,22.0,1091.0,71.9,19.9,8.0
2023-03-12T09:00,40.5,28.3,1124.0,71.6,21.0,6.0
2023-03-12T10:00,52.9,37.0,1142.0,74.9,21.6,9.0
2023-03-12T11:00,46.0,32.2,1157.0,80.3,22.2,13.0
2023-03-12T12:00,30.2,21.1,778.0,55.3,16.8,20.0
2023-03-12T13:00,29.5,20.7,749.0,51.0,17.9,37.0
2023-03-12T14:00,31.3,21.9,708.0,44.8,19.6,61.0
2023-03-12T15:00,41.2,28.9,654.0,36.5,20.5,94.0
2023-03-12T16:00,45.9,32.1,615.0,29.6,19.3,121.0
2023-03-12T17:00,39.7,27.8,577.0,22.3,17.1,150.0
2023-03-12T18:00,34.1,23.9,547.0,19.1,14.3,169.0
2023-03-12T19:00,31.4,21.9,544.0,25.4,12.7,156.0
2023-03-12T20:00,30.5,21.2,555.0,36.7,11.1,127.0
2023-03-12T21:00,30.4,21.1,605.0,52.7,10.3,90.0
2023-03-12T22:00,35.9,25.0,691.0,64.2,11.3,72.0
2023-03-12T23:00,35.0,24.4,805.0,76.1,13.2,55.0
2023-03-13T00:00,31.9,22.3,908.0,84.9,14.5,34.0
2023-03-13T01:00,27.5,19.2,864.0,79.5,14.8,35.0
2023-03-13T02:00,24.2,16.9,801.0,71.7,15.3,37.0
2023-03-13T03:00,21.5,15.0,705.0,59.3,15.6,42.0
2023-03-13T04:00,19.6,13.6,620.0,47.7,15.5,51.0
2023-03-13T05:00,21.0,14.7,525.0,34.6,15.2,63.0
2023-03-13T06:00,22.0,15.4,431.0,21.4,14.7,75.0
2023-03-13T07:00,20.3,14.2,402.0,17.4,14.2,76.0
2023-03-13T08:00,21.2,14.8,396.0,16.7,13.5,74.0
2023-03-13T09:00,21.4,15.0,422.0,19.2,13.5,73.0
2023-03-13T10:00,24.4,17.1,486.0,25.1,14.9,75.0
2023-03-13T11:00,24.0,16.8,576.0,33.7,17.0,77.0
2023-03-13T12:00,19.8,13.8,534.0,37.1,18.1,65.0
2023-03-13T13:00,25.4,17.8,486.0,31.2,16.5,79.0
2023-03-13T14:00,30.3,21.1,417.0,22.9,14.1,100.0
2023-03-13T15:00,30.2,21.0,357.0,16.4,11.5,118.0
2023-03-13T16:00,30.9,21.5,358.0,18.0,10.3,118.0
2023-03-13T17:00,36.2,25.2,383.0,23.1,9.4,110.0
2023-03-13T18:00,40.0,27.8,443.0,34.7,9.3,94.0
2023-03-13T19:00,42.1,29.2,506.0,49.1,10.6,76.0
2023-03-13T20:00,36.7,25.3,585.0,67.2,12.8,53.0
2023-03-13T21:00,37.8,26.2,704.0,86.5,15.3,27.0
2023-03-13T22:00,38.5,26.7,821.0,93.2,16.1,16.0
2023-03-13T23:00,39.9,27.8,952.0,95.9,16.5,8.0
2023-03-14T00:00,30.9,21.2,851.0,84.7,14.8,4.0
2023-03-14T01:00,33.3,22.9,818.0,82.2,15.3,6.0
2023-03-14T02:00,34.3,23.6,772.0,78.5,16.1,10.0
2023-03-14T03:00,34.0,23.2,711.0,71.6,16.8,16.0
2023-03-14T04:00,35.6,24.4,669.0,63.3,16.8,23.0
2023-03-14T05:00,37.8,26.0,627.0,53.2,16.6,32.0
2023-03-14T06:00,39.5,27.1,601.0,43.5,16.1,40.0
2023-03-14T07:00,41.0,28.3,622.0,41.7,15.3,39.0
2023-03-14T08:00,41.7,28.8,666.0,42.9,14.4,34.0
2023-03-14T09:00,43.8,30.3,718.0,46.1,14.4,30.0
2023-03-14T10:00,49.6,34.5,742.0,50.5,16.6,31.0
2023-03-14T11:00,42.1,28.8,759.0,56.2,19.8,34.0
2023-03-14T12:00,43.3,29.5,678.0,50.5,22.7,69.0
2023-03-14T13:00,50.9,34.6,631.0,42.0,22.5,96.0
2023-03-14T14:00,56.2,38.3,564.0,30.1,22.3,133.0
2023-03-14T15:00,57.7,39.3,492.0,18.7,21.2,168.0
2023-03-14T16:00,53.7,36.6,468.0,17.3,19.3,170.0
2023-03-14T17:00,52.3,35.7,459.0,19.7,16.7,159.0
2023-03-14T18:00,51.9,35.6,463.0,26.7,14.0,136.0
2023-03-14T19:00,49.8,34.2,472.0,35.7,13.3,113.0
2023-03-14T20:00,45.9,31.5,490.0,47.4,13.2,83.0
2023-03-14T21:00,36.7,25.3,546.0,61.5,13.4,49.0
2023-03-14T22:00,35.2,24.3,634.0,69.1,13.5,31.0
2023-03-14T23:00,27.4,19.0,749.0,75.4,13.7,16.0
2023-03-15T00:00,28.2,19.6,952.0,79.1,12.7,1.0
2023-03-15T01:00,29.3,20.3,945.0,78.2,12.9,1.0
2023-03-15T02:00,34.1,23.7,933.0,76.7,13.3,0.0
2023-03-15T03:00,34.6,24.0,884.0,72.2,13.6,3.0
2023-03-15T04:00,30.4,21.0,797.0,65.0,13.6,9.0
2023-03-15T05:00,31.8,21.9,682.0,55.7,13.5,18.0
2023-03-15T06:00,34.9,24.3,562.0,45.4,13.5,28.0
2023-03-15T07:00,34.1,23.6,529.0,41.2,13.6,29.0
2023-03-15T08:00,35.9,24.9,523.0,38.8,13.7,29.0
2023-03-15T09:00,38.1,26.5,537.0,37.5,14.9,34.0
2023-03-15T10:00,40.6,28.2,569.0,39.1,17.6,47.0
2023-03-15T11:00,37.3,25.8,617.0,42.2,21.3,65.0
2023-03-15T12:00,36.3,25.0,579.0,40.1,24.0,75.0
2023-03-15T13:00,42.6,29.4,534.0,33.5,22.9,98.0
2023-03-15T14:00,43.4,29.9,469.0,24.0,21.3,132.0
2023-03-15T15:00,46.0,31.7,398.0,14.3,19.1,166.0
2023-03-15T16:00,44.9,30.9,373.0,11.2,17.6,177.0
2023-03-15T17:00,44.0,30.2,361.0,10.3,16.2,180.0
2023-03-15T18:00,39.8,27.1,357.0,13.7,14.7,169.0
2023-03-15T19:00,32.8,22.2,362.0,22.0,14.1,142.0
2023-03-15T20:00,26.1,17.5,375.0,33.9,13.7,102.0
2023-03-15T21:00,22.1,14.8,399.0,46.3,13.6,56.0
2023-03-15T22:00,18.0,12.1,425.0,49.2,13.8,34.0
2023-03-15T23:00,18.5,12.6,456.0,49.0,14.3,18.0
2023-03-16T00:00,16.9,11.5,485.0,43.8,14.3,2.0
2023-03-16T01:00,18.4,12.7,488.0,43.0,15.1,1.0
2023-03-16T02:00,20.2,14.0,492.0,41.7,16.2,1.0
2023-03-16T03:00,20.1,13.9,481.0,39.5,17.6,1.0
2023-03-16T04:00,20.1,14.0,446.0,37.1,18.3,3.0
2023-03-16T05:00,19.2,13.3,397.0,34.3,19.0,6.0
2023-03-16T06:00,20.2,14.1,349.0,31.2,19.9,9.0
2023-03-16T07:00,21.1,14.7,339.0,30.0,20.8,8.0
2023-03-16T08:00,20.7,14.4,343.0,29.3,21.8,6.0
2023-03-16T09:00,23.3,16.3,363.0,29.1,23.0,11.0
2023-03-16T10:00,22.9,15.9,396.0,30.4,24.1,23.0
2023-03-16T11:00,23.2,15.9,442.0,32.3,25.3,40.0
2023-03-16T12:00,26.0,17.7,464.0,33.0,24.3,64.0
2023-03-16T13:00,32.1,21.9,437.0,27.5,23.0,90.0
2023-03-16T14:00,37.8,25.9,398.0,19.6,21.1,128.0
2023-03-16T15:00,41.6,28.6,352.0,11.6,18.7,167.0
2023-03-16T16:00,41.7,28.6,328.0,9.1,17.4,180.0
2023-03-16T17:00,40.3,27.6,310.0,8.5,16.2,185.0
2023-03-16T18:00,36.3,24.7,299.0,11.8,15.0,174.0
2023-03-16T19:00,31.3,21.1,301.0,19.4,14.3,146.0
2023-03-16T20:00,26.3,17.4,312.0,30.2,13.7,104.0
2023-03-16T21:00,21.7,14.3,355.0,42.4,13.6,55.0
2023-03-16T22:00,18.0,12.0,433.0,47.6,14.4,32.0
2023-03-16T23:00,18.9,12.7,537.0,50.9,15.6,15.0
2023-03-17T00:00,21.1,14.3,588.0,52.9,16.4,3.0
2023-03-17T01:00,21.5,14.7,599.0,51.4,17.0,3.0
2023-03-17T02:00,22.2,15.3,614.0,49.1,17.9,3.0
2023-03-17T03:00,22.2,15.3,605.0,45.6,18.7,4.0
2023-03-17T04:00,20.7,14.3,552.0,42.4,18.7,6.0
2023-03-17T05:00,21.9,15.1,474.0,38.8,18.3,8.0
2023-03-17T06:00,21.0,14.4,389.0,34.6,18.3,10.0
2023-03-17T07:00,20.3,14.0,358.0,32.3,19.0,10.0
2023-03-17T08:00,19.3,13.3,342.0,30.5,20.0,9.0
2023-03-17T09:00,21.0,14.5,344.0,29.4,21.4,13.0
2023-03-17T10:00,21.7,14.9,377.0,31.0,22.6,22.0
2023-03-17T11:00,21.6,14.6,429.0,33.9,23.9,34.0
2023-03-17T12:00,30.5,20.6,519.0,36.2,23.9,69.0
2023-03-17T13:00,30.5,20.5,461.0,30.9,21.7,72.0
2023-03-17T14:00,28.7,19.4,379.0,23.4,18.6,76.0
2023-03-17T15:00,28.0,19.0,294.0,15.3,15.2,85.0
2023-03-17T16:00,29.1,19.7,272.0,11.9,14.1,101.0
2023-03-17T17:00,29.5,20.0,270.0,9.8,13.7,120.0
2023-03-17T18:00,28.5,19.3,282.0,11.5,13.5,132.0
2023-03-17T19:00,26.1,17.6,292.0,18.4,13.3,118.0
2023-03-17T20:00,23.6,15.9,310.0,28.7,13.3,91.0
2023-03-17T21:00,22.5,15.1,364.0,41.0,13.8,57.0
2023-03-17T22:00,21.7,14.7,439.0,47.2,14.7,37.0
2023-03-17T23:00,22.4,15.3,537.0,52.1,16.0,19.0
2023-03-18T00:00,27.1,18.6,718.0,56.0,18.1,1.0
2023-03-18T01:00,28.0,19.3,801.0,54.3,19.0,1.0
2023-03-18T02:00,34.6,24.0,917.0,52.0,20.2,0.0
2023-03-18T03:00,39.7,27.6,989.0,48.9,21.8,0.0
2023-03-18T04:00,31.5,21.9,899.0,47.0,22.6,0.0
2023-03-18T05:00,31.8,22.1,736.0,45.3,23.3,1.0
2023-03-18T06:00,29.6,20.6,570.0,43.6,24.5,2.0
2023-03-18T07:00,31.5,21.9,555.0,42.8,26.0,1.0
2023-03-18T08:00,33.3,23.2,589.0,42.4,27.8,0.0
2023-03-18T09:00,36.1,25.1,633.0,43.3,29.9,2.0
2023-03-18T10:00,34.5,23.7,645.0,47.1,31.2,11.0
2023-03-18T11:00,33.9,23.1,652.0,52.4,32.4,24.0
2023-03-18T12:00,35.4,24.0,617.0,41.9,33.3,82.0
2023-03-18T13:00,42.7,29.0,571.0,37.0,30.9,85.0
2023-03-18T14:00,43.4,29.6,505.0,29.9,27.4,90.0
2023-03-18T15:00,40.6,27.6,437.0,21.8,23.6,105.0
2023-03-18T16:00,41.4,28.3,420.0,17.0,22.3,131.0
2023-03-18T17:00,43.2,29.5,420.0,12.9,21.7,164.0
2023-03-18T18:00,47.6,32.6,437.0,13.8,21.2,187.0
2023-03-18T19:00,46.6,31.9,466.0,23.3,21.0,173.0
2023-03-18T20:00,45.2,30.9,508.0,37.9,21.0,142.0
2023-03-18T21:00,45.1,30.7,560.0,54.1,20.8,100.0
2023-03-18T22:00,41.1,28.2,586.0,59.4,20.3,76.0
2023-03-18T23:00,41.1,28.2,608.0,61.6,19.6,52.0
2023-03-19T00:00,41.2,28.1,662.0,63.7,19.7,32.0
2023-03-19T01:00,36.1,24.7,650.0,62.1,19.4,25.0
2023-03-19T02:00,32.6,22.2,633.0,59.7,19.0,16.0
2023-03-19T03:00,34.3,23.6,616.0,56.7,19.0,6.0
2023-03-19T04:00,36.8,25.3,613.0,54.9,19.7,3.0
2023-03-19T05:00,36.3,24.9,614.0,53.3,20.8,3.0
2023-03-19T06:00,41.7,28.8,622.0,51.5,22.6,3.0
2023-03-19T07:00,43.5,30.0,639.0,50.8,24.3,0.0
2023-03-19T08:00,45.1,31.1,662.0,50.4,26.3,0.0
2023-03-19T09:00,47.1,32.6,673.0,48.7,28.1,2.0
2023-03-19T10:00,44.2,30.4,652.0,46.2,28.3,20.0
2023-03-19T11:00,40.4,27.8,615.0,42.9,27.8,46.0
2023-03-19T12:00,38.1,26.0,623.0,41.8,26.9,93.0
2023-03-19T13:00,39.9,27.4,559.0,33.8,24.6,116.0
2023-03-19T14:00,38.5,26.6,469.0,22.5,21.4,149.0
2023-03-19T15:00,42.1,29.2,376.0,11.1,17.7,184.0
2023-03-19T16:00,45.9,31.8,348.0,7.6,16.1,197.0
2023-03-19T17:00,45.6,31.5,340.0,6.8,15.1,204.0
2023-03-19T18:00,44.7,30.9,370.0,12.7,14.4,199.0
2023-03-19T19:00,44.6,30.7,424.0,25.1,14.4,180.0
2023-03-19T20:00,45.5,31.3,505.0,42.6,14.9,152.0
2023-03-19T21:00,50.6,34.9,649.0,66.0,16.2,113.0
2023-03-19T22:00,54.7,37.8,798.0,81.8,17.9,87.0
2023-03-19T23:00,64.0,44.5,975.0,97.4,20.2,61.0
2023-03-20T00:00,75.9,52.9,835.0,63.5,28.1,85.0
2023-03-20T01:00,86.1,59.8,941.0,69.9,30.1,72.0
2023-03-20T02:00,103.1,71.7,1093.0,79.1,33.0,53.0
2023-03-20T03:00,120.6,83.8,1283.0,90.1,36.8,31.0
2023-03-20T04:00,135.5,94.5,1399.0,95.7,39.6,21.0
2023-03-20T05:00,148.5,103.8,1504.0,100.2,42.4,14.0
2023-03-20T06:00,154.1,107.6,1585.0,103.4,44.3,9.0
2023-03-20T07:00,148.5,103.8,1594.0,104.6,43.4,5.0
2023-03-20T08:00,139.7,97.6,1565.0,104.3,41.2,3.0
2023-03-20T09:00,127.1,88.7,1426.0,95.9,36.8,14.0
2023-03-20T10:00,122.0,85.0,1188.0,78.2,32.1,40.0
2023-03-20T11:00,106.9,74.7,871.0,54.0,26.5,76.0
2023-03-20T12:00,33.9,23.3,580.0,30.6,25.2,130.0
2023-03-20T13:00,24.7,16.9,518.0,25.1,22.9,142.0
2023-03-20T14:00,25.5,17.5,429.0,17.4,19.6,158.0
2023-03-20T15:00,29.2,20.1,348.0,10.8,16.5,174.0
2023-03-20T16:00,32.6,22.5,348.0,11.5,16.5,177.0
2023-03-20T17:00,35.0,24.3,378.0,15.2,17.6,175.0
2023-03-20T18:00,34.6,23.9,429.0,21.9,19.3,166.0
2023-03-20T19:00,35.2,24.3,434.0,25.9,19.9,154.0
2023-03-20T20:00,35.5,24.6,436.0,30.5,20.5,138.0
2023-03-20T21:00,40.0,27.7,559.0,44.3,22.1,113.0
2023-03-20T22:00,60.8,42.4,847.0,66.9,24.7,89.0
2023-03-20T23:00,83.4,58.1,1238.0,96.0,28.0,63.0
2023-03-21T00:00,107.1,75.0,1664.0,116.7,28.8,29.0
2023-03-21T01:00,101.0,70.8,1572.0,108.0,26.9,30.0
2023-03-21T02:00,89.2,62.4,1440.0,95.5,24.2,30.0
2023-03-21T03:00,86.4,60.3,1276.0,81.0,21.4,30.0
2023-03-21T04:00,92.0,64.3,1188.0,74.9,21.0,27.0
2023-03-21T05:00,97.8,68.5,1113.0,70.9,21.4,23.0
2023-03-21T06:00,99.7,69.6,1025.0,66.0,21.8,19.0
2023-03-21T07:00,98.3,68.7,974.0,62.5,21.6,16.0
2023-03-21T08:00,100.8,70.5,932.0,59.3,21.2,12.0
2023-03-21T09:00,99.9,69.8,848.0,52.7,19.9,19.0
2023-03-21T10:00,95.2,66.6,731.0,43.6,17.7,39.0
2023-03-21T11:00,72.6,50.8,587.0,32.3,14.9,68.0
2023-03-21T12:00,54.6,38.1,576.0,31.6,16.3,115.0
2023-03-21T13:00,37.8,26.3,506.0,26.0,15.8,123.0
2023-03-21T14:00,34.3,23.8,406.0,18.1,15.2,134.0
2023-03-21T15:00,31.9,22.1,316.0,10.9,15.3,149.0
2023-03-21T16:00,32.5,22.5,323.0,11.0,17.1,162.0
2023-03-21T17:00,34.7,24.0,368.0,13.8,19.7,175.0
2023-03-21T18:00,36.3,25.0,424.0,19.3,22.5,180.0
2023-03-21T19:00,36.6,25.0,443.0,24.4,23.3,166.0
2023-03-21T20:00,35.2,23.9,455.0,30.5,23.5,143.0
2023-03-21T21:00,35.4,23.9,471.0,37.5,22.7,110.0
2023-03-21T22:00,36.8,25.0,479.0,40.3,20.9,88.0
2023-03-21T23:00,39.6,26.8,485.0,42.0,18.3,65.0
2023-03-22T00:00,58.6,40.4,777.0,65.5,22.7,50.0
2023-03-22T01:00,58.1,40.0,800.0,65.4,22.1,44.0
2023-03-22T02:00,58.7,40.5,832.0,65.3,21.3,35.0
2023-03-22T03:00,61.0,42.3,864.0,65.4,21.0,25.0
2023-03-22T04:00,63.1,43.7,870.0,66.4,22.0,19.0
2023-03-22T05:00,66.1,45.9,868.0,67.7,23.5,15.0
2023-03-22T06:00,64.0,44.4,852.0,67.9,25.1,10.0
2023-03-22T07:00,58.2,40.3,833.0,66.4,25.2,6.0
2023-03-22T08:00,60.1,41.7,807.0,63.9,24.9,2.0
2023-03-22T09:00,65.7,45.6,751.0,57.8,24.4,9.0
2023-03-22T10:00,61.0,42.3,681.0,49.7,24.2,30.0
2023-03-22T11:00,56.3,39.0,594.0,39.4,24.0,61.0
2023-03-22T12:00,40.9,28.3,569.0,31.5,28.4,114.0
2023-03-22T13:00,35.0,24.2,539.0,29.1,27.7,110.0
2023-03-22T14:00,34.7,24.0,497.0,25.7,26.6,105.0
2023-03-22T15:00,36.4,25.2,461.0,22.7,26.0,102.0
2023-03-22T16:00,37.1,25.7,471.0,23.0,27.0,107.0
2023-03-22T17:00,38.4,26.4,499.0,24.7,28.7,116.0
2023-03-22T18:00,37.7,25.8,523.0,27.3,29.6,121.0
2023-03-22T19:00,36.2,24.7,504.0,28.5,27.9,115.0
2023-03-22T20:00,33.3,22.5,469.0,29.7,25.0,103.0
2023-03-22T21:00,30.2,20.2,455.0,33.7,21.9,83.0
2023-03-22T22:00,28.5,19.3,506.0,41.1,21.3,63.0
2023-03-22T23:00,30.5,20.7,587.0,50.8,21.4,39.0
2023-03-23T00:00,28.1,19.1,714.0,70.6,19.7,13.0
2023-03-23T01:00,27.2,18.6,716.0,68.8,19.2,12.0
2023-03-23T02:00,29.8,20.5,719.0,66.1,18.4,10.0
2023-03-23T03:00,33.5,23.1,723.0,62.7,17.9,8.0
2023-03-23T04:00,35.7,24.7,729.0,60.9,18.5,9.0
2023-03-23T05:00,39.5,27.3,737.0,59.3,19.5,10.0
2023-03-23T06:00,42.8,29.7,730.0,56.5,20.5,13.0
2023-03-23T07:00,45.8,31.8,696.0,53.3,20.4,13.0
2023-03-23T08:00,47.7,33.2,646.0,49.5,19.9,13.0
2023-03-23T09:00,39.6,27.4,602.0,45.4,19.5,21.0
2023-03-23T10:00,37.7,26.1,613.0,44.9,19.8,36.0
2023-03-23T11:00,35.2,24.4,645.0,45.5,20.4,58.0
2023-03-23T12:00,26.8,18.4,624.0,42.2,18.1,85.0
2023-03-23T13:00,30.7,21.2,588.0,36.2,19.1,96.0
2023-03-23T14:00,34.1,23.6,537.0,27.7,20.5,113.0
2023-03-23T15:00,38.9,26.9,483.0,18.4,21.8,140.0
2023-03-23T16:00,45.2,31.3,466.0,14.5,21.5,170.0
2023-03-23T17:00,46.2,32.0,461.0,12.1,20.7,205.0
2023-03-23T18:00,46.2,31.9,467.0,13.8,19.9,228.0
2023-03-23T19:00,44.4,30.5,470.0,20.6,20.2,212.0
2023-03-23T20:00,41.2,28.2,478.0,31.0,21.0,177.0
2023-03-23T21:00,39.3,26.8,544.0,45.9,21.5,126.0
2023-03-23T22:00,39.6,27.1,684.0,58.2,20.9,90.0
2023-03-23T23:00,46.7,32.1,872.0,71.3,19.8,51.0
2023-03-24T00:00,48.3,33.2,898.0,84.7,16.8,7.0
2023-03-24T01:00,40.0,27.4,930.0,80.2,18.1,5.0
2023-03-24T02:00,41.4,28.5,976.0,73.7,19.9,3.0
2023-03-24T03:00,46.0,31.8,1021.0,67.2,22.6,0.0
2023-03-24T04:00,49.6,34.3,1023.0,66.2,24.7,0.0
2023-03-24T05:00,52.3,36.1,1009.0,67.0,27.1,0.0
2023-03-24T06:00,54.9,37.8,1004.0,67.8,29.5,0.0
2023-03-24T07:00,57.6,39.8,1031.0,66.8,30.7,0.0
2023-03-24T08:00,61.7,42.7,1072.0,65.3,31.6,0.0
2023-03-24T09:00,67.3,46.7,1102.0,64.5,31.3,1.0
2023-03-24T10:00,62.4,43.2,1104.0,68.1,29.7,23.0
2023-03-24T11:00,67.1,46.7,1092.0,73.4,27.1,54.0
2023-03-24T12:00,59.6,41.3,1072.0,76.1,28.8,101.0
2023-03-24T13:00,45.5,31.5,894.0,59.0,25.1,120.0
2023-03-24T14:00,38.8,26.8,641.0,34.7,19.8,146.0
2023-03-24T15:00,33.4,23.1,369.0,9.6,13.7,172.0
2023-03-24T16:00,29.3,20.3,281.0,2.2,10.8,176.0
2023-03-24T17:00,25.9,17.9,248.0,0.7,8.8,172.0
2023-03-24T18:00,23.4,16.1,268.0,8.3,7.5,156.0
2023-03-24T19:00,22.2,15.2,327.0,24.4,8.0,131.0
2023-03-24T20:00,23.9,16.3,427.0,47.6,9.5,98.0
2023-03-24T21:00,33.6,23.1,599.0,76.5,12.3,59.0
2023-03-24T22:00,51.9,35.9,789.0,94.4,15.2,41.0
2023-03-24T23:00,61.2,42.4,1013.0,110.8,18.8,28.0
2023-03-25T00:00,58.9,40.7,1260.0,135.0,23.0,16.0
2023-03-25T01:00,51.5,35.5,1114.0,117.1,22.7,21.0
2023-03-25T02:00,38.9,26.7,905.0,91.7,22.1,28.0
2023-03-25T03:00,35.2,24.0,678.0,63.4,21.2,34.0
2023-03-25T04:00,33.8,23.1,605.0,53.5,20.2,34.0
2023-03-25T05:00,33.6,23.0,576.0,48.6,19.1,32.0
2023-03-25T06:00,38.6,26.6,559.0,44.6,17.5,28.0
2023-03-25T07:00,42.4,29.3,550.0,42.0,16.2,24.0
2023-03-25T08:00,45.2,31.2,553.0,40.7,14.8,20.0
2023-03-25T09:00,43.1,29.6,550.0,38.9,13.8,22.0
2023-03-25T10:00,46.4,32.0,534.0,37.2,14.4,32.0
2023-03-25T11:00,33.4,22.8,513.0,35.5,15.8,46.0
2023-03-25T12:00,28.8,19.6,524.0,35.1,19.0,77.0
2023-03-25T13:00,30.6,20.9,484.0,28.7,18.1,102.0
2023-03-25T14:00,35.4,24.3,427.0,19.6,16.7,137.0
2023-03-25T15:00,38.8,26.7,364.0,10.2,15.0,174.0
2023-03-25T16:00,38.4,26.4,336.0,6.6,13.9,187.0
2023-03-25T17:00,36.8,25.3,318.0,4.9,12.8,194.0
2023-03-25T18:00,34.6,23.7,329.0,10.1,12.1,186.0
2023-03-25T19:00,32.8,22.5,357.0,22.5,12.4,163.0
2023-03-25T20:00,33.5,22.9,406.0,40.3,13.2,128.0
2023-03-25T21:00,37.7,25.8,560.0,66.0,15.3,83.0
2023-03-25T22:00,48.9,33.6,800.0,86.1,17.8,54.0
2023-03-25T23:00,58.2,40.2,1111.0,107.4,21.1,27.0
2023-03-26T00:00,90.6,62.6,2144.0,166.6,31.1,0.0
2023-03-26T01:00,98.3,68.0,2181.0,170.8,32.5,0.0
2023-03-26T02:00,106.6,74.0,2233.0,176.7,34.4,0.0
2023-03-26T03:00,109.4,75.9,2259.0,181.9,36.6,0.0
2023-03-26T04:00,112.2,78.0,2218.0,182.4,37.4,0.0
2023-03-26T05:00,114.6,79.9,2143.0,181.0,37.8,0.0
2023-03-26T06:00,116.2,81.0,2019.0,173.8,37.9,0.0
2023-03-26T07:00,115.0,80.1,1926.0,163.5,38.0,0.0
2023-03-26T08:00,111.8,78.0,1821.0,149.6,37.8,1.0
2023-03-26T09:00,107.1,75.0,1622.0,126.9,35.8,17.0
2023-03-26T10:00,102.2,71.2,1389.0,105.2,31.9,50.0
2023-03-26T11:00,85.4,59.6,1109.0,80.3,26.6,96.0
2023-03-26T12:00,53.3,37.1,848.0,55.5,22.2,150.0
2023-03-26T13:00,36.3,25.3,706.0,43.0,18.6,156.0
2023-03-26T14:00,29.0,20.1,505.0,25.2,13.4,163.0
2023-03-26T15:00,27.5,19.1,295.0,7.1,7.9,170.0
2023-03-26T16:00,26.7,18.5,234.0,1.3,6.2,172.0
2023-03-26T17:00,26.3,18.2,220.0,0.0,5.7,172.0
2023-03-26T18:00,25.3,17.5,265.0,8.3,5.9,159.0
2023-03-26T19:00,24.2,16.8,336.0,28.3,6.5,129.0
2023-03-26T20:00,25.2,17.5,444.0,56.6,7.6,88.0
2023-03-26T21:00,35.6,24.7,681.0,89.5,9.2,43.0
2023-03-26T22:00,54.5,38.1,1034.0,106.6,10.6,24.0
2023-03-26T23:00,64.0,44.7,1477.0,120.0,12.1,11.0
2023-03-27T00:00,47.5,33.1,924.0,77.4,9.3,36.0
2023-03-27T01:00,34.1,23.7,779.0,63.9,8.7,47.0
2023-03-27T02:00,20.4,14.2,572.0,44.8,7.7,62.0
2023-03-27T03:00,14.6,10.2,352.0,24.1,6.9,77.0
2023-03-27T04:00,15.1,10.5,293.0,17.7,7.0,79.0
2023-03-27T05:00,16.1,11.2,284.0,15.5,7.5,77.0
2023-03-27T06:00,14.6,10.1,285.0,14.6,7.8,71.0
2023-03-27T07:00,13.5,9.5,273.0,13.9,7.2,65.0
2023-03-27T08:00,12.6,8.7,266.0,14.1,6.2,58.0
2023-03-27T09:00,13.6,9.4,264.0,15.6,5.4,49.0
2023-03-27T10:00,11.7,8.0,273.0,18.4,5.8,42.0
2023-03-27T11:00,9.8,6.6,289.0,22.2,6.6,34.0
2023-03-27T12:00,11.8,7.8,328.0,26.3,8.3,30.0
2023-03-27T13:00,17.7,11.8,320.0,23.4,8.7,46.0
2023-03-27T14:00,21.7,14.4,309.0,19.3,9.3,69.0
2023-03-27T15:00,26.3,17.4,295.0,15.3,9.9,92.0
2023-03-27T16:00,29.7,19.6,282.0,14.1,10.0,99.0
2023-03-27T17:00,28.5,18.6,267.0,13.9,9.9,101.0
2023-03-27T18:00,26.5,17.2,266.0,16.8,9.8,93.0
2023-03-27T19:00,24.8,16.2,292.0,23.4,10.0,74.0
2023-03-27T20:00,22.4,14.5,333.0,32.7,10.3,47.0
2023-03-27T21:00,22.4,14.6,375.0,41.7,10.6,19.0
2023-03-27T22:00,21.6,13.9,385.0,42.9,10.7,12.0
2023-03-27T23:00,20.9,13.5,385.0,41.3,10.6,11.0
2023-03-28T00:00,20.2,12.9,357.0,37.0,9.5,13.0
2023-03-28T01:00,20.3,12.8,339.0,35.2,9.7,14.0
2023-03-28T02:00,19.6,12.4,314.0,32.6,9.9,16.0
2023-03-28T03:00,20.1,12.8,282.0,28.6,10.2,19.0
2023-03-28T04:00,19.5,12.4,262.0,25.0,10.3,22.0
2023-03-28T05:00,21.2,13.5,244.0,21.0,10.3,25.0
2023-03-28T06:00,22.8,14.8,232.0,17.4,10.5,27.0
2023-03-28T07:00,22.9,15.0,237.0,17.0,10.8,26.0
2023-03-28T08:00,22.0,14.6,250.0,18.0,11.2,24.0
2023-03-28T09:00,24.5,16.4,274.0,20.0,12.0,23.0
2023-03-28T10:00,22.6,15.1,297.0,21.9,13.1,25.0
2023-03-28T11:00,19.4,13.1,325.0,24.2,14.4,28.0
2023-03-28T12:00,20.9,14.1,347.0,25.3,15.4,38.0
2023-03-28T13:00,23.3,15.7,350.0,23.8,15.5,55.0
2023-03-28T14:00,29.7,19.8,354.0,21.6,15.7,78.0
2023-03-28T15:00,37.0,24.6,357.0,18.7,15.7,110.0
2023-03-28T16:00,42.7,28.3,354.0,15.5,15.5,136.0
2023-03-28T17:00,44.8,29.6,348.0,12.0,15.1,163.0
2023-03-28T18:00,42.8,28.2,351.0,12.8,14.5,174.0
2023-03-28T19:00,38.5,25.3,368.0,22.1,14.0,146.0
2023-03-28T20:00,34.1,22.6,393.0,36.0,13.5,98.0
2023-03-28T21:00,30.3,20.1,427.0,50.2,13.3,43.0
2023-03-28T22:00,28.2,18.6,444.0,52.4,13.7,23.0
2023-03-28T23:00,25.1,16.8,458.0,50.7,14.4,11.0
2023-03-29T00:00,21.0,14.1,471.0,46.6,16.2,3.0
2023-03-29T01:00,23.4,16.0,505.0,45.7,16.8,2.0
2023-03-29T02:00,25.1,17.3,553.0,44.5,17.7,2.0
2023-03-29T03:00,26.2,18.1,606.0,42.9,18.9,1.0
2023-03-29T04:00,31.3,21.8,620.0,42.0,19.6,1.0
2023-03-29T05:00,34.0,23.7,623.0,41.1,20.2,2.0
2023-03-29T06:00,36.1,25.3,643.0,40.6,21.3,2.0
2023-03-29T07:00,39.7,27.9,697.0,41.0,22.8,0.0
2023-03-29T08:00,45.5,31.9,769.0,42.0,24.6,0.0
2023-03-29T09:00,50.8,35.6,818.0,43.1,25.7,1.0
2023-03-29T10:00,53.0,37.0,786.0,44.6,24.7,18.0
2023-03-29T11:00,46.6,32.2,716.0,46.2,22.6,44.0
2023-03-29T12:00,28.6,19.7,618.0,43.5,19.4,91.0
2023-03-29T13:00,26.0,18.0,550.0,34.7,17.1,110.0
2023-03-29T14:00,27.1,18.8,452.0,22.2,13.7,137.0
2023-03-29T15:00,30.2,20.9,350.0,10.2,10.0,160.0
2023-03-29T16:00,28.1,19.5,316.0,8.1,8.4,158.0
2023-03-29T17:00,27.0,18.7,303.0,9.6,7.5,146.0
2023-03-29T18:00,27.9,19.3,326.0,17.6,7.4,126.0
2023-03-29T19:00,30.4,21.0,352.0,28.8,8.6,110.0
2023-03-29T20:00,31.4,21.7,397.0,44.0,10.7,91.0
2023-03-29T21:00,37.3,25.8,586.0,67.5,13.4,65.0
2023-03-29T22:00,51.7,36.0,880.0,89.0,14.9,44.0
2023-03-29T23:00,64.3,44.8,1270.0,113.1,16.2,22.0
2023-03-30T00:00,126.2,88.0,2720.0,228.8,36.8,0.0
2023-03-30T01:00,142.5,99.7,2810.0,227.7,36.4,0.0
2023-03-30T02:00,134.6,94.1,2935.0,225.9,35.9,0.0
2023-03-30T03:00,133.6,93.4,2995.0,219.7,35.1,0.0
2023-03-30T04:00,135.0,94.3,2863.0,210.1,34.3,0.0
2023-03-30T05:00,139.2,97.6,2640.0,197.5,33.3,0.0
2023-03-30T06:00,141.6,98.7,2390.0,181.1,32.4,0.0
2023-03-30T07:00,140.2,98.0,2350.0,172.9,32.2,0.0
2023-03-30T08:00,145.8,101.7,2367.0,165.9,32.2,0.0
2023-03-30T09:00,152.3,106.4,2260.0,149.2,32.8,0.0
2023-03-30T10:00,147.6,103.4,1955.0,125.1,34.4,33.0
2023-03-30T11:00,131.3,91.5,1536.0,94.8,36.5,81.0
2023-03-30T12:00,43.0,29.9,768.0,46.5,21.8,109.0
2023-03-30T13:00,32.7,22.8,656.0,37.3,19.1,114.0
2023-03-30T14:00,27.1,18.8,496.0,24.3,15.2,121.0
2023-03-30T15:00,25.4,17.6,325.0,10.8,10.8,128.0
2023-03-30T16:00,24.1,16.7,256.0,5.3,8.7,133.0
2023-03-30T17:00,21.9,15.2,219.0,2.5,7.1,137.0
2023-03-30T18:00,21.2,14.6,258.0,10.3,6.6,130.0
2023-03-30T19:00,22.6,15.6,334.0,29.9,7.8,108.0
2023-03-30T20:00,25.2,17.3,460.0,58.1,10.1,78.0
2023-03-30T21:00,43.1,29.9,853.0,96.9,14.7,41.0
2023-03-30T22:00,76.4,53.2,1491.0,125.7,20.0,24.0
2023-03-30T23:00,103.6,72.4,2319.0,155.3,26.6,11.0
2023-03-31T00:00,122.5,85.7,3351.0,176.8,31.8,0.0
2023-03-31T01:00,141.1,98.5,3597.0,167.1,32.7,0.0
2023-03-31T02:00,142.5,99.7,3938.0,153.3,34.0,0.0
2023-03-31T03:00,140.2,98.0,4081.0,136.3,33.8,0.0
2023-03-31T04:00,137.4,95.9,3701.0,128.0,30.8,1.0
2023-03-31T05:00,141.1,98.7,3063.0,121.4,26.2,2.0
2023-03-31T06:00,91.0,63.6,2259.0,112.0,20.3,3.0
2023-03-31T07:00,53.2,37.1,1828.0,102.7,16.4,2.0
2023-03-31T08:00,49.8,34.8,1453.0,92.5,12.7,1.0
2023-03-31T09:00,56.9,39.8,1089.0,81.4,9.7,8.0
2023-03-31T10:00,68.2,47.6,978.0,78.0,10.3,24.0
2023-03-31T11:00,64.7,45.2,971.0,76.9,12.6,46.0
2023-03-31T12:00,59.6,41.6,1079.0,84.3,15.2,70.0
2023-03-31T13:00,52.4,36.4,916.0,65.9,14.4,98.0
2023-03-31T14:00,54.0,37.6,684.0,39.9,13.3,137.0
2023-03-31T15:00,47.3,32.9,436.0,14.0,11.6,171.0
2023-03-31T16:00,34.1,23.7,360.0,8.9,9.9,166.0
2023-03-31T17:00,31.4,21.8,336.0,11.1,7.9,145.0
2023-03-31T18:00,32.9,22.8,352.0,20.9,6.2,114.0
2023-03-31T19:00,31.4,21.8,376.0,33.8,6.3,92.0
2023-03-31T20:00,31.5,21.9,424.0,51.3,7.2,69.0
2023-03-31T21:00,34.0,23.6,589.0,73.8,8.7,42.0
2023-03-31T22:00,43.7,30.4,847.0,88.2,10.0,26.0
2023-03-31T23:00,50.5,35.3,1185.0,101.7,11.5,14.0
2023-04-01T00:00,44.5,31.0,913.0,91.9,12.9,4.0
2023-04-01T01:00,50.8,35.4,1030.0,94.4,14.3,3.0
2023-04-01T02:00,58.8,41.0,1198.0,97.9,16.2,2.0
2023-04-01T03:00,68.5,47.8,1397.0,101.9,18.4,0.0
2023-04-01T04:00,75.9,53.0,1490.0,103.9,19.3,0.0
2023-04-01T05:00,85.0,59.5,1561.0,105.4,19.9,0.0
2023-04-01T06:00,95.7,66.8,1635.0,105.9,19.8,0.0
2023-04-01T07:00,107.1,75.0,1699.0,105.1,18.7,0.0
2023-04-01T08:00,109.4,76.6,1756.0,103.3,16.9,0.0
2023-04-01T09:00,99.4,69.6,1747.0,98.8,15.1,0.0
2023-04-01T10:00,99.7,69.8,1639.0,94.7,15.3,22.0
2023-04-01T11:00,96.4,67.3,1467.0,89.5,16.0,55.0
2023-04-01T12:00,64.7,45.3,1182.0,77.3,15.2,96.0
2023-04-01T13:00,36.1,25.1,952.0,59.9,13.3,98.0
2023-04-01T14:00,24.5,17.1,626.0,35.3,10.6,100.0
2023-04-01T15:00,19.5,13.6,283.0,9.9,7.5,103.0
2023-04-01T16:00,15.5,10.8,194.0,3.4,6.2,105.0
2023-04-01T17:00,13.6,9.4,185.0,3.2,5.5,107.0
2023-04-01T18:00,12.8,8.8,217.0,9.0,5.3,102.0
2023-04-01T19:00,14.2,9.5,261.0,19.6,6.1,86.0
2023-04-01T20:00,17.5,11.5,333.0,34.6,7.5,62.0
2023-04-01T21:00,19.9,13.0,409.0,49.5,9.1,36.0
2023-04-01T22:00,19.4,12.8,432.0,51.9,9.6,25.0
2023-04-01T23:00,17.6,11.7,439.0,49.9,9.9,17.0
2023-04-02T00:00,17.2,11.0,386.0,40.9,9.4,16.0
2023-04-02T01:00,11.7,7.5,330.0,34.5,8.4,22.0
2023-04-02T02:00,10.9,6.9,251.0,25.3,7.0,30.0
2023-04-02T03:00,11.4,7.1,163.0,14.9,5.7,40.0
2023-04-02T04:00,12.6,7.7,132.0,10.6,5.5,44.0
2023-04-02T05:00,13.9,8.5,118.0,8.0,5.8,48.0
2023-04-02T06:00,15.3,9.3,110.0,6.1,6.3,50.0
2023-04-02T07:00,16.7,10.1,106.0,5.3,6.7,50.0
2023-04-02T08:00,16.1,9.8,108.0,5.5,7.2,50.0
2023-04-02T09:00,16.3,10.0,133.0,8.5,7.9,46.0
2023-04-02T10:00,17.1,10.5,186.0,15.0,8.6,39.0
2023-04-02T11:00,17.8,11.0,258.0,23.8,9.4,31.0
2023-04-02T12:00,19.7,12.3,298.0,24.2,10.2,34.0
2023-04-02T13:00,22.7,14.1,282.0,21.7,10.2,44.0
2023-04-02T14:00,25.8,16.2,259.0,18.1,10.2,59.0
2023-04-02T15:00,28.4,17.9,235.0,14.2,10.2,77.0
2023-04-02T16:00,32.0,20.3,227.0,12.5,10.2,87.0
2023-04-02T17:00,31.5,20.0,224.0,11.4,10.2,95.0
2023-04-02T18:00,29.6,18.6,227.0,12.8,10.3,97.0
2023-04-02T19:00,27.5,17.2,236.0,17.6,10.4,87.0
2023-04-02T20:00,24.6,15.4,251.0,24.7,10.4,71.0
2023-04-02T21:00,23.5,14.6,275.0,32.7,10.8,50.0
2023-04-02T22:00,23.5,14.9,297.0,35.7,11.4,38.0
2023-04-02T23:00,22.9,14.4,323.0,37.5,12.1,27.0
2023-04-03T00:00,22.7,14.3,431.0,46.1,13.6,7.0
2023-04-03T01:00,22.6,14.2,429.0,45.8,14.3,7.0
2023-04-03T02:00,22.5,14.3,425.0,45.4,15.3,6.0
2023-04-03T03:00,22.7,14.6,410.0,43.1,16.5,7.0
2023-04-03T04:00,22.3,14.4,380.0,38.7,17.1,11.0
2023-04-03T05:00,23.1,15.0,341.0,32.9,17.6,16.0
2023-04-03T06:00,23.6,15.5,306.0,27.2,18.3,21.0
2023-04-03T07:00,24.2,15.9,309.0,26.5,18.9,20.0
2023-04-03T08:00,24.4,16.3,326.0,27.6,19.5,18.0
2023-04-03T09:00,26.1,17.6,352.0,28.9,20.2,19.0
2023-04-03T10:00,27.9,18.9,369.0,29.1,20.6,26.0
2023-04-03T11:00,18.5,12.4,388.0,29.0,20.9,37.0
2023-04-03T12:00,18.0,12.2,388.0,26.6,19.9,60.0
2023-04-03T13:00,22.4,15.3,375.0,24.1,19.2,68.0
2023-04-03T14:00,27.4,18.7,357.0,20.5,18.3,80.0
2023-04-03T15:00,30.0,20.5,339.0,16.4,17.2,100.0
2023-04-03T16:00,36.9,25.3,335.0,13.7,16.7,122.0
2023-04-03T17:00,40.2,27.5,337.0,11.3,16.4,147.0
2023-04-03T18:00,40.7,27.7,348.0,12.6,16.0,163.0
2023-04-03T19:00,40.6,27.5,354.0,19.7,15.6,150.0
2023-04-03T20:00,38.1,25.6,363.0,30.3,15.3,123.0
2023-04-03T21:00,33.9,22.7,421.0,43.7,15.5,84.0
2023-04-03T22:00,32.0,21.5,529.0,51.7,16.4,57.0
2023-04-03T23:00,30.7,20.8,673.0,58.9,17.7,29.0
2023-04-04T00:00,41.6,28.2,1028.0,69.9,22.0,10.0
2023-04-04T01:00,45.4,31.0,1121.0,68.1,24.0,7.0
2023-04-04T02:00,46.1,31.7,1253.0,65.6,26.9,4.0
2023-04-04T03:00,48.5,33.6,1394.0,62.6,30.6,0.0
2023-04-04T04:00,54.2,37.7,1440.0,61.3,32.8,0.0
2023-04-04T05:00,59.6,41.7,1457.0,60.4,34.9,0.0
2023-04-04T06:00,64.3,44.9,1440.0,59.1,37.0,0.0
2023-04-04T07:00,68.7,48.1,1398.0,57.7,37.8,0.0
2023-04-04T08:00,64.3,44.9,1331.0,56.1,38.0,0.0
2023-04-04T09:00,59.5,41.6,1205.0,54.0,38.1,0.0
2023-04-04T10:00,67.8,47.3,1071.0,53.6,38.5,20.0
2023-04-04T11:00,61.7,42.6,910.0,53.6,38.8,50.0
2023-04-04T12:00,48.8,33.6,808.0,58.0,36.8,100.0
2023-04-04T13:00,40.6,28.0,710.0,46.7,34.3,119.0
2023-04-04T14:00,40.9,28.2,572.0,30.6,30.8,146.0
2023-04-04T15:00,42.6,29.5,423.0,14.0,26.3,175.0
2023-04-04T16:00,42.0,29.1,377.0,9.5,23.5,185.0
2023-04-04T17:00,39.7,27.5,362.0,8.9,21.0,190.0
2023-04-04T18:00,37.0,25.6,366.0,12.8,18.8,184.0
2023-04-04T19:00,33.6,23.0,373.0,19.8,18.8,167.0
2023-04-04T20:00,33.1,22.2,393.0,29.9,19.7,141.0
2023-04-04T21:00,38.5,25.7,458.0,43.8,21.0,108.0
2023-04-04T22:00,46.0,31.2,553.0,53.0,21.4,91.0
2023-04-04T23:00,57.7,39.2,677.0,62.1,21.7,76.0
2023-04-05T00:00,82.2,56.6,1716.0,133.5,27.4,13.0
2023-04-05T01:00,93.8,64.7,1768.0,139.1,29.3,11.0
2023-04-05T02:00,101.0,69.8,1839.0,146.9,32.0,7.0
2023-04-05T03:00,106.2,73.3,1853.0,150.1,35.2,6.0
2023-04-05T04:00,105.0,72.6,1738.0,141.8,37.0,11.0
2023-04-05T05:00,101.0,69.8,1556.0,127.6,38.4,18.0
2023-04-05T06:00,104.3,72.2,1332.0,108.5,39.3,26.0
2023-04-05T07:00,106.6,74.0,1227.0,96.8,38.7,26.0
2023-04-05T08:00,104.8,72.9,1144.0,85.5,37.3,23.0
2023-04-05T09:00,94.3,65.4,1034.0,71.5,35.2,28.0
2023-04-05T10:00,95.2,66.1,940.0,62.3,33.8,45.0
2023-04-05T11:00,96.2,66.8,843.0,54.0,32.2,69.0
2023-04-05T12:00,53.2,36.3,640.0,39.2,27.9,107.0
2023-04-05T13:00,49.1,33.4,586.0,32.0,25.8,131.0
2023-04-05T14:00,52.2,35.5,509.0,21.7,22.7,166.0
2023-04-05T15:00,53.8,36.6,424.0,11.3,19.3,201.0
2023-04-05T16:00,52.2,35.4,393.0,8.7,18.0,210.0
2023-04-05T17:00,48.7,32.8,378.0,8.9,17.3,209.0
2023-04-05T18:00,44.5,29.7,367.0,12.7,16.5,194.0
2023-04-05T19:00,39.8,26.3,361.0,19.4,15.8,166.0
2023-04-05T20:00,32.9,21.3,359.0,28.7,15.1,127.0
2023-04-05T21:00,28.0,17.8,374.0,40.1,14.5,79.0
2023-04-05T22:00,24.2,15.5,404.0,46.2,14.3,54.0
2023-04-05T23:00,23.3,15.1,446.0,51.2,14.2,34.0
2023-04-06T00:00,23.5,15.1,491.0,52.3,13.7,17.0
2023-04-06T01:00,24.7,16.1,479.0,50.4,13.9,17.0
2023-04-06T02:00,26.1,17.4,461.0,47.7,14.2,17.0
2023-04-06T03:00,27.1,18.0,437.0,43.6,14.9,18.0
2023-04-06T04:00,27.7,18.5,421.0,40.3,15.7,20.0
2023-04-06T05:00,29.2,19.6,405.0,36.7,16.8,23.0
2023-04-06T06:00,30.5,20.4,385.0,32.4,18.0,26.0
2023-04-06T07:00,32.6,21.9,366.0,29.6,18.7,27.0
2023-04-06T08:00,31.0,20.7,346.0,27.0,19.2,28.0
2023-04-06T09:00,30.2,20.3,336.0,25.4,19.8,31.0
2023-04-06T10:00,28.7,19.2,358.0,27.3,20.4,34.0
2023-04-06T11:00,26.0,17.2,395.0,30.8,21.1,39.0
2023-04-06T12:00,31.0,20.5,495.0,34.9,23.2,68.0
2023-04-06T13:00,31.7,20.8,449.0,29.0,20.8,85.0
2023-04-06T14:00,32.7,21.5,383.0,20.6,17.4,110.0
2023-04-06T15:00,35.5,23.5,314.0,12.3,13.7,135.0
2023-04-06T16:00,36.0,23.9,297.0,10.5,12.4,144.0
2023-04-06T17:00,35.6,23.7,296.0,11.0,11.7,148.0
2023-04-06T18:00,32.0,21.3,307.0,15.5,11.3,139.0
2023-04-06T19:00,28.6,19.0,323.0,23.5,11.3,114.0
2023-04-06T20:00,23.7,15.7,347.0,34.5,11.6,79.0
2023-04-06T21:00,19.7,13.2,382.0,46.0,12.1,38.0
2023-04-06T22:00,19.1,12.9,413.0,49.1,12.4,22.0
2023-04-06T23:00,18.9,12.9,446.0,49.6,12.7,12.0
2023-04-07T00:00,19.1,13.0,483.0,48.8,12.9,5.0
2023-04-07T01:00,17.1,11.6,451.0,45.8,12.8,8.0
2023-04-07T02:00,16.5,11.3,405.0,41.4,12.7,12.0
2023-04-07T03:00,16.2,11.1,346.0,34.9,12.3,18.0
2023-04-07T04:00,15.7,10.7,307.0,29.1,11.7,24.0
2023-04-07T05:00,15.9,10.9,270.0,22.8,10.8,32.0
2023-04-07T06:00,16.9,11.6,242.0,17.0,10.1,38.0
2023-04-07T07:00,15.3,10.6,241.0,15.8,10.0,38.0
2023-04-07T08:00,14.6,10.2,254.0,16.5,10.1,36.0
2023-04-07T09:00,16.9,11.8,304.0,21.3,10.8,31.0
2023-04-07T10:00,19.3,13.4,384.0,29.8,12.2,25.0
2023-04-07T11:00,21.7,15.1,491.0,41.3,14.1,17.0
2023-04-07T12:00,26.7,18.6,692.0,57.4,15.6,11.0
2023-04-07T13:00,30.4,21.1,724.0,60.5,16.4,26.0
2023-04-07T14:00,37.1,25.9,770.0,64.9,17.6,47.0
2023-04-07T15:00,52.9,36.8,796.0,67.9,18.3,68.0
2023-04-07T16:00,55.9,39.1,757.0,64.8,17.6,71.0
2023-04-07T17:00,53.9,37.6,688.0,59.1,16.2,69.0
2023-04-07T18:00,45.2,31.5,617.0,55.4,14.3,60.0
2023-04-07T19:00,37.8,26.5,602.0,59.9,13.0,49.0
2023-04-07T20:00,32.4,22.6,605.0,68.0,11.7,34.0
2023-04-07T21:00,33.2,23.2,639.0,76.2,10.6,17.0
2023-04-07T22:00,37.4,26.1,712.0,77.9,10.7,11.0
2023-04-07T23:00,34.9,24.4,810.0,77.4,11.4,7.0
2023-04-08T00:00,19.2,13.4,495.0,46.3,7.2,18.0
2023-04-08T01:00,16.2,11.3,461.0,43.3,7.2,19.0
2023-04-08T02:00,15.0,10.4,412.0,38.9,7.2,20.0
2023-04-08T03:00,12.8,8.8,342.0,31.9,6.7,23.0
2023-04-08T04:00,10.8,7.4,286.0,25.2,5.6,28.0
2023-04-08T05:00,10.3,7.1,227.0,17.6,4.2,34.0
2023-04-08T06:00,13.2,9.0,168.0,10.2,2.8,40.0
2023-04-08T07:00,10.8,7.3,146.0,8.2,2.5,42.0
2023-04-08T08:00,11.6,7.9,137.0,8.3,2.6,41.0
2023-04-08T09:00,10.2,6.9,160.0,11.3,3.1,39.0
2023-04-08T10:00,10.0,6.8,225.0,17.4,3.9,33.0
2023-04-08T11:00,11.8,8.0,317.0,26.0,4.9,25.0
2023-04-08T12:00,15.8,10.6,392.0,31.8,7.2,24.0
2023-04-08T13:00,18.5,12.3,364.0,28.4,7.8,33.0
2023-04-08T14:00,21.6,14.5,325.0,23.6,8.7,46.0
2023-04-08T15:00,22.5,15.1,280.0,18.8,9.5,59.0
2023-04-08T16:00,22.1,14.8,260.0,17.5,9.4,63.0
2023-04-08T17:00,20.4,13.7,246.0,17.5,9.0,64.0
2023-04-08T18:00,18.9,12.6,244.0,20.4,8.8,59.0
2023-04-08T19:00,17.5,11.6,261.0,26.7,9.3,49.0
2023-04-08T20:00,16.4,10.9,289.0,35.3,10.1,34.0
2023-04-08T21:00,15.2,10.2,331.0,44.1,11.2,18.0
2023-04-08T22:00,14.8,9.9,365.0,45.9,11.8,12.0
2023-04-08T23:00,15.4,10.3,403.0,45.3,12.2,9.0
2023-04-09T00:00,15.5,10.5,413.0,42.5,11.2,10.0
2023-04-09T01:00,14.3,9.7,393.0,40.1,11.3,12.0
2023-04-09T02:00,14.2,9.5,363.0,36.7,11.5,15.0
2023-04-09T03:00,13.4,9.0,320.0,31.3,11.5,19.0
2023-04-09T04:00,12.8,8.5,285.0,26.2,11.1,23.0
2023-04-09T05:00,12.8,8.6,248.0,20.4,10.4,29.0
2023-04-09T06:00,13.1,8.8,209.0,14.5,9.6,34.0
2023-04-09T07:00,12.6,8.5,191.0,12.1,9.2,36.0
2023-04-09T08:00,13.3,8.9,180.0,11.0,9.0,38.0
2023-04-09T09:00,13.5,9.0,191.0,12.2,9.0,37.0
2023-04-09T10:00,15.7,10.4,236.0,17.0,9.6,32.0
2023-04-09T11:00,14.6,9.7,301.0,24.0,10.4,25.0
2023-04-09T12:00,16.3,10.7,359.0,29.2,11.7,24.0
2023-04-09T13:00,17.3,11.2,331.0,25.9,11.5,33.0
2023-04-09T14:00,21.4,13.9,290.0,21.1,11.2,45.0
2023-04-09T15:00,21.4,13.9,247.0,16.1,10.9,60.0
2023-04-09T16:00,22.4,14.7,233.0,14.1,10.8,70.0
2023-04-09T17:00,21.9,14.3,229.0,13.1,10.7,80.0
2023-04-09T18:00,21.5,14.0,234.0,14.9,10.7,83.0
2023-04-09T19:00,19.7,12.7,245.0,20.2,10.6,71.0
2023-04-09T20:00,17.3,11.1,262.0,28.0,10.5,51.0
2023-04-09T21:00,16.1,10.3,298.0,36.9,10.7,27.0
2023-04-09T22:00,17.2,11.2,346.0,40.9,11.4,16.0
2023-04-09T23:00,17.9,11.7,405.0,43.7,12.4,9.0
2023-04-10T00:00,15.6,10.3,417.0,43.9,13.6,5.0
2023-04-10T01:00,15.8,10.5,403.0,41.9,13.6,7.0
2023-04-10T02:00,15.3,10.2,384.0,39.1,13.7,9.0
2023-04-10T03:00,14.7,9.9,356.0,34.9,13.9,13.0
2023-04-10T04:00,15.4,10.4,333.0,31.2,14.2,16.0
2023-04-10T05:00,16.5,11.2,308.0,27.1,14.5,20.0
2023-04-10T06:00,17.4,11.9,288.0,23.4,15.1,24.0
2023-04-10T07:00,19.7,13.5,290.0,23.1,15.6,23.0
2023-04-10T08:00,18.9,13.0,303.0,24.1,16.1,21.0
2023-04-10T09:00,20.9,14.3,327.0,25.7,16.7,22.0
2023-04-10T10:00,24.5,16.8,356.0,27.0,17.3,27.0
2023-04-10T11:00,20.5,13.8,391.0,28.6,17.8,34.0
2023-04-10T12:00,15.1,10.0,358.0,24.9,15.2,49.0
2023-04-10T13:00,17.3,11.5,328.0,22.3,14.4,53.0
2023-04-10T14:00,19.4,13.0,285.0,18.7,13.2,58.0
2023-04-10T15:00,20.5,13.7,238.0,14.7,11.8,65.0
2023-04-10T16:00,20.5,13.7,219.0,12.5,11.1,70.0
2023-04-10T17:00,19.3,13.0,209.0,10.8,10.5,75.0
2023-04-10T18:00,17.9,11.9,211.0,12.3,10.1,75.0
2023-04-10T19:00,16.9,11.1,223.0,18.4,10.2,66.0
2023-04-10T20:00,16.2,10.7,245.0,27.4,10.5,51.0
2023-04-10T21:00,16.3,10.7,303.0,38.3,11.4,32.0
2023-04-10T22:00,19.1,12.7,392.0,43.8,12.5,21.0
2023-04-10T23:00,21.5,14.5,505.0,48.2,14.0,11.0
2023-04-11T00:00,20.0,13.4,674.0,52.7,15.5,2.0
2023-04-11T01:00,24.9,16.9,660.0,52.3,16.2,2.0
2023-04-11T02:00,24.4,16.6,640.0,51.6,17.2,2.0
2023-04-11T03:00,22.2,15.2,605.0,50.1,18.4,2.0
2023-04-11T04:00,22.6,15.5,565.0,48.0,18.9,4.0
2023-04-11T05:00,23.5,16.2,518.0,45.5,19.1,6.0
2023-04-11T06:00,25.0,17.4,473.0,42.3,19.5,8.0
2023-04-11T07:00,26.5,18.5,467.0,40.6,19.9,7.0
2023-04-11T08:00,27.4,19.2,475.0,39.3,20.4,6.0
2023-04-11T09:00,29.7,20.8,485.0,37.5,20.9,9.0
2023-04-11T10:00,31.4,22.0,484.0,36.5,21.3,16.0
2023-04-11T11:00,26.0,18.1,480.0,35.5,21.6,26.0
2023-04-11T12:00,22.6,15.7,440.0,31.0,18.5,45.0
2023-04-11T13:00,25.9,17.9,424.0,28.8,18.7,53.0
2023-04-11T14:00,30.3,21.0,402.0,25.5,19.0,66.0
2023-04-11T15:00,33.8,23.4,377.0,21.2,19.0,88.0
2023-04-11T16:00,38.0,26.4,362.0,16.7,18.1,116.0
2023-04-11T17:00,40.6,28.3,349.0,11.7,16.9,149.0
2023-04-11T18:00,39.7,27.6,356.0,12.1,15.9,172.0
2023-04-11T19:00,37.8,26.3,372.0,22.1,16.3,158.0
2023-04-11T20:00,36.9,25.6,400.0,37.7,17.2,127.0
2023-04-11T21:00,36.9,25.4,514.0,58.0,18.9,84.0
2023-04-11T22:00,37.4,25.8,718.0,70.9,20.3,57.0
2023-04-11T23:00,44.2,30.6,988.0,83.1,21.8,29.0
2023-04-12T00:00,59.6,41.3,1379.0,105.3,25.3,5.0
2023-04-12T01:00,61.5,42.6,1451.0,105.1,27.0,4.0
2023-04-12T02:00,64.3,44.6,1553.0,104.8,29.3,2.0
2023-04-12T03:00,68.5,47.7,1621.0,103.2,32.1,0.0
2023-04-12T04:00,65.7,45.6,1550.0,100.3,33.5,0.0
2023-04-12T05:00,65.4,45.5,1418.0,96.5,34.6,0.0
2023-04-12T06:00,62.6,43.7,1304.0,92.0,35.1,1.0
2023-04-12T07:00,63.1,44.0,1360.0,90.4,34.5,0.0
2023-04-12T08:00,69.4,48.4,1478.0,89.4,33.2,0.0
2023-04-12T09:00,79.4,55.5,1537.0,86.7,31.0,0.0
2023-04-12T10:00,94.8,66.4,1416.0,83.5,29.1,22.0
2023-04-12T11:00,84.5,59.0,1213.0,79.4,26.9,53.0
2023-04-12T12:00,37.4,26.0,827.0,63.9,23.6,70.0
2023-04-12T13:00,31.2,21.7,709.0,50.3,21.0,91.0
2023-04-12T14:00,32.9,22.9,542.0,30.9,17.2,121.0
2023-04-12T15:00,33.3,23.1,363.0,11.7,12.8,148.0
2023-04-12T16:00,28.6,19.8,301.0,7.3,10.5,148.0
2023-04-12T17:00,25.6,17.8,274.0,8.1,8.6,137.0
2023-04-12T18:00,28.4,19.7,295.0,17.2,7.5,117.0
2023-04-12T19:00,30.4,21.1,332.0,31.9,8.1,98.0
2023-04-12T20:00,34.2,23.7,400.0,52.4,9.8,75.0
2023-04-12T21:00,41.1,28.5,639.0,80.6,12.6,47.0
2023-04-12T22:00,56.0,39.0,1055.0,102.0,15.2,30.0
2023-04-12T23:00,77.1,53.7,1599.0,124.1,18.3,14.0
2023-04-13T00:00,124.3,87.1,3090.0,181.0,31.3,0.0
2023-04-13T01:00,119.7,83.6,2875.0,178.3,30.3,0.0
2023-04-13T02:00,121.5,85.0,2565.0,174.1,29.0,1.0
2023-04-13T03:00,102.0,71.2,2140.0,163.0,26.2,2.0
2023-04-13T04:00,89.2,62.4,1839.0,147.4,22.9,4.0
2023-04-13T05:00,83.8,58.6,1533.0,127.5,18.9,6.0
2023-04-13T06:00,72.9,51.0,1196.0,102.7,14.6,9.0
2023-04-13T07:00,62.6,43.8,1038.0,88.2,13.1,11.0
2023-04-13T08:00,57.2,40.0,935.0,75.4,12.5,12.0
2023-04-13T09:00,57.0,39.8,817.0,60.8,12.2,19.0
2023-04-13T10:00,61.2,42.8,723.0,52.4,12.4,29.0
2023-04-13T11:00,53.3,37.3,638.0,45.9,12.9,43.0
2023-04-13T12:00,32.5,22.6,662.0,45.2,14.9,77.0
2023-04-13T13:00,22.5,15.6,557.0,35.8,13.0,86.0
2023-04-13T14:00,19.7,13.6,409.0,22.5,10.3,99.0
2023-04-13T15:00,21.1,14.6,255.0,8.9,7.5,115.0
2023-04-13T16:00,21.7,15.1,201.0,3.0,6.5,126.0
2023-04-13T17:00,21.6,15.0,181.0,0.0,6.1,137.0
2023-04-13T18:00,21.7,15.1,244.0,9.9,6.6,134.0
2023-04-13T19:00,23.7,16.5,353.0,35.7,8.0,108.0
2023-04-13T20:00,29.0,20.2,517.0,72.5,10.1,68.0
2023-04-13T21:00,48.8,34.0,904.0,120.2,14.0,24.0
2023-04-13T22:00,76.1,53.1,1454.0,150.7,18.2,10.0
2023-04-13T23:00,96.9,67.5,2149.0,179.5,23.3,4.0
2023-04-14T00:00,66.8,46.8,1484.0,136.7,12.4,1.0
2023-04-14T01:00,78.2,54.7,1579.0,140.6,14.1,1.0
2023-04-14T02:00,84.5,59.1,1713.0,146.2,16.5,0.0
2023-04-14T03:00,89.9,62.9,1854.0,151.7,19.3,0.0
2023-04-14T04:00,97.1,68.0,1880.0,152.8,20.4,0.0
2023-04-14T05:00,102.2,71.5,1870.0,152.4,21.2,0.0
2023-04-14T06:00,108.7,76.1,1884.0,150.0,22.0,0.0
2023-04-14T07:00,120.1,84.1,1991.0,147.6,22.4,0.0
2023-04-14T08:00,129.9,90.8,2134.0,144.2,22.7,0.0
2023-04-14T09:00,137.8,96.4,2175.0,135.5,24.1,2.0
2023-04-14T10:00,130.9,91.5,1971.0,124.5,26.7,23.0
2023-04-14T11:00,114.3,79.9,1642.0,110.5,30.2,53.0
2023-04-14T12:00,63.3,44.4,972.0,75.1,22.5,54.0
2023-04-14T13:00,53.2,37.1,877.0,64.9,22.3,68.0
2023-04-14T14:00,55.5,38.8,742.0,50.5,22.1,87.0
2023-04-14T15:00,53.8,37.6,577.0,33.7,20.6,109.0
2023-04-14T16:00,39.9,27.9,483.0,24.5,17.9,121.0
2023-04-14T17:00,32.7,22.9,402.0,17.1,14.3,130.0
2023-04-14T18:00,30.4,21.2,354.0,16.9,10.3,126.0
2023-04-14T19:00,25.8,18.0,382.0,29.9,8.4,101.0
2023-04-14T20:00,27.8,19.4,453.0,50.6,7.0,63.0
2023-04-14T21:00,31.0,21.7,591.0,74.1,6.6,21.0
2023-04-14T22:00,38.3,26.8,749.0,83.3,8.0,7.0
2023-04-14T23:00,43.7,30.5,942.0,88.9,10.6,1.0
2023-04-15T00:00,16.3,11.4,499.0,45.5,5.7,40.0
2023-04-15T01:00,13.6,9.5,462.0,41.2,5.7,47.0
2023-04-15T02:00,13.2,9.2,409.0,34.9,5.7,56.0
2023-04-15T03:00,13.1,9.1,347.0,27.0,5.7,67.0
2023-04-15T04:00,14.6,10.1,319.0,22.0,5.6,71.0
2023-04-15T05:00,14.3,9.9,299.0,17.3,5.4,72.0
2023-04-15T06:00,14.3,9.8,285.0,13.2,5.1,72.0
2023-04-15T07:00,14.6,10.1,283.0,12.2,4.7,71.0
2023-04-15T08:00,15.2,10.5,288.0,12.7,4.3,69.0
2023-04-15T09:00,16.7,11.5,309.0,16.0,4.1,64.0
2023-04-15T10:00,15.1,10.4,350.0,22.7,4.4,56.0
2023-04-15T11:00,13.4,9.2,404.0,31.7,5.0,45.0
2023-04-15T12:00,11.8,8.1,361.0,30.8,6.3,46.0
2023-04-15T13:00,15.6,10.7,324.0,25.9,6.2,53.0
2023-04-15T14:00,15.5,10.6,271.0,18.9,6.1,63.0
2023-04-15T15:00,16.2,11.0,217.0,11.7,6.0,76.0
2023-04-15T16:00,17.6,12.0,204.0,9.3,5.9,85.0
2023-04-15T17:00,17.4,11.8,204.0,8.6,5.9,93.0
2023-04-15T18:00,17.5,11.8,224.0,12.1,6.5,94.0
2023-04-15T19:00,17.8,11.9,258.0,20.7,8.1,82.0
2023-04-15T20:00,19.2,12.8,305.0,32.8,10.3,62.0
2023-04-15T21:00,19.0,12.7,367.0,45.8,12.7,38.0
2023-04-15T22:00,19.8,13.3,411.0,49.8,13.4,27.0
2023-04-15T23:00,21.7,14.6,455.0,51.0,13.7,17.0
2023-04-16T00:00,24.7,16.8,557.0,56.9,16.4,5.0
2023-04-16T01:00,24.7,16.8,546.0,55.4,17.1,6.0
2023-04-16T02:00,23.8,16.1,530.0,53.2,18.2,7.0
2023-04-16T03:00,23.2,15.8,495.0,48.2,18.9,10.0
2023-04-16T04:00,23.2,15.8,448.0,41.5,18.3,15.0
2023-04-16T05:00,21.1,14.3,389.0,33.2,17.1,22.0
2023-04-16T06:00,22.4,15.3,326.0,24.3,15.8,29.0
2023-04-16T07:00,20.8,14.1,301.0,21.0,15.4,31.0
2023-04-16T08:00,20.9,14.3,289.0,19.5,15.4,32.0
2023-04-16T09:00,21.0,14.4,294.0,19.6,15.7,33.0
2023-04-16T10:00,21.8,15.0,328.0,22.4,16.7,34.0
2023-04-16T11:00,21.4,14.7,379.0,26.9,18.1,34.0
2023-04-16T12:00,13.5,9.2,414.0,29.4,18.9,46.0
2023-04-16T13:00,17.9,12.3,382.0,24.8,17.2,64.0
2023-04-16T14:00,22.2,15.3,337.0,18.2,14.8,89.0
2023-04-16T15:00,26.5,18.2,293.0,11.6,12.3,119.0
2023-04-16T16:00,28.8,19.8,278.0,8.2,11.7,137.0
2023-04-16T17:00,29.5,20.3,274.0,6.1,11.8,153.0
2023-04-16T18:00,30.6,21.2,317.0,13.1,12.6,155.0
2023-04-16T19:00,31.7,21.8,405.0,33.3,13.7,129.0
2023-04-16T20:00,32.9,22.7,529.0,61.8,15.3,88.0
2023-04-16T21:00,39.1,27.0,707.0,90.8,17.4,40.0
2023-04-16T22:00,47.7,32.9,848.0,96.5,18.6,22.0
2023-04-16T23:00,49.8,34.3,997.0,94.5,19.6,10.0
2023-04-17T00:00,71.9,50.1,2028.0,119.4,24.5,0.0
2023-04-17T01:00,69.8,48.5,1996.0,115.6,26.1,0.0
2023-04-17T02:00,67.1,46.7,1950.0,110.2,28.4,0.0
2023-04-17T03:00,69.8,48.7,1871.0,103.5,30.6,0.0
2023-04-17T04:00,69.2,48.3,1797.0,100.2,31.1,0.0
2023-04-17T05:00,67.8,47.4,1712.0,97.6,30.9,0.0
2023-04-17T06:00,67.1,47.0,1590.0,94.1,29.9,0.0
2023-04-17T07:00,64.0,44.7,1502.0,91.8,28.7,0.0
2023-04-17T08:00,61.0,42.7,1412.0,89.7,27.1,0.0
2023-04-17T09:00,57.0,39.9,1256.0,83.9,24.1,1.0
2023-04-17T10:00,55.1,38.5,1087.0,76.0,20.9,16.0
2023-04-17T11:00,50.4,35.3,889.0,66.0,17.0,38.0
2023-04-17T12:00,25.3,17.6,763.0,60.6,14.8,72.0
2023-04-17T13:00,15.2,10.5,619.0,46.6,12.4,80.0
2023-04-17T14:00,11.4,7.9,414.0,26.7,9.1,90.0
2023-04-17T15:00,13.4,9.3,204.0,6.7,5.5,101.0
2023-04-17T16:00,14.2,9.9,156.0,2.0,4.5,105.0
2023-04-17T17:00,13.7,9.5,161.0,2.5,4.2,106.0
2023-04-17T18:00,12.8,8.9,211.0,9.8,4.2,97.0
2023-04-17T19:00,14.8,10.3,283.0,22.9,4.2,76.0
2023-04-17T20:00,15.7,10.9,385.0,41.1,4.3,46.0
2023-04-17T21:00,17.6,12.3,498.0,58.5,4.7,16.0
2023-04-17T22:00,17.6,12.3,549.0,60.1,5.2,10.0
2023-04-17T23:00,18.3,12.8,582.0,56.0,5.8,12.0
2023-04-18T00:00,15.7,10.9,483.0,42.9,5.6,25.0
2023-04-18T01:00,18.4,12.9,478.0,41.5,6.0,26.0
2023-04-18T02:00,20.7,14.4,471.0,39.3,6.6,27.0
2023-04-18T03:00,21.4,15.0,440.0,34.5,7.1,31.0
2023-04-18T04:00,20.7,14.5,384.0,28.0,6.9,37.0
2023-04-18T05:00,18.8,13.1,311.0,19.8,6.4,44.0
2023-04-18T06:00,16.2,11.3,233.0,11.4,5.6,52.0
2023-04-18T07:00,12.7,8.9,207.0,8.7,5.0,54.0
2023-04-18T08:00,10.7,7.5,198.0,8.0,4.4,54.0
2023-04-18T09:00,9.8,6.9,208.0,9.5,3.9,51.0
2023-04-18T10:00,12.8,9.0,245.0,13.9,4.1,45.0
2023-04-18T11:00,13.0,9.1,300.0,20.4,4.6,37.0
2023-04-18T12:00,12.7,8.8,386.0,26.9,4.8,30.0
2023-04-18T13:00,15.7,11.0,359.0,23.4,4.9,41.0
2023-04-18T14:00,16.9,11.8,320.0,18.5,5.0,58.0
2023-04-18T15:00,16.8,11.7,281.0,14.3,5.0,71.0
2023-04-18T16:00,14.1,9.9,272.0,15.0,4.7,68.0
2023-04-18T17:00,15.5,10.9,273.0,17.8,4.3,58.0
2023-04-18T18:00,18.2,12.7,284.0,22.4,3.9,44.0
2023-04-18T19:00,15.7,11.0,302.0,26.8,3.7,35.0
2023-04-18T20:00,15.0,10.5,327.0,32.0,3.7,25.0
2023-04-18T21:00,14.7,10.3,348.0,35.8,3.6,17.0
2023-04-18T22:00,13.7,9.6,344.0,34.0,3.6,17.0
2023-04-18T23:00,11.8,8.3,331.0,29.7,3.7,21.0
2023-04-19T00:00,16.4,11.5,368.0,29.7,4.1,22.0
2023-04-19T01:00,16.9,11.8,367.0,29.2,4.2,21.0
2023-04-19T02:00,16.3,11.4,366.0,28.5,4.3,19.0
2023-04-19T03:00,14.0,9.8,352.0,26.2,4.5,19.0
2023-04-19T04:00,11.7,8.2,322.0,22.4,4.6,22.0
2023-04-19T05:00,10.2,7.1,282.0,17.5,4.6,26.0
2023-04-19T06:00,11.4,8.0,246.0,13.0,4.6,30.0
2023-04-19T07:00,12.0,8.4,247.0,13.1,4.5,29.0
2023-04-19T08:00,13.9,9.7,262.0,14.9,4.3,26.0
2023-04-19T09:00,15.8,11.0,288.0,17.5,4.4,24.0
2023-04-19T10:00,18.5,12.9,312.0,19.1,5.0,25.0
2023-04-19T11:00,16.2,11.4,340.0,20.7,6.0,26.0
2023-04-19T12:00,14.3,10.0,349.0,21.1,7.1,36.0
2023-04-19T13:00,15.0,10.5,319.0,17.5,6.7,52.0
2023-04-19T14:00,16.7,11.6,277.0,12.4,6.2,74.0
2023-04-19T15:00,17.2,12.0,229.0,7.2,5.4,97.0
2023-04-19T16:00,15.9,11.0,202.0,4.9,4.7,103.0
2023-04-19T17:00,13.7,9.5,180.0,3.6,4.0,102.0
2023-04-19T18:00,11.6,8.1,190.0,7.6,3.6,93.0
2023-04-19T19:00,10.4,7.2,226.0,18.8,4.0,76.0
2023-04-19T20:00,11.8,8.1,286.0,34.6,4.8,51.0
2023-04-19T21:00,15.2,10.6,448.0,51.5,6.4,25.0
2023-04-19T22:00,22.2,15.5,702.0,57.0,8.4,16.0
2023-04-19T23:00,28.9,20.1,1029.0,59.0,10.9,11.0
2023-04-20T00:00,22.8,15.9,893.0,47.5,9.7,20.0
2023-04-20T01:00,15.1,10.5,728.0,41.0,8.6,24.0
2023-04-20T02:00,9.8,6.8,495.0,31.8,7.0,30.0
2023-04-20T03:00,7.2,5.0,243.0,20.7,5.2,37.0
2023-04-20T04:00,6.7,4.6,168.0,15.0,4.5,41.0
2023-04-20T05:00,7.0,4.9,147.0,10.5,4.1,45.0
2023-04-20T06:00,7.7,5.3,143.0,6.9,3.9,48.0
2023-04-20T07:00,8.7,6.0,141.0,6.8,3.9,47.0
2023-04-20T08:00,9.9,6.8,153.0,8.4,4.0,45.0
2023-04-20T09:00,11.6,8.0,177.0,11.1,4.4,43.0
2023-04-20T10:00,15.7,10.9,207.0,13.2,4.9,43.0
2023-04-20T11:00,18.2,12.6,246.0,15.6,5.4,43.0
2023-04-20T12:00,13.6,9.4,286.0,17.9,6.0,46.0
2023-04-20T13:00,14.6,10.1,252.0,14.8,5.5,53.0
2023-04-20T14:00,15.5,10.8,204.0,10.4,4.8,62.0
2023-04-20T15:00,16.1,11.2,156.0,6.2,4.1,72.0
2023-04-20T16:00,16.4,11.4,140.0,4.7,4.0,75.0
2023-04-20T17:00,15.7,10.9,136.0,4.3,4.1,76.0
2023-04-20T18:00,14.6,10.2,162.0,9.0,4.7,70.0
2023-04-20T19:00,13.9,9.6,218.0,20.3,5.4,56.0
2023-04-20T20:00,14.5,10.0,297.0,35.9,6.4,37.0
2023-04-20T21:00,19.3,13.3,407.0,52.5,8.2,16.0
2023-04-20T22:00,21.4,14.7,494.0,57.3,10.1,8.0
2023-04-20T23:00,21.7,14.8,584.0,58.3,12.4,4.0
2023-04-21T00:00,21.4,14.5,626.0,58.7,13.6,3.0
2023-04-21T01:00,21.2,14.2,597.0,57.2,13.9,3.0
2023-04-21T02:00,22.1,14.8,556.0,55.1,14.4,3.0
2023-04-21T03:00,21.9,14.6,501.0,51.0,15.1,4.0
2023-04-21T04:00,22.1,14.7,462.0,46.0,15.5,8.0
2023-04-21T05:00,23.9,16.0,423.0,39.9,15.9,13.0
2023-04-21T06:00,26.0,17.5,393.0,34.0,16.6,19.0
2023-04-21T07:00,27.0,18.3,404.0,33.5,17.5,19.0
2023-04-21T08:00,27.8,18.8,433.0,34.9,18.6,17.0
2023-04-21T09:00,29.6,20.1,457.0,35.8,19.5,18.0
2023-04-21T10:00,35.3,24.2,448.0,34.4,19.7,25.0
2023-04-21T11:00,30.0,20.1,425.0,32.0,19.5,34.0
2023-04-21T12:00,20.3,13.2,384.0,27.3,18.3,53.0
2023-04-21T13:00,21.9,14.4,342.0,23.0,16.1,61.0
2023-04-21T14:00,23.9,15.7,283.0,16.9,12.9,71.0
2023-04-21T15:00,21.8,14.3,221.0,10.7,9.6,84.0
2023-04-21T16:00,21.4,14.1,199.0,8.2,8.9,92.0
2023-04-21T17:00,20.5,13.6,191.0,7.1,9.0,99.0
2023-04-21T18:00,19.2,12.6,210.0,11.3,9.6,97.0
2023-04-21T19:00,18.2,12.0,255.0,22.8,10.1,81.0
2023-04-21T20:00,17.9,11.8,321.0,39.0,10.8,56.0
2023-04-21T21:00,20.7,13.8,423.0,55.6,12.0,27.0
2023-04-21T22:00,23.8,15.8,519.0,58.9,13.1,15.0
2023-04-21T23:00,25.8,17.2,626.0,57.9,14.5,7.0
2023-04-22T00:00,25.3,16.9,522.0,43.0,14.6,12.0
2023-04-22T01:00,25.0,16.8,511.0,42.9,15.1,10.0
2023-04-22T02:00,26.7,18.0,495.0,42.8,15.9,8.0
2023-04-22T03:00,23.4,15.9,468.0,41.9,17.0,6.0
2023-04-22T04:00,21.4,14.6,436.0,40.0,17.7,8.0
2023-04-22T05:00,20.9,14.4,399.0,37.4,18.4,11.0
2023-04-22T06:00,23.2,16.1,378.0,35.2,19.7,14.0
2023-04-22T07:00,26.8,18.6,406.0,35.7,21.2,12.0
2023-04-22T08:00,32.7,22.8,458.0,37.2,23.1,9.0
2023-04-22T09:00,38.5,26.8,515.0,38.4,25.4,13.0
2023-04-22T10:00,48.2,33.5,533.0,37.7,27.1,30.0
2023-04-22T11:00,47.4,32.7,540.0,36.3,28.8,53.0
2023-04-22T12:00,38.0,25.9,488.0,31.6,29.0,82.0
2023-04-22T13:00,38.3,26.0,458.0,28.9,27.9,85.0
2023-04-22T14:00,35.9,24.4,416.0,25.2,26.3,89.0
2023-04-22T15:00,32.6,22.2,375.0,21.8,24.8,92.0
2023-04-22T16:00,30.9,21.1,372.0,21.5,24.8,92.0
2023-04-22T17:00,30.7,21.0,383.0,22.6,25.4,90.0
2023-04-22T18:00,30.2,20.5,402.0,26.1,25.9,84.0
2023-04-22T19:00,29.5,19.9,409.0,31.3,25.7,76.0
2023-04-22T20:00,29.7,19.9,417.0,38.1,25.3,65.0
2023-04-22T21:00,31.0,20.8,455.0,46.4,24.3,51.0
2023-04-22T22:00,31.9,21.6,524.0,50.8,22.9,41.0
2023-04-22T23:00,39.6,27.1,616.0,54.4,21.1,30.0
2023-04-23T00:00,44.0,30.3,638.0,50.3,17.6,33.0
2023-04-23T01:00,43.0,29.5,613.0,49.1,16.9,31.0
2023-04-23T02:00,42.5,29.3,578.0,47.4,15.9,29.0
2023-04-23T03:00,41.2,28.3,541.0,45.3,14.9,26.0
2023-04-23T04:00,41.1,28.3,532.0,44.6,14.7,25.0
2023-04-23T05:00,42.6,29.5,532.0,44.3,14.8,25.0
2023-04-23T06:00,41.8,28.9,531.0,42.9,15.2,27.0
2023-04-23T07:00,40.7,28.2,526.0,40.0,15.8,30.0
2023-04-23T08:00,41.6,28.8,519.0,36.1,16.6,34.0
2023-04-23T09:00,38.6,26.7,502.0,32.3,18.0,40.0
2023-04-23T10:00,40.7,28.1,478.0,31.9,19.4,44.0
2023-04-23T11:00,32.1,22.0,447.0,32.8,21.0,49.0
2023-04-23T12:00,30.6,20.8,407.0,26.0,21.6,79.0
2023-04-23T13:00,32.4,22.0,409.0,25.8,22.3,82.0
2023-04-23T14:00,34.1,23.3,411.0,25.6,23.2,86.0
2023-04-23T15:00,36.3,24.9,421.0,26.1,24.8,89.0
2023-04-23T16:00,37.5,25.6,438.0,27.5,26.6,90.0
2023-04-23T17:00,38.0,25.8,460.0,29.5,28.6,91.0
2023-04-23T18:00,38.0,25.6,484.0,33.0,29.9,85.0
2023-04-23T19:00,33.5,22.4,485.0,36.5,28.8,73.0
2023-04-23T20:00,29.7,19.7,480.0,40.6,26.4,55.0
2023-04-23T21:00,29.3,19.7,496.0,45.1,23.2,35.0
2023-04-23T22:00,28.8,19.3,552.0,46.9,21.0,25.0
2023-04-23T23:00,29.3,19.8,629.0,47.8,18.7,17.0
2023-04-24T00:00,28.9,19.7,786.0,64.7,15.1,3.0
2023-04-24T01:00,30.5,20.8,772.0,63.0,15.0,3.0
2023-04-24T02:00,34.9,24.0,751.0,60.5,14.9,3.0
2023-04-24T03:00,31.1,21.1,693.0,55.1,14.6,6.0
2023-04-24T04:00,27.2,18.4,602.0,47.8,14.2,13.0
2023-04-24T05:00,27.1,18.5,484.0,38.6,13.7,22.0
2023-04-24T06:00,26.5,18.0,377.0,30.0,13.1,31.0
2023-04-24T07:00,27.4,18.7,376.0,29.1,12.4,29.0
2023-04-24T08:00,31.1,21.5,415.0,31.2,11.7,23.0
2023-04-24T09:00,34.6,23.8,475.0,34.6,12.2,21.0
2023-04-24T10:00,37.1,25.5,518.0,37.5,15.0,28.0
2023-04-24T11:00,33.3,22.6,566.0,40.9,19.0,39.0
2023-04-24T12:00,32.0,21.7,621.0,45.0,20.2,55.0
2023-04-24T13:00,35.4,23.9,539.0,36.4,18.7,75.0
2023-04-24T14:00,32.9,22.5,422.0,24.2,16.5,102.0
2023-04-24T15:00,32.2,22.0,296.0,11.5,14.0,132.0
2023-04-24T16:00,30.5,20.8,251.0,7.0,12.7,143.0
2023-04-24T17:00,27.3,18.6,230.0,5.2,11.7,148.0
2023-04-24T18:00,25.6,17.2,243.0,10.5,11.2,140.0
2023-04-24T19:00,24.4,16.4,286.0,24.6,11.8,117.0
2023-04-24T20:00,23.6,15.7,355.0,44.8,13.1,84.0
2023-04-24T21:00,25.7,17.2,487.0,66.9,14.9,44.0
2023-04-24T22:00,29.6,20.0,637.0,74.1,16.1,26.0
2023-04-24T23:00,32.6,22.1,819.0,77.0,17.2,13.0
2023-04-25T00:00,32.4,21.9,865.0,73.0,17.8,3.0
2023-04-25T01:00,34.8,23.6,902.0,71.7,18.7,2.0
2023-04-25T02:00,38.2,26.1,954.0,69.9,19.9,1.0
2023-04-25T03:00,40.6,27.8,993.0,67.5,21.3,1.0
2023-04-25T04:00,42.8,29.5,971.0,65.8,22.0,2.0
2023-04-25T05:00,45.1,31.0,922.0,64.2,22.5,3.0
2023-04-25T06:00,45.8,31.5,867.0,62.4,22.9,5.0
2023-04-25T07:00,43.1,29.7,857.0,61.8,22.8,4.0
2023-04-25T08:00,47.3,32.8,859.0,61.7,22.5,1.0
2023-04-25T09:00,49.0,34.0,845.0,60.6,23.0,7.0
2023-04-25T10:00,54.9,38.2,808.0,59.3,25.1,22.0
2023-04-25T11:00,43.4,30.0,758.0,57.5,28.0,44.0
2023-04-25T12:00,41.7,28.7,741.0,57.1,31.2,78.0
2023-04-25T13:00,40.3,27.7,651.0,46.2,28.6,97.0
2023-04-25T14:00,41.0,28.3,522.0,30.7,25.0,123.0
2023-04-25T15:00,38.3,26.5,379.0,14.4,20.3,150.0
2023-04-25T16:00,35.6,24.7,312.0,7.8,17.4,159.0
2023-04-25T17:00,31.9,22.1,266.0,4.3,14.7,161.0
2023-04-25T18:00,29.3,20.3,279.0,11.1,12.6,148.0
2023-04-25T19:00,27.0,18.5,350.0,31.2,12.7,117.0
2023-04-25T20:00,28.9,19.8,469.0,60.3,13.8,74.0
2023-04-25T21:00,42.3,29.1,745.0,94.5,16.2,27.0
2023-04-25T22:00,57.3,39.6,1122.0,109.5,18.5,11.0
2023-04-25T23:00,75.2,52.2,1598.0,120.0,21.4,4.0
2023-04-26T00:00,91.3,63.3,2364.0,136.4,24.5,0.0
2023-04-26T01:00,95.5,66.4,2350.0,140.6,25.8,0.0
2023-04-26T02:00,98.7,68.7,2328.0,146.5,27.7,0.0
2023-04-26T03:00,101.5,70.5,2240.0,150.5,30.2,0.0
2023-04-26T04:00,99.2,68.9,2090.0,147.9,32.3,0.0
2023-04-26T05:00,99.7,69.4,1892.0,142.2,34.5,0.0
2023-04-26T06:00,98.7,68.9,1667.0,132.9,35.4,0.0
2023-04-26T07:00,95.5,66.6,1555.0,123.9,33.4,1.0
2023-04-26T08:00,92.4,64.5,1471.0,113.4,29.9,1.0
2023-04-26T09:00,92.0,64.3,1445.0,105.1,25.2,3.0
2023-04-26T10:00,92.4,64.5,1581.0,110.6,22.2,2.0
2023-04-26T11:00,89.9,62.9,1796.0,121.7,19.3,1.0
2023-04-26T12:00,67.5,47.1,1448.0,109.3,19.5,16.0
2023-04-26T13:00,38.4,26.7,1150.0,86.9,17.4,30.0
2023-04-26T14:00,27.4,19.0,729.0,55.2,14.3,50.0
2023-04-26T15:00,24.4,16.9,305.0,24.5,10.8,67.0
2023-04-26T16:00,27.8,19.3,236.0,21.9,9.3,64.0
2023-04-26T17:00,30.4,21.2,287.0,29.4,8.3,52.0
2023-04-26T18:00,27.2,19.0,388.0,41.6,7.4,36.0
2023-04-26T19:00,21.9,15.3,428.0,48.9,7.1,27.0
2023-04-26T20:00,20.3,14.1,477.0,57.0,7.2,18.0
2023-04-26T21:00,22.9,16.0,597.0,65.5,7.5,9.0
2023-04-26T22:00,29.1,20.3,799.0,69.3,8.0,5.0
2023-04-26T23:00,37.0,25.8,1056.0,71.6,8.7,2.0
2023-04-27T00:00,27.2,19.1,561.0,50.9,7.6,18.0
2023-04-27T01:00,28.6,20.0,527.0,49.2,7.5,18.0
2023-04-27T02:00,29.5,20.6,478.0,46.6,7.4,18.0
2023-04-27T03:00,29.0,20.3,416.0,41.9,7.1,20.0
2023-04-27T04:00,28.9,20.2,379.0,36.4,6.8,23.0
2023-04-27T05:00,28.7,20.1,345.0,29.8,6.4,27.0
2023-04-27T06:00,28.5,19.9,318.0,23.4,5.9,31.0
2023-04-27T07:00,28.1,19.6,318.0,22.4,5.6,30.0
2023-04-27T08:00,29.0,20.3,330.0,23.3,5.4,27.0
2023-04-27T09:00,28.0,19.6,352.0,25.2,5.5,25.0
2023-04-27T10:00,26.8,18.7,376.0,27.0,6.1,27.0
2023-04-27T11:00,24.5,17.1,405.0,29.3,7.0,32.0
2023-04-27T12:00,15.7,10.9,346.0,23.6,7.2,47.0
2023-04-27T13:00,15.0,10.5,307.0,20.2,6.1,48.0
2023-04-27T14:00,14.2,9.9,252.0,15.5,4.7,49.0
2023-04-27T15:00,13.3,9.3,201.0,11.4,3.5,49.0
2023-04-27T16:00,16.5,11.5,193.0,11.1,4.1,49.0
2023-04-27T17:00,19.2,13.4,201.0,12.4,5.3,49.0
2023-04-27T18:00,17.1,11.9,250.0,18.2,6.7,44.0
2023-04-27T19:00,17.5,12.1,333.0,28.2,6.8,33.0
2023-04-27T20:00,18.8,13.1,445.0,41.5,6.6,18.0
2023-04-27T21:00,25.7,17.8,572.0,54.7,6.7,3.0
2023-04-27T22:00,26.5,18.3,632.0,57.1,7.7,0.0
2023-04-27T23:00,27.8,19.3,674.0,55.7,9.1,0.0
2023-04-28T00:00,25.4,17.5,550.0,52.0,8.9,10.0
2023-04-28T01:00,23.3,16.1,535.0,48.6,9.2,14.0
2023-04-28T02:00,22.9,15.8,512.0,43.8,9.7,20.0
2023-04-28T03:00,19.6,13.5,469.0,36.6,10.0,29.0
2023-04-28T04:00,17.9,12.3,419.0,30.7,9.6,36.0
2023-04-28T05:00,16.5,11.2,358.0,24.3,8.8,43.0
2023-04-28T06:00,15.1,10.2,294.0,17.6,7.9,50.0
2023-04-28T07:00,14.5,9.7,266.0,14.3,7.3,53.0
2023-04-28T08:00,14.9,10.0,250.0,12.3,6.7,55.0
2023-04-28T09:00,15.5,10.4,261.0,14.1,6.7,53.0
2023-04-28T10:00,18.7,12.5,317.0,22.4,7.9,44.0
2023-04-28T11:00,21.2,14.2,399.0,34.6,9.8,31.0
2023-04-28T12:00,25.1,16.8,497.0,45.9,12.5,19.0
2023-04-28T13:00,27.1,18.0,476.0,42.5,13.1,25.0
2023-04-28T14:00,29.8,19.8,446.0,37.6,14.0,35.0
2023-04-28T15:00,31.4,21.0,411.0,32.0,14.9,47.0
2023-04-28T16:00,31.3,21.0,391.0,28.6,15.0,57.0
2023-04-28T17:00,32.2,21.7,375.0,25.8,14.7,68.0
2023-04-28T18:00,30.5,20.4,373.0,27.0,14.7,73.0
2023-04-28T19:00,29.0,19.4,394.0,35.3,15.2,63.0
2023-04-28T20:00,28.5,19.1,429.0,47.6,15.8,45.0
2023-04-28T21:00,27.9,18.7,491.0,61.2,16.8,23.0
2023-04-28T22:00,30.9,20.8,560.0,65.6,17.5,14.0
2023-04-28T23:00,31.0,20.8,643.0,67.4,18.2,7.0
2023-04-29T00:00,30.3,20.4,630.0,63.2,17.3,3.0
2023-04-29T01:00,27.5,18.5,595.0,59.6,17.6,5.0
2023-04-29T02:00,26.6,17.9,546.0,54.5,17.9,9.0
2023-04-29T03:00,26.1,17.6,494.0,47.9,18.3,13.0
2023-04-29T04:00,27.9,18.9,486.0,44.2,18.4,15.0
2023-04-29T05:00,31.7,21.5,491.0,40.8,18.4,17.0
2023-04-29T06:00,32.9,22.4,486.0,36.6,18.3,19.0
2023-04-29T07:00,32.9,22.5,453.0,33.1,17.9,21.0
2023-04-29T08:00,32.7,22.3,407.0,29.5,17.3,24.0
2023-04-29T09:00,28.6,19.4,372.0,27.2,16.9,28.0
2023-04-29T10:00,29.7,20.4,393.0,29.4,17.4,28.0
2023-04-29T11:00,26.3,18.1,438.0,33.6,18.4,28.0
2023-04-29T12:00,22.5,15.3,447.0,34.5,16.9,36.0
2023-04-29T13:00,24.7,16.9,433.0,30.7,16.6,55.0
2023-04-29T14:00,29.3,20.1,414.0,25.2,16.2,82.0
2023-04-29T15:00,36.9,25.5,396.0,19.3,16.0,116.0
2023-04-29T16:00,42.1,29.2,391.0,15.7,16.3,140.0
2023-04-29T17:00,46.7,32.2,392.0,12.9,16.9,162.0
2023-04-29T18:00,44.5,30.7,414.0,16.4,17.6,171.0
2023-04-29T19:00,41.6,28.7,461.0,30.4,18.0,148.0
2023-04-29T20:00,38.6,26.7,524.0,50.6,18.4,107.0
2023-04-29T21:00,35.5,24.6,594.0,70.3,18.1,59.0
2023-04-29T22:00,34.6,23.9,622.0,72.3,16.5,38.0
2023-04-29T23:00,26.4,18.3,639.0,68.1,14.2,23.0
2023-04-30T00:00,27.0,18.6,710.0,69.5,14.8,4.0
2023-04-30T01:00,24.6,17.1,672.0,66.0,14.7,4.0
2023-04-30T02:00,21.7,15.0,617.0,60.9,14.5,5.0
2023-04-30T03:00,19.7,13.7,544.0,53.0,14.0,8.0
2023-04-30T04:00,21.5,15.0,496.0,45.8,13.3,13.0
2023-04-30T05:00,21.9,15.1,449.0,37.7,12.4,19.0
2023-04-30T06:00,23.9,16.6,401.0,29.2,11.8,26.0
2023-04-30T07:00,21.1,14.6,375.0,25.6,12.2,29.0
2023-04-30T08:00,21.3,14.8,358.0,23.6,13.1,32.0
2023-04-30T09:00,22.9,15.9,365.0,24.0,14.8,35.0
2023-04-30T10:00,27.1,18.9,415.0,28.6,16.6,35.0
2023-04-30T11:00,23.7,16.5,490.0,35.6,18.8,35.0
2023-04-30T12:00,19.4,13.5,532.0,39.6,17.9,41.0
2023-04-30T13:00,20.7,14.4,512.0,36.6,18.1,50.0
2023-04-30T14:00,25.4,17.8,485.0,32.3,18.3,64.0
2023-04-30T15:00,31.9,22.3,455.0,27.6,18.4,79.0
2023-04-30T16:00,35.5,24.8,432.0,23.7,18.0,87.0
2023-04-30T17:00,34.6,24.2,412.0,20.1,17.4,94.0
2023-04-30T18:00,35.4,24.7,445.0,25.0,17.1,90.0
2023-04-30T19:00,36.2,25.3,551.0,43.7,17.7,70.0
2023-04-30T20:00,38.3,26.7,705.0,70.5,18.6,40.0
2023-04-30T21:00,48.5,33.9,907.0,98.2,19.6,8.0
2023-04-30T22:00,50.8,35.4,1036.0,103.8,19.7,0.0
2023-04-30T23:00,55.4,38.6,1160.0,102.3,19.4,0.0
2023-05-01T00:00,77.5,54.1,1516.0,122.6,22.3,2.0
2023-05-01T01:00,69.2,48.1,1393.0,112.1,23.6,7.0
2023-05-01T02:00,61.9,43.1,1219.0,97.3,25.5,13.0
2023-05-01T03:00,67.1,46.7,1051.0,81.6,27.7,19.0
2023-05-01T04:00,73.1,50.9,1040.0,77.6,28.8,18.0
2023-05-01T05:00,79.6,55.5,1084.0,77.3,29.8,15.0
2023-05-01T06:00,86.1,60.1,1151.0,77.7,30.5,11.0
2023-05-01T07:00,90.1,62.9,1187.0,77.3,30.1,6.0
2023-05-01T08:00,93.4,65.2,1223.0,77.3,29.1,0.0
2023-05-01T09:00,93.6,65.4,1244.0,76.2,29.6,4.0
2023-05-01T10:00,97.6,68.0,1233.0,75.2,33.2,24.0
2023-05-01T11:00,83.6,58.3,1203.0,73.7,38.4,54.0
2023-05-01T12:00,78.0,54.5,1117.0,69.0,44.5,100.0
2023-05-01T13:00,66.6,46.4,970.0,56.1,41.3,115.0
2023-05-01T14:00,60.5,42.3,760.0,37.8,36.8,137.0
2023-05-01T15:00,52.9,36.9,531.0,18.6,30.6,161.0
2023-05-01T16:00,49.7,34.7,439.0,10.6,26.1,173.0
2023-05-01T17:00,55.5,38.8,386.0,6.2,21.4,182.0
2023-05-01T18:00,46.1,32.1,409.0,14.8,16.9,173.0
2023-05-01T19:00,45.3,31.7,523.0,41.4,15.3,136.0
2023-05-01T20:00,50.1,34.9,704.0,79.7,14.9,82.0
2023-05-01T21:00,58.8,41.1,968.0,120.9,16.0,25.0
2023-05-01T22:00,70.5,49.2,1186.0,132.8,18.4,11.0
2023-05-01T23:00,77.1,53.9,1423.0,135.8,22.0,9.0
2023-05-02T00:00,79.9,55.8,1645.0,136.7,23.4,2.0
2023-05-02T01:00,66.6,46.6,1624.0,133.6,25.8,4.0
2023-05-02T02:00,66.8,46.7,1597.0,129.2,29.2,7.0
2023-05-02T03:00,74.0,51.8,1613.0,125.7,33.4,9.0
2023-05-02T04:00,83.8,58.6,1712.0,128.0,35.9,7.0
2023-05-02T05:00,98.7,69.2,1856.0,132.5,38.1,3.0
2023-05-02T06:00,113.2,79.2,2008.0,135.1,40.0,0.0
2023-05-02T07:00,122.5,85.9,2074.0,131.8,39.9,0.0
2023-05-02T08:00,114.3,79.9,2113.0,125.8,38.9,2.0
2023-05-02T09:00,122.5,85.7,2037.0,114.2,38.1,12.0
2023-05-02T10:00,116.4,81.5,1810.0,102.6,39.2,29.0
2023-05-02T11:00,95.7,66.8,1483.0,88.5,40.8,51.0
2023-05-02T12:00,65.4,45.8,1065.0,67.7,38.2,95.0
2023-05-02T13:00,53.8,37.5,923.0,54.7,33.8,115.0
2023-05-02T14:00,49.6,34.6,722.0,36.3,27.6,144.0
2023-05-02T15:00,49.1,34.2,512.0,17.3,21.1,178.0
2023-05-02T16:00,48.4,33.8,449.0,10.4,19.5,196.0
2023-05-02T17:00,49.2,34.5,433.0,7.6,19.4,211.0
2023-05-02T18:00,51.7,36.1,484.0,16.4,19.7,210.0
2023-05-02T19:00,51.6,36.0,601.0,40.7,19.5,179.0
2023-05-02T20:00,51.5,36.0,771.0,75.3,19.5,132.0
2023-05-02T21:00,62.9,43.9,968.0,110.0,19.8,79.0
2023-05-02T22:00,59.4,41.4,1029.0,113.8,20.3,63.0
2023-05-02T23:00,54.7,38.2,1055.0,107.2,21.1,58.0
2023-05-03T00:00,76.8,53.6,1279.0,127.4,30.5,19.0
2023-05-03T01:00,84.5,59.0,1322.0,126.1,31.6,14.0
2023-05-03T02:00,89.6,62.6,1384.0,124.3,33.1,8.0
2023-05-03T03:00,96.4,67.3,1472.0,123.0,35.6,1.0
2023-05-03T04:00,105.5,73.8,1537.0,124.0,37.9,0.0
2023-05-03T05:00,114.3,79.9,1606.0,125.9,40.4,0.0
2023-05-03T06:00,121.5,85.2,1692.0,127.5,43.7,1.0
2023-05-03T07:00,129.0,90.1,1782.0,128.6,45.9,0.0
2023-05-03T08:00,137.4,95.9,1877.0,129.3,48.0,0.0
2023-05-03T09:00,143.4,100.4,1872.0,123.0,50.0,1.0
2023-05-03T10:00,136.9,95.7,1676.0,108.6,51.1,25.0
2023-05-03T11:00,101.3,70.8,1373.0,88.5,51.7,60.0
2023-05-03T12:00,93.6,65.4,1310.0,83.1,50.1,124.0
2023-05-03T13:00,68.9,48.2,1121.0,66.0,45.2,144.0
2023-05-03T14:00,61.5,43.0,852.0,41.7,38.1,173.0
2023-05-03T15:00,57.7,40.3,562.0,16.4,29.7,203.0
2023-05-03T16:00,54.0,37.7,444.0,6.2,25.3,214.0
2023-05-03T17:00,49.1,34.3,377.0,1.0,21.7,219.0
2023-05-03T18:00,46.0,32.1,434.0,13.5,18.9,202.0
2023-05-03T19:00,45.4,31.7,641.0,50.5,19.0,155.0
2023-05-03T20:00,54.5,38.1,957.0,103.3,20.5,89.0
2023-05-03T21:00,74.5,51.9,1395.0,158.0,22.8,20.0
2023-05-03T22:00,88.5,61.7,1714.0,169.1,24.0,3.0
2023-05-03T23:00,105.5,73.6,2042.0,166.1,25.2,2.0
2023-05-04T00:00,107.6,75.0,2148.0,153.4,26.0,11.0
2023-05-04T01:00,121.1,84.5,2315.0,158.5,27.5,8.0
2023-05-04T02:00,131.8,92.0,2552.0,165.8,29.8,4.0
2023-05-04T03:00,139.7,97.6,2807.0,175.6,33.2,0.0
2023-05-04T04:00,148.5,103.6,2894.0,183.2,36.4,0.0
2023-05-04T05:00,157.4,109.9,2929.0,190.9,39.9,0.0
2023-05-04T06:00,168.1,117.3,2902.0,195.9,43.5,0.0
2023-05-04T07:00,174.2,122.0,2811.0,193.0,44.7,0.0
2023-05-04T08:00,172.3,120.6,2668.0,186.0,45.0,0.0
2023-05-04T09:00,163.9,114.6,2467.0,174.2,44.3,1.0
2023-05-04T10:00,162.1,113.2,2364.0,167.0,43.2,17.0
2023-05-04T11:00,156.9,109.9,2267.0,159.1,41.6,40.0
2023-05-04T12:00,113.2,79.2,1810.0,113.2,44.9,128.0
2023-05-04T13:00,63.6,44.4,1463.0,88.9,38.7,126.0
2023-05-04T14:00,44.2,30.9,971.0,54.5,29.9,123.0
2023-05-04T15:00,35.7,25.0,454.0,18.8,19.9,119.0
2023-05-04T16:00,31.9,22.2,290.0,7.3,15.7,118.0
2023-05-04T17:00,29.6,20.7,238.0,3.6,13.0,117.0
2023-05-04T18:00,28.2,19.7,357.0,16.1,11.7,105.0
2023-05-04T19:00,28.2,19.7,595.0,46.7,12.7,77.0
2023-05-04T20:00,39.0,27.2,955.0,90.6,15.2,40.0
2023-05-04T21:00,69.8,48.9,1612.0,140.3,20.1,1.0
2023-05-04T22:00,104.1,72.9,2349.0,159.7,25.2,0.0
2023-05-04T23:00,133.2,93.1,3233.0,171.1,31.4,0.0
2023-05-05T00:00,158.8,111.1,4582.0,226.1,41.8,0.0
2023-05-05T01:00,171.4,119.7,4706.0,214.0,42.8,0.0
2023-05-05T02:00,177.9,124.3,4877.0,197.0,44.1,0.0
2023-05-05T03:00,174.2,121.5,4886.0,181.9,45.8,0.0
2023-05-05T04:00,160.7,112.5,4556.0,184.9,46.4,0.0
2023-05-05T05:00,153.7,107.6,4045.0,194.7,46.8,0.0
2023-05-05T06:00,153.7,107.6,3424.0,203.0,48.1,0.0
2023-05-05T07:00,154.1,107.8,3155.0,201.4,50.8,0.0
2023-05-05T08:00,151.8,106.2,2959.0,196.0,54.4,0.0
2023-05-05T09:00,152.3,106.6,2642.0,178.9,57.2,11.0
2023-05-05T10:00,164.8,115.3,2272.0,154.0,56.7,44.0
2023-05-05T11:00,157.4,110.1,1845.0,121.6,54.8,90.0
2023-05-05T12:00,99.7,69.6,1491.0,94.4,57.7,165.0
2023-05-05T13:00,70.3,49.1,1289.0,77.9,51.7,158.0
2023-05-05T14:00,60.3,42.0,1002.0,54.5,43.2,148.0
2023-05-05T15:00,59.4,41.4,703.0,29.1,33.7,150.0
2023-05-05T16:00,63.3,44.2,624.0,18.7,30.0,179.0
2023-05-05T17:00,66.8,46.6,615.0,12.7,27.9,222.0
2023-05-05T18:00,66.1,46.1,662.0,16.8,26.4,252.0
2023-05-05T19:00,65.9,45.8,730.0,35.1,26.2,231.0
2023-05-05T20:00,67.8,47.0,835.0,62.7,26.8,187.0
2023-05-05T21:00,70.5,49.0,1009.0,95.0,27.2,129.0
2023-05-05T22:00,81.3,56.6,1198.0,110.3,26.5,94.0
2023-05-05T23:00,105.0,73.1,1418.0,121.8,25.5,61.0
2023-05-06T00:00,126.2,88.0,2078.0,163.0,27.0,20.0
2023-05-06T01:00,119.7,83.4,1861.0,140.3,26.6,34.0
2023-05-06T02:00,104.3,72.6,1552.0,108.0,26.0,55.0
2023-05-06T03:00,99.2,69.2,1196.0,70.6,25.3,76.0
2023-05-06T04:00,88.9,61.9,1051.0,54.4,25.0,81.0
2023-05-06T05:00,88.7,61.7,959.0,43.5,24.7,80.0
2023-05-06T06:00,82.4,57.4,864.0,33.6,24.5,78.0
2023-05-06T07:00,74.5,51.8,792.0,28.6,24.5,77.0
2023-05-06T08:00,75.0,52.2,733.0,26.4,24.5,76.0
2023-05-06T09:00,61.7,43.0,688.0,27.8,24.7,74.0
2023-05-06T10:00,61.5,42.7,698.0,35.0,25.0,70.0
2023-05-06T11:00,50.4,35.2,735.0,45.8,25.5,65.0
2023-05-06T12:00,59.6,41.6,737.0,46.9,25.1,87.0
2023-05-06T13:00,60.3,42.0,692.0,41.7,24.6,91.0
2023-05-06T14:00,57.3,39.9,629.0,34.4,23.9,98.0
2023-05-06T15:00,54.7,38.2,560.0,26.5,23.1,104.0
2023-05-06T16:00,54.0,37.7,531.0,22.3,22.8,107.0
2023-05-06T17:00,53.8,37.5,514.0,19.2,22.5,110.0
2023-05-06T18:00,52.3,36.4,527.0,23.8,22.4,105.0
2023-05-06T19:00,52.9,36.7,563.0,39.5,22.4,90.0
2023-05-06T20:00,56.8,39.2,622.0,62.3,22.6,69.0
2023-05-06T21:00,59.1,41.0,767.0,88.8,22.7,42.0
2023-05-06T22:00,70.3,48.8,977.0,100.7,22.6,27.0
2023-05-06T23:00,76.8,53.6,1245.0,109.2,22.3,14.0
2023-05-07T00:00,82.9,57.6,1398.0,116.7,22.0,9.0
2023-05-07T01:00,75.0,52.0,1377.0,114.1,23.0,8.0
2023-05-07T02:00,73.8,51.2,1347.0,110.3,24.4,6.0
2023-05-07T03:00,74.5,51.8,1311.0,105.4,26.2,4.0
2023-05-07T04:00,73.3,51.0,1308.0,103.5,27.3,3.0
2023-05-07T05:00,75.7,52.6,1314.0,102.1,28.3,2.0
2023-05-07T06:00,76.8,53.6,1269.0,96.4,28.6,4.0
2023-05-07T07:00,75.4,52.5,1145.0,85.4,27.4,10.0
2023-05-07T08:00,62.2,43.2,974.0,71.0,25.3,18.0
2023-05-07T09:00,61.9,43.1,806.0,56.9,23.1,29.0
2023-05-07T10:00,64.3,44.8,790.0,56.5,22.4,32.0
2023-05-07T11:00,57.4,40.0,826.0,60.9,22.2,34.0
2023-05-07T12:00,41.1,28.6,799.0,61.1,18.5,49.0
2023-05-07T13:00,43.8,30.5,752.0,54.1,19.7,63.0
2023-05-07T14:00,46.2,32.2,685.0,44.1,21.4,83.0
2023-05-07T15:00,45.5,31.8,607.0,32.9,22.9,103.0
2023-05-07T16:00,42.5,29.7,551.0,25.9,22.3,110.0
2023-05-07T17:00,41.6,29.0,499.0,20.1,21.0,112.0
2023-05-07T18:00,42.1,29.4,522.0,25.1,20.4,104.0
2023-05-07T19:00,44.0,30.6,642.0,46.5,22.1,82.0
2023-05-07T20:00,50.6,35.3,829.0,78.2,24.8,51.0
2023-05-07T21:00,66.8,46.6,1160.0,116.6,28.3,17.0
2023-05-07T22:00,80.6,56.1,1524.0,136.5,29.8,6.0
2023-05-07T23:00,97.3,68.0,1957.0,152.9,30.8,2.0
2023-05-08T00:00,124.8,87.1,3091.0,212.8,33.5,0.0
2023-05-08T01:00,143.4,100.4,3146.0,218.4,35.1,0.0
2023-05-08T02:00,150.4,105.2,3222.0,226.3,37.5,0.0
2023-05-08T03:00,157.4,110.1,3239.0,231.4,40.7,0.0
2023-05-08T04:00,160.2,112.0,3129.0,227.6,42.9,3.0
2023-05-08T05:00,163.9,114.6,2952.0,219.6,45.2,6.0
2023-05-08T06:00,160.7,112.5,2707.0,205.6,47.3,10.0
2023-05-08T07:00,152.3,106.4,2544.0,192.4,48.1,7.0
2023-05-08T08:00,147.6,103.1,2380.0,176.8,48.2,2.0
2023-05-08T09:00,147.6,103.4,2181.0,158.0,47.0,7.0
2023-05-08T10:00,150.4,105.2,2089.0,150.3,44.9,28.0
2023-05-08T11:00,147.6,103.1,2020.0,145.1,41.8,58.0
2023-05-08T12:00,87.8,61.5,1553.0,108.7,36.3,105.0
2023-05-08T13:00,43.0,30.0,1247.0,84.3,30.1,106.0
2023-05-08T14:00,31.1,21.6,813.0,49.7,21.4,108.0
2023-05-08T15:00,28.2,19.6,359.0,13.8,12.0,113.0
2023-05-08T16:00,27.5,19.1,212.0,1.2,9.0,127.0
2023-05-08T17:00,27.0,18.7,164.0,0.0,7.9,144.0
2023-05-08T18:00,26.1,18.2,294.0,10.9,8.5,146.0
2023-05-08T19:00,26.3,18.3,566.0,50.0,10.4,111.0
2023-05-08T20:00,38.3,26.7,970.0,105.9,13.6,58.0
2023-05-08T21:00,71.5,49.8,1641.0,165.0,18.7,2.0
2023-05-08T22:00,105.5,73.8,2309.0,180.7,23.3,0.0
2023-05-08T23:00,131.3,92.0,3083.0,182.8,28.5,0.0
2023-05-09T00:00,142.0,99.4,4100.0,186.5,36.0,0.0
2023-05-09T01:00,151.8,105.9,4163.0,179.2,36.9,0.0
2023-05-09T02:00,158.8,110.8,4252.0,168.7,38.1,0.0
2023-05-09T03:00,160.7,112.2,4306.0,155.6,39.7,0.0
2023-05-09T04:00,159.7,111.8,4266.0,147.7,40.7,0.0
2023-05-09T05:00,158.8,111.1,4179.0,140.6,41.6,0.0
2023-05-09T06:00,157.9,110.4,3979.0,135.1,42.1,0.0
2023-05-09T07:00,154.6,108.3,3773.0,138.0,41.9,0.0
2023-05-09T08:00,151.3,105.7,3515.0,144.5,41.2,0.0
2023-05-09T09:00,133.6,93.4,3041.0,144.9,38.8,0.0
2023-05-09T10:00,126.2,88.2,2499.0,132.6,34.9,17.0
2023-05-09T11:00,108.0,75.4,1849.0,113.7,29.9,40.0
2023-05-09T12:00,67.1,46.7,1107.0,91.2,18.1,74.0
2023-05-09T13:00,54.8,38.1,944.0,72.7,17.8,94.0
2023-05-09T14:00,51.7,36.0,712.0,46.4,17.3,122.0
2023-05-09T15:00,48.9,34.0,461.0,19.1,16.1,149.0
2023-05-09T16:00,44.5,31.0,382.0,11.8,14.2,154.0
2023-05-09T17:00,40.2,27.9,354.0,11.0,11.9,151.0
2023-05-09T18:00,36.3,25.3,348.0,15.9,9.3,134.0
2023-05-09T19:00,31.2,21.6,357.0,25.2,8.4,106.0
2023-05-09T20:00,27.0,18.6,385.0,38.9,8.1,69.0
2023-05-09T21:00,21.5,14.8,425.0,52.5,8.0,29.0
2023-05-09T22:00,23.8,16.4,458.0,54.7,8.1,17.0
2023-05-09T23:00,20.4,14.0,493.0,53.0,8.3,13.0
2023-05-10T00:00,15.3,10.6,560.0,51.6,9.1,11.0
2023-05-10T01:00,16.0,11.0,514.0,47.5,9.2,14.0
2023-05-10T02:00,14.7,10.0,449.0,41.7,9.3,18.0
2023-05-10T03:00,13.6,9.3,368.0,33.6,9.4,24.0
2023-05-10T04:00,13.1,8.8,324.0,27.6,9.5,29.0
2023-05-10T05:00,12.6,8.5,285.0,21.5,9.5,35.0
2023-05-10T06:00,12.5,8.4,249.0,15.5,9.6,41.0
2023-05-10T07:00,11.5,7.8,232.0,13.3,9.6,43.0
2023-05-10T08:00,11.5,7.8,225.0,12.5,9.7,44.0
2023-05-10T09:00,11.2,7.5,237.0,14.3,9.9,43.0
2023-05-10T10:00,13.9,9.4,276.0,19.5,10.3,38.0
2023-05-10T11:00,12.4,8.4,333.0,26.9,10.9,31.0
2023-05-10T12:00,13.4,8.9,438.0,36.7,11.5,25.0
2023-05-10T13:00,18.7,12.5,430.0,33.2,12.7,40.0
2023-05-10T14:00,25.4,17.1,418.0,28.3,14.4,62.0
2023-05-10T15:00,29.0,19.6,403.0,23.1,15.7,87.0
2023-05-10T16:00,31.1,21.1,391.0,20.8,15.1,102.0
2023-05-10T17:00,34.7,23.7,379.0,19.5,13.7,114.0
2023-05-10T18:00,36.9,25.3,376.0,22.1,11.5,116.0
2023-05-10T19:00,35.4,24.2,385.0,30.0,9.6,98.0
2023-05-10T20:00,34.7,23.7,403.0,41.4,7.6,68.0
2023-05-10T21:00,28.1,19.2,447.0,54.4,6.2,33.0
2023-05-10T22:00,20.3,14.0,506.0,59.7,7.2,20.0
2023-05-10T23:00,20.7,14.3,582.0,62.9,9.2,11.0
2023-05-11T00:00,27.5,19.0,763.0,69.4,13.0,6.0
2023-05-11T01:00,30.0,20.7,799.0,69.8,13.7,5.0
2023-05-11T02:00,32.0,22.2,850.0,70.4,14.6,2.0
2023-05-11T03:00,35.0,24.3,896.0,69.9,15.9,1.0
2023-05-11T04:00,36.6,25.4,902.0,68.5,16.9,1.0
2023-05-11T05:00,37.6,26.1,893.0,66.2,17.9,3.0
2023-05-11T06:00,36.8,25.6,837.0,60.8,18.6,7.0
2023-05-11T07:00,31.0,21.5,729.0,52.7,18.4,13.0
2023-05-11T08:00,27.3,18.9,585.0,42.5,17.8,22.0
2023-05-11T09:00,21.7,15.0,460.0,33.4,16.7,30.0
2023-05-11T10:00,22.1,15.3,495.0,35.4,15.7,29.0
2023-05-11T11:00,20.7,14.3,591.0,41.6,14.4,25.0
2023-05-11T12:00,40.2,27.9,748.0,51.6,21.3,42.0
2023-05-11T13:00,29.5,20.4,631.0,41.7,18.7,52.0
2023-05-11T14:00,25.8,17.8,464.0,27.6,15.0,67.0
2023-05-11T15:00,25.0,17.2,286.0,13.0,10.8,84.0
2023-05-11T16:00,24.6,16.9,229.0,8.1,9.1,93.0
2023-05-11T17:00,22.4,15.4,208.0,6.5,8.0,100.0
2023-05-11T18:00,20.0,13.6,224.0,11.3,7.4,97.0
2023-05-11T19:00,18.5,12.6,282.0,24.8,7.8,78.0
2023-05-11T20:00,19.5,13.3,372.0,44.2,8.8,49.0
2023-05-11T21:00,22.4,15.3,461.0,61.8,9.9,20.0
2023-05-11T22:00,22.4,15.3,471.0,60.7,10.1,16.0
2023-05-11T23:00,21.1,14.3,453.0,52.6,10.1,20.0
2023-05-12T00:00,19.2,12.6,396.0,38.5,9.3,31.0
2023-05-12T01:00,18.0,11.6,366.0,34.8,9.5,35.0
2023-05-12T02:00,18.7,11.9,323.0,29.4,9.8,42.0
2023-05-12T03:00,18.2,11.3,269.0,22.4,9.9,50.0
2023-05-12T04:00,18.0,10.9,236.0,17.6,9.7,55.0
2023-05-12T05:00,18.3,11.3,206.0,13.0,9.2,60.0
2023-05-12T06:00,18.0,11.0,185.0,9.4,8.7,63.0
2023-05-12T07:00,19.4,12.0,196.0,10.3,8.5,60.0
2023-05-12T08:00,21.1,13.2,223.0,13.3,8.3,53.0
2023-05-12T09:00,22.6,14.3,254.0,17.1,8.2,46.0
2023-05-12T10:00,23.2,14.6,266.0,19.0,8.3,43.0
2023-05-12T11:00,20.2,12.3,273.0,20.6,8.6,41.0
2023-05-12T12:00,18.4,11.2,298.0,22.7,10.0,44.0
2023-05-12T13:00,19.3,12.0,285.0,21.5,10.1,49.0
2023-05-12T14:00,21.1,13.4,267.0,19.7,10.3,57.0
2023-05-12T15:00,24.2,15.5,244.0,17.3,10.2,65.0
2023-05-12T16:00,23.1,14.8,225.0,14.7,9.6,70.0
2023-05-12T17:00,20.5,13.2,206.0,11.7,8.6,73.0
2023-05-12T18:00,18.3,11.8,201.0,12.1,7.9,71.0
2023-05-12T19:00,19.0,12.1,224.0,19.0,8.3,59.0
2023-05-12T20:00,16.1,10.3,264.0,29.6,9.0,42.0
2023-05-12T21:00,15.1,9.8,316.0,40.7,9.9,22.0
2023-05-12T22:00,15.2,10.0,356.0,44.0,10.1,14.0
2023-05-12T23:00,16.6,11.1,397.0,44.9,10.0,9.0
2023-05-13T00:00,16.4,10.6,386.0,40.0,8.5,10.0
2023-05-13T01:00,13.3,8.6,350.0,36.1,8.6,14.0
2023-05-13T02:00,12.7,8.2,299.0,30.6,8.7,20.0
2023-05-13T03:00,12.6,8.2,237.0,23.3,8.4,28.0
2023-05-13T04:00,12.7,8.3,203.0,18.3,7.5,33.0
2023-05-13T05:00,17.0,11.3,175.0,13.5,6.2,37.0
2023-05-13T06:00,17.2,11.4,152.0,9.1,5.0,41.0
2023-05-13T07:00,17.5,11.6,145.0,8.0,5.0,42.0
2023-05-13T08:00,17.4,11.6,147.0,8.3,5.5,42.0
2023-05-13T09:00,17.1,11.4,172.0,11.2,6.7,40.0
2023-05-13T10:00,20.8,14.0,225.0,16.8,8.2,34.0
2023-05-13T11:00,20.7,13.7,298.0,24.4,10.1,27.0
2023-05-13T12:00,19.4,13.0,347.0,26.2,11.4,32.0
2023-05-13T13:00,20.7,13.9,338.0,24.7,12.2,41.0
2023-05-13T14:00,21.9,14.6,326.0,22.6,13.3,54.0
2023-05-13T15:00,27.5,18.3,316.0,19.9,14.6,73.0
2023-05-13T16:00,31.4,21.1,308.0,16.1,15.0,94.0
2023-05-13T17:00,33.4,22.4,301.0,11.7,15.2,118.0
2023-05-13T18:00,34.8,23.3,334.0,15.6,15.6,129.0
2023-05-13T19:00,34.1,22.9,418.0,34.4,16.3,106.0
2023-05-13T20:00,34.7,23.4,536.0,61.5,17.1,67.0
2023-05-13T21:00,39.7,27.0,673.0,87.8,18.1,23.0
2023-05-13T22:00,39.1,26.5,733.0,89.6,18.7,10.0
2023-05-13T23:00,37.4,25.3,774.0,82.8,19.2,5.0
2023-05-14T00:00,42.6,29.0,988.0,76.0,21.1,0.0
2023-05-14T01:00,39.3,26.6,896.0,71.5,21.8,2.0
2023-05-14T02:00,34.5,23.3,764.0,65.1,22.9,4.0
2023-05-14T03:00,29.8,20.0,628.0,57.9,24.1,6.0
2023-05-14T04:00,30.2,20.4,596.0,55.3,24.7,6.0
2023-05-14T05:00,30.6,20.9,597.0,53.9,25.2,5.0
2023-05-14T06:00,34.5,23.7,615.0,52.4,25.5,3.0
2023-05-14T07:00,36.9,25.6,624.0,50.4,25.2,1.0
2023-05-14T08:00,40.5,28.1,640.0,48.2,24.7,0.0
2023-05-14T09:00,41.7,28.9,686.0,48.2,24.5,1.0
2023-05-14T10:00,46.0,31.9,774.0,54.0,25.2,7.0
2023-05-14T11:00,43.5,30.2,887.0,62.6,26.4,17.0
2023-05-14T12:00,39.3,27.3,832.0,58.1,28.6,48.0
2023-05-14T13:00,43.0,29.7,743.0,47.7,28.1,77.0
2023-05-14T14:00,45.3,31.3,616.0,32.9,27.3,118.0
2023-05-14T15:00,47.5,32.9,479.0,17.1,25.9,165.0
2023-05-14T16:00,49.8,34.6,413.0,8.5,24.2,189.0
2023-05-14T17:00,49.9,34.7,368.0,2.2,22.1,207.0
2023-05-14T18:00,47.1,32.6,422.0,12.3,20.2,201.0
2023-05-14T19:00,44.2,30.6,598.0,47.9,19.9,153.0
2023-05-14T20:00,47.4,32.8,858.0,98.9,20.4,79.0
2023-05-14T21:00,65.0,44.9,1241.0,150.9,21.4,3.0
2023-05-14T22:00,76.6,53.2,1542.0,159.5,22.3,0.0
2023-05-14T23:00,85.2,59.3,1865.0,153.7,23.4,0.0
2023-05-15T00:00,101.7,70.8,2918.0,147.8,29.4,0.0
2023-05-15T01:00,118.5,82.7,2903.0,148.6,30.7,0.0
2023-05-15T02:00,125.3,87.5,2883.0,149.7,32.6,0.0
2023-05-15T03:00,109.4,76.4,2872.0,151.8,35.6,0.0
2023-05-15T04:00,114.1,79.4,2906.0,155.1,38.4,0.0
2023-05-15T05:00,119.7,83.6,2958.0,159.2,41.5,0.0
2023-05-15T06:00,129.0,90.1,2966.0,160.6,44.2,0.0
2023-05-15T07:00,134.1,93.8,2902.0,156.1,44.6,0.0
2023-05-15T08:00,129.9,90.8,2795.0,148.5,43.9,0.0
2023-05-15T09:00,116.9,81.7,2554.0,137.0,40.8,0.0
2023-05-15T10:00,108.5,75.9,2267.0,130.1,35.9,12.0
2023-05-15T11:00,118.0,82.4,1909.0,122.9,29.3,29.0
2023-05-15T12:00,73.8,51.3,1466.0,110.6,19.4,51.0
2023-05-15T13:00,40.2,27.7,1176.0,85.8,17.8,70.0
2023-05-15T14:00,33.9,23.3,765.0,50.6,15.5,96.0
2023-05-15T15:00,34.0,23.4,334.0,14.0,12.9,125.0
2023-05-15T16:00,33.2,22.9,198.0,2.5,11.5,138.0
2023-05-15T17:00,30.4,21.0,157.0,0.0,10.4,146.0
2023-05-15T18:00,27.2,18.7,257.0,10.5,10.3,137.0
2023-05-15T19:00,25.1,17.2,440.0,38.0,11.6,103.0
2023-05-15T20:00,31.9,22.0,720.0,77.6,13.8,53.0
2023-05-15T21:00,54.5,37.8,1298.0,122.3,18.2,1.0
2023-05-15T22:00,81.7,56.9,2013.0,139.8,23.2,0.0
2023-05-15T23:00,105.5,73.6,2895.0,150.2,29.2,0.0
2023-05-16T00:00,115.9,80.8,3839.0,150.3,36.1,0.0
2023-05-16T01:00,130.4,91.0,3977.0,144.6,38.4,0.0
2023-05-16T02:00,133.6,93.1,4169.0,136.4,41.6,0.0
2023-05-16T03:00,128.1,89.4,4248.0,125.9,44.5,0.0
2023-05-16T04:00,120.6,84.3,4021.0,118.9,44.0,0.0
2023-05-16T05:00,111.1,77.5,3644.0,112.2,42.3,0.0
2023-05-16T06:00,101.0,70.5,3215.0,106.9,40.3,0.0
2023-05-16T07:00,95.7,66.8,3103.0,107.1,40.5,0.0
2023-05-16T08:00,96.2,67.1,3072.0,110.0,41.3,0.0
2023-05-16T09:00,100.8,70.3,2927.0,115.9,40.4,0.0
2023-05-16T10:00,116.4,81.3,2642.0,126.4,36.8,11.0
2023-05-16T11:00,152.3,106.6,2268.0,139.6,31.7,27.0
2023-05-16T12:00,73.8,51.5,2016.0,155.5,24.4,51.0
2023-05-16T13:00,27.5,19.0,1570.0,119.1,20.9,59.0
2023-05-16T14:00,21.1,14.6,937.0,67.4,15.8,70.0
2023-05-16T15:00,20.4,14.1,278.0,13.8,10.3,84.0
2023-05-16T16:00,21.2,14.6,125.0,0.7,8.4,96.0
2023-05-16T17:00,19.6,13.4,134.0,0.8,7.6,109.0
2023-05-16T18:00,17.4,11.7,208.0,9.3,7.4,111.0
2023-05-16T19:00,16.1,10.6,254.0,21.0,7.9,89.0
2023-05-16T20:00,17.3,11.1,330.0,38.3,9.0,55.0
2023-05-16T21:00,21.1,13.6,436.0,56.5,10.6,18.0
2023-05-16T22:00,23.6,15.1,516.0,61.3,11.6,7.0
2023-05-16T23:00,26.4,17.1,600.0,62.0,12.7,4.0
2023-05-17T00:00,26.2,16.9,645.0,62.0,13.5,8.0
2023-05-17T01:00,28.6,18.4,618.0,59.8,13.7,10.0
2023-05-17T02:00,28.8,18.5,580.0,56.6,13.9,13.0
2023-05-17T03:00,28.6,18.3,513.0,50.1,13.8,19.0
2023-05-17T04:00,28.2,17.9,441.0,41.8,13.1,26.0
2023-05-17T05:00,27.4,17.2,357.0,31.6,12.1,35.0
2023-05-17T06:00,26.2,16.3,275.0,21.6,11.0,43.0
2023-05-17T07:00,26.2,16.2,261.0,20.0,10.7,43.0
2023-05-17T08:00,27.6,17.1,273.0,21.4,10.5,39.0
2023-05-17T09:00,30.4,19.0,294.0,24.0,10.6,35.0
2023-05-17T10:00,35.0,22.2,309.0,25.8,11.0,34.0
2023-05-17T11:00,28.5,17.5,326.0,27.9,11.5,33.0
2023-05-17T12:00,22.3,13.7,321.0,27.4,12.6,40.0
2023-05-17T13:00,22.2,13.7,294.0,23.4,11.9,50.0
2023-05-17T14:00,20.8,13.0,255.0,17.7,10.8,64.0
2023-05-17T15:00,23.0,14.5,217.0,11.9,9.8,81.0
2023-05-17T16:00,24.7,15.8,205.0,9.4,9.7,93.0
2023-05-17T17:00,25.5,16.3,202.0,8.0,10.0,105.0
2023-05-17T18:00,24.3,15.5,227.0,11.9,10.5,106.0
2023-05-17T19:00,22.1,14.1,279.0,23.4,10.9,86.0
2023-05-17T20:00,20.7,13.2,352.0,39.6,11.5,54.0
2023-05-17T21:00,23.4,15.3,457.0,56.4,12.5,19.0
2023-05-17T22:00,27.6,18.0,544.0,60.0,13.6,8.0
2023-05-17T23:00,28.9,18.9,636.0,59.3,15.0,4.0
2023-05-18T00:00,31.0,20.7,981.0,62.3,18.4,0.0
2023-05-18T01:00,33.4,22.6,915.0,61.3,19.3,0.0
2023-05-18T02:00,32.6,22.1,822.0,59.8,20.5,0.0
2023-05-18T03:00,30.0,20.4,720.0,57.7,22.1,1.0
2023-05-18T04:00,31.2,21.4,696.0,56.7,23.1,1.0
2023-05-18T05:00,34.6,23.8,696.0,55.9,24.1,1.0
2023-05-18T06:00,35.9,24.7,668.0,52.7,24.5,3.0
2023-05-18T07:00,32.9,22.7,586.0,46.5,23.5,8.0
2023-05-18T08:00,27.2,18.7,477.0,38.5,21.9,15.0
2023-05-18T09:00,24.4,16.7,382.0,31.3,20.0,23.0
2023-05-18T10:00,24.8,16.9,406.0,32.8,19.5,23.0
2023-05-18T11:00,24.5,16.6,475.0,37.6,19.4,22.0
2023-05-18T12:00,20.3,13.5,416.0,32.4,17.3,33.0
2023-05-18T13:00,21.0,13.9,390.0,28.3,16.9,49.0
2023-05-18T14:00,24.6,16.2,352.0,22.5,16.4,71.0
2023-05-18T15:00,29.1,19.3,316.0,16.3,16.1,99.0
2023-05-18T16:00,33.1,22.0,301.0,12.6,16.3,120.0
2023-05-18T17:00,33.9,22.6,293.0,9.8,16.9,140.0
2023-05-18T18:00,32.6,21.7,332.0,14.5,17.8,147.0
2023-05-18T19:00,30.2,20.1,395.0,30.5,18.6,124.0
2023-05-18T20:00,28.5,19.0,487.0,53.6,19.6,84.0
2023-05-18T21:00,35.7,24.3,720.0,78.9,21.3,38.0
2023-05-18T22:00,46.1,31.5,1065.0,87.5,23.0,20.0
2023-05-18T23:00,56.8,39.0,1503.0,91.4,24.9,10.0
2023-05-19T00:00,59.5,41.1,2003.0,105.6,28.6,2.0
2023-05-19T01:00,68.5,47.5,2003.0,103.7,30.0,1.0
2023-05-19T02:00,66.8,46.4,2001.0,101.0,32.0,1.0
2023-05-19T03:00,61.0,42.4,1919.0,96.2,33.9,0.0
2023-05-19T04:00,56.1,39.0,1741.0,91.6,34.1,0.0
2023-05-19T05:00,51.5,35.7,1499.0,86.3,33.6,0.0
2023-05-19T06:00,47.6,33.1,1221.0,79.2,32.7,1.0
2023-05-19T07:00,44.5,31.0,1104.0,73.8,32.1,1.0
2023-05-19T08:00,43.7,30.4,1027.0,68.4,31.4,0.0
2023-05-19T09:00,45.8,31.9,955.0,63.7,30.0,5.0
2023-05-19T10:00,49.6,34.5,927.0,65.2,28.4,15.0
2023-05-19T11:00,53.3,36.9,920.0,69.2,26.5,28.0
2023-05-19T12:00,46.9,32.4,1069.0,81.4,22.2,43.0
2023-05-19T13:00,35.6,24.3,917.0,66.5,22.4,66.0
2023-05-19T14:00,40.3,27.5,701.0,45.3,22.8,100.0
2023-05-19T15:00,46.4,31.7,475.0,22.6,22.9,142.0
2023-05-19T16:00,51.2,34.9,407.0,13.2,22.5,172.0
2023-05-19T17:00,52.3,35.6,390.0,7.8,21.8,200.0
2023-05-19T18:00,50.3,34.2,435.0,13.7,21.1,210.0
2023-05-19T19:00,46.8,31.8,513.0,35.8,21.0,177.0
2023-05-19T20:00,44.1,30.0,632.0,68.3,21.0,121.0
2023-05-19T21:00,48.3,32.9,866.0,102.4,21.8,56.0
2023-05-19T22:00,52.3,36.0,1155.0,110.6,23.2,30.0
2023-05-19T23:00,56.5,38.9,1509.0,110.6,25.2,14.0
2023-05-20T00:00,47.1,32.7,1724.0,107.3,27.1,1.0
2023-05-20T01:00,49.7,34.6,1654.0,101.3,27.9,1.0
2023-05-20T02:00,45.8,31.9,1552.0,92.6,29.0,0.0
2023-05-20T03:00,42.4,29.6,1393.0,81.9,29.8,0.0
2023-05-20T04:00,41.7,29.2,1247.0,76.1,29.3,0.0
2023-05-20T05:00,40.4,28.3,1083.0,71.2,28.2,1.0
2023-05-20T06:00,39.8,27.8,909.0,65.6,26.7,1.0
2023-05-20T07:00,41.4,29.0,834.0,60.9,25.8,0.0
2023-05-20T08:00,43.9,30.7,791.0,56.6,25.0,0.0
2023-05-20T09:00,46.6,32.6,800.0,55.9,23.9,2.0
2023-05-20T10:00,55.1,38.4,907.0,65.0,22.9,9.0
2023-05-20T11:00,61.2,42.7,1071.0,79.0,22.0,18.0
2023-05-20T12:00,70.5,49.2,1405.0,101.3,19.1,38.0
2023-05-20T13:00,49.0,34.0,1168.0,81.4,20.7,64.0
2023-05-20T14:00,45.2,31.3,832.0,53.1,23.0,101.0
2023-05-20T15:00,48.5,33.8,486.0,23.2,25.1,148.0
2023-05-20T16:00,53.6,37.3,374.0,9.2,24.8,184.0
2023-05-20T17:00,57.2,39.7,339.0,0.3,23.7,220.0
2023-05-20T18:00,59.1,41.1,484.0,15.5,23.2,228.0
2023-05-20T19:00,60.3,41.9,779.0,65.1,24.5,175.0
2023-05-20T20:00,74.0,51.5,1208.0,136.6,26.6,90.0
2023-05-20T21:00,101.5,70.8,1889.0,215.1,30.4,1.0
2023-05-20T22:00,126.7,88.2,2519.0,240.5,34.1,0.0
2023-05-20T23:00,148.1,103.1,3233.0,250.6,38.5,0.0
2023-05-21T00:00,168.6,117.8,4514.0,267.4,47.7,0.0
2023-05-21T01:00,183.0,127.6,4777.0,272.2,49.7,0.0
2023-05-21T02:00,195.1,136.4,5146.0,278.8,52.5,0.0
2023-05-21T03:00,200.2,140.2,5421.0,281.7,55.2,0.0
2023-05-21T04:00,198.4,138.8,5279.0,275.1,55.2,0.0
2023-05-21T05:00,186.7,130.4,4955.0,263.7,54.3,0.0
2023-05-21T06:00,174.2,122.0,4497.0,247.3,53.6,0.0
2023-05-21T07:00,166.7,116.4,4238.0,235.9,55.1,0.0
2023-05-21T08:00,159.3,111.5,3983.0,224.1,57.4,0.0
2023-05-21T09:00,153.2,107.1,3563.0,208.6,57.9,0.0
2023-05-21T10:00,159.7,111.5,3135.0,201.0,54.4,12.0
2023-05-21T11:00,177.9,124.3,2642.0,194.5,48.9,28.0
2023-05-21T12:00,86.8,60.5,1983.0,170.9,45.9,58.0
2023-05-21T13:00,43.0,29.9,1599.0,135.9,42.0,65.0
2023-05-21T14:00,35.7,24.8,1054.0,86.3,36.5,74.0
2023-05-21T15:00,36.2,25.1,492.0,33.8,30.5,92.0
2023-05-21T16:00,38.3,26.7,335.0,15.0,28.3,118.0
2023-05-21T17:00,41.3,28.8,311.0,6.9,27.1,150.0
2023-05-21T18:00,46.9,32.6,475.0,20.6,27.2,164.0
2023-05-21T19:00,50.1,34.8,769.0,61.4,28.7,127.0
2023-05-21T20:00,66.6,46.4,1196.0,121.2,31.3,65.0
2023-05-21T21:00,94.3,65.7,1846.0,189.0,35.2,0.0
2023-05-21T22:00,120.6,84.3,2434.0,215.4,38.1,0.0
2023-05-21T23:00,141.6,99.0,3089.0,231.0,41.2,0.0
2023-05-22T00:00,187.2,130.9,4882.0,290.1,53.7,0.0
2023-05-22T01:00,202.6,141.6,4712.0,287.8,53.9,0.0
2023-05-22T02:00,195.6,136.4,4468.0,284.4,54.2,0.0
2023-05-22T03:00,177.4,123.9,4158.0,278.3,54.6,0.0
2023-05-22T04:00,168.6,117.8,3973.0,272.5,54.9,0.0
2023-05-22T05:00,168.6,118.0,3804.0,265.6,55.1,0.0
2023-05-22T06:00,169.0,118.3,3640.0,255.0,54.8,0.0
2023-05-22T07:00,166.7,116.6,3609.0,245.0,54.1,0.0
2023-05-22T08:00,161.6,113.2,3629.0,233.8,53.1,0.0
2023-05-22T09:00,156.9,109.7,3580.0,221.5,49.6,0.0
2023-05-22T10:00,157.9,110.6,3467.0,221.8,44.2,0.0
2023-05-22T11:00,153.7,107.6,3303.0,225.8,37.1,0.0
2023-05-22T12:00,99.9,69.6,2579.0,196.9,24.0,16.0
2023-05-22T13:00,46.0,32.0,1994.0,151.3,20.2,37.0
2023-05-22T14:00,26.7,18.5,1163.0,86.7,14.7,67.0
2023-05-22T15:00,20.0,13.7,302.0,20.0,9.0,98.0
2023-05-22T16:00,18.8,13.0,54.0,1.7,7.2,109.0
2023-05-22T17:00,18.2,12.5,6.0,0.0,6.6,112.0
2023-05-22T18:00,18.0,12.3,235.0,17.2,8.1,103.0
2023-05-22T19:00,19.2,13.2,685.0,52.6,11.8,77.0
2023-05-22T20:00,51.6,35.9,1340.0,103.5,17.2,39.0
2023-05-22T21:00,89.9,62.6,2243.0,161.3,24.2,0.0
2023-05-22T22:00,126.2,88.0,2926.0,185.0,28.5,0.0
2023-05-22T23:00,148.5,103.6,3632.0,199.9,32.5,0.0
2023-05-23T00:00,162.5,113.4,4553.0,240.4,39.7,0.0
2023-05-23T01:00,172.3,120.1,4524.0,240.8,41.9,0.0
2023-05-23T02:00,177.9,123.9,4479.0,241.1,45.2,0.0
2023-05-23T03:00,170.0,118.7,4339.0,237.2,48.7,0.0
2023-05-23T04:00,157.9,110.4,4123.0,227.9,49.9,0.0
2023-05-23T05:00,147.6,102.9,3843.0,215.1,50.5,0.0
2023-05-23T06:00,136.0,95.0,3514.0,199.6,51.0,0.0
2023-05-23T07:00,128.1,89.6,3393.0,192.8,51.8,0.0
2023-05-23T08:00,124.8,87.3,3324.0,187.8,52.7,0.0
2023-05-23T09:00,126.2,88.2,3105.0,179.2,51.9,0.0
2023-05-23T10:00,141.1,98.7,2737.0,171.7,48.7,12.0
2023-05-23T11:00,177.9,124.3,2264.0,163.3,43.9,30.0
2023-05-23T12:00,60.3,41.9,1344.0,112.6,44.0,74.0
2023-05-23T13:00,34.7,23.9,1105.0,88.3,39.9,92.0
2023-05-23T14:00,33.4,23.0,768.0,53.8,34.1,117.0
2023-05-23T15:00,38.8,26.8,434.0,18.7,28.8,150.0
2023-05-23T16:00,44.2,30.6,380.0,9.7,28.5,176.0
2023-05-23T17:00,48.9,33.9,424.0,9.5,30.1,203.0
2023-05-23T18:00,53.0,36.7,553.0,22.1,33.9,215.0
2023-05-23T19:00,57.2,39.6,690.0,46.0,38.1,190.0
2023-05-23T20:00,63.6,43.9,870.0,79.6,43.5,146.0
2023-05-23T21:00,77.3,53.3,1114.0,116.3,49.5,90.0
2023-05-23T22:00,96.4,67.1,1303.0,129.4,52.1,61.0
2023-05-23T23:00,120.6,83.8,1498.0,135.7,53.7,36.0
2023-05-24T00:00,142.5,99.2,1842.0,147.3,60.1,9.0
2023-05-24T01:00,154.1,107.1,1747.0,140.3,57.7,10.0
2023-05-24T02:00,149.5,104.1,1611.0,130.1,54.3,13.0
2023-05-24T03:00,136.0,94.8,1429.0,114.7,49.7,17.0
2023-05-24T04:00,128.5,89.4,1309.0,101.4,46.7,23.0
2023-05-24T05:00,120.6,84.1,1191.0,86.7,43.8,30.0
2023-05-24T06:00,115.9,80.8,1062.0,71.2,40.5,36.0
2023-05-24T07:00,111.1,77.5,994.0,65.5,38.8,35.0
2023-05-24T08:00,103.1,71.9,946.0,63.0,37.4,31.0
2023-05-24T09:00,95.2,66.6,906.0,61.7,35.5,30.0
2023-05-24T10:00,87.3,60.8,913.0,63.0,33.4,36.0
2023-05-24T11:00,85.4,59.6,940.0,65.8,31.0,45.0
2023-05-24T12:00,59.5,41.3,957.0,68.1,28.1,64.0
2023-05-24T13:00,39.6,27.2,806.0,56.4,27.3,68.0
2023-05-24T14:00,30.5,20.8,592.0,39.8,26.2,73.0
2023-05-24T15:00,30.0,20.5,387.0,24.2,26.4,78.0
2023-05-24T16:00,32.0,21.9,364.0,22.5,28.7,79.0
2023-05-24T17:00,31.7,21.8,406.0,26.0,32.3,78.0
2023-05-24T18:00,33.3,22.9,513.0,37.3,37.5,72.0
2023-05-24T19:00,38.8,26.7,637.0,53.8,41.8,61.0
2023-05-24T20:00,45.6,31.3,796.0,75.4,46.5,46.0
2023-05-24T21:00,54.0,37.4,961.0,96.5,50.4,28.0
2023-05-24T22:00,65.4,45.5,1005.0,99.1,49.8,19.0
2023-05-24T23:00,68.9,47.8,1009.0,95.1,47.3,13.0
2023-05-25T00:00,71.7,49.7,1102.0,99.4,40.0,11.0
2023-05-25T01:00,71.7,49.7,1077.0,96.5,39.7,9.0
2023-05-25T02:00,74.0,51.3,1041.0,92.2,39.3,6.0
2023-05-25T03:00,75.0,52.0,991.0,86.4,38.6,3.0
2023-05-25T04:00,74.0,51.5,947.0,82.1,37.8,4.0
2023-05-25T05:00,73.1,50.8,900.0,77.7,36.8,6.0
2023-05-25T06:00,72.2,50.1,878.0,73.1,36.2,8.0
2023-05-25T07:00,74.7,51.9,922.0,70.9,37.0,5.0
2023-05-25T08:00,81.0,56.3,999.0,69.5,38.3,1.0
2023-05-25T09:00,88.2,61.5,1085.0,69.8,39.3,4.0
2023-05-25T10:00,102.0,71.0,1133.0,75.0,38.8,17.0
2023-05-25T11:00,103.1,71.7,1171.0,82.6,37.5,36.0
2023-05-25T12:00,78.0,54.1,1132.0,84.1,36.3,72.0
2023-05-25T13:00,45.9,31.7,923.0,66.2,31.3,82.0
2023-05-25T14:00,31.0,21.3,628.0,40.8,24.2,97.0
2023-05-25T15:00,28.7,19.8,333.0,15.7,17.9,114.0
2023-05-25T16:00,28.1,19.4,271.0,10.2,18.1,125.0
2023-05-25T17:00,30.0,20.8,290.0,11.7,20.8,135.0
2023-05-25T18:00,32.6,22.6,410.0,24.0,26.6,135.0
2023-05-25T19:00,38.6,26.8,605.0,46.4,33.0,115.0
2023-05-25T20:00,50.4,34.9,872.0,77.0,40.9,84.0
2023-05-25T21:00,65.9,45.6,1135.0,106.0,49.1,51.0
2023-05-25T22:00,77.8,54.0,1166.0,106.7,51.4,43.0
2023-05-25T23:00,87.5,60.8,1117.0,97.2,51.8,42.0
2023-05-26T00:00,93.1,64.5,1214.0,96.5,51.8,36.0
2023-05-26T01:00,95.5,66.1,1226.0,98.5,52.6,29.0
2023-05-26T02:00,105.0,72.9,1242.0,101.2,53.7,19.0
2023-05-26T03:00,105.5,73.3,1227.0,101.5,53.6,9.0
2023-05-26T04:00,99.7,69.4,1164.0,96.7,51.3,7.0
2023-05-26T05:00,89.2,62.2,1073.0,89.2,47.7,8.0
2023-05-26T06:00,77.5,54.0,957.0,79.5,42.7,10.0
2023-05-26T07:00,66.8,46.7,884.0,73.5,39.4,8.0
2023-05-26T08:00,58.0,40.4,815.0,67.9,36.0,6.0
2023-05-26T09:00,52.4,36.4,764.0,63.2,31.8,8.0
2023-05-26T10:00,54.5,38.0,798.0,64.8,28.9,16.0
2023-05-26T11:00,57.4,39.9,870.0,69.1,26.3,27.0
2023-05-26T12:00,30.0,20.9,982.0,78.9,15.8,38.0
2023-05-26T13:00,22.4,15.5,812.0,63.2,14.8,54.0
2023-05-26T14:00,22.7,15.7,570.0,40.9,13.4,76.0
2023-05-26T15:00,24.2,16.8,309.0,17.3,11.5,101.0
2023-05-26T16:00,24.2,16.7,183.0,6.8,9.6,115.0
2023-05-26T17:00,21.7,15.0,98.0,0.4,7.6,125.0
2023-05-26T18:00,18.6,12.8,202.0,10.9,7.0,121.0
2023-05-26T19:00,17.6,12.1,494.0,44.6,9.0,92.0
2023-05-26T20:00,33.2,23.1,936.0,93.5,12.6,47.0
2023-05-26T21:00,68.9,48.1,1763.0,148.8,19.2,1.0
2023-05-26T22:00,105.7,73.6,2726.0,171.4,26.6,0.0
2023-05-26T23:00,139.7,97.3,3889.0,185.4,35.5,0.0
2023-05-27T00:00,162.1,112.9,5138.0,232.8,47.4,0.0
2023-05-27T01:00,167.2,116.9,5077.0,217.9,45.9,0.0
2023-05-27T02:00,151.3,105.7,4980.0,196.4,43.7,0.0
2023-05-27T03:00,129.5,90.3,4630.0,166.6,39.8,0.0
2023-05-27T04:00,109.7,76.6,4061.0,145.5,35.7,0.0
2023-05-27T05:00,90.3,63.1,3315.0,124.0,30.8,0.0
2023-05-27T06:00,75.0,52.4,2418.0,98.5,25.0,0.0
2023-05-27T07:00,64.0,44.6,1937.0,81.5,22.0,1.0
2023-05-27T08:00,55.3,38.4,1541.0,66.4,19.5,3.0
2023-05-27T09:00,48.0,33.2,1171.0,56.0,16.9,8.0
2023-05-27T10:00,49.6,34.3,1079.0,63.5,15.3,12.0
2023-05-27T11:00,58.2,40.3,1108.0,79.3,14.1,17.0
2023-05-27T12:00,35.0,24.0,796.0,66.3,11.7,35.0
2023-05-27T13:00,27.8,18.9,637.0,52.1,10.3,43.0
2023-05-27T14:00,22.4,15.2,411.0,32.1,8.4,56.0
2023-05-27T15:00,14.6,10.0,178.0,11.4,6.3,70.0
2023-05-27T16:00,13.0,8.8,100.0,4.2,5.4,80.0
2023-05-27T17:00,13.2,9.0,73.0,1.6,4.9,88.0
2023-05-27T18:00,14.0,9.6,173.0,11.0,5.4,87.0
2023-05-27T19:00,15.6,10.7,359.0,35.7,7.1,66.0
2023-05-27T20:00,23.9,16.5,634.0,70.8,9.7,35.0
2023-05-27T21:00,43.3,30.0,1177.0,107.4,14.0,2.0
2023-05-27T22:00,65.7,45.8,1841.0,116.4,18.4,0.0
2023-05-27T23:00,86.1,60.1,2654.0,116.5,23.5,0.0
2023-05-28T00:00,104.5,73.1,3728.0,111.9,31.0,0.0
2023-05-28T01:00,112.7,78.7,3794.0,106.2,31.7,0.0
2023-05-28T02:00,115.0,80.3,3882.0,98.2,32.8,0.0
2023-05-28T03:00,109.4,76.4,3813.0,89.0,33.2,0.0
2023-05-28T04:00,104.8,73.1,3488.0,85.3,32.2,0.0
2023-05-28T05:00,103.8,72.4,3012.0,83.0,30.5,0.0
2023-05-28T06:00,89.2,62.2,2408.0,80.9,27.8,0.0
2023-05-28T07:00,74.7,51.9,2062.0,80.2,25.4,4.0
2023-05-28T08:00,72.9,50.4,1752.0,80.2,22.7,11.0
2023-05-28T09:00,79.2,54.7,1410.0,79.1,20.2,25.0
2023-05-28T10:00,94.1,65.2,1226.0,77.5,20.0,42.0
2023-05-28T11:00,87.8,60.8,1092.0,75.4,20.8,64.0
2023-05-28T12:00,76.4,52.9,1372.0,98.5,22.5,61.0
2023-05-28T13:00,64.5,44.5,1203.0,81.3,27.0,89.0
2023-05-28T14:00,66.1,45.8,962.0,56.8,33.4,128.0
2023-05-28T15:00,67.3,46.6,690.0,31.8,37.7,161.0
2023-05-28T16:00,59.0,40.9,590.0,26.8,34.1,155.0
2023-05-28T17:00,50.5,35.0,536.0,28.4,26.9,134.0
2023-05-28T18:00,42.7,29.6,477.0,32.3,17.8,102.0
2023-05-28T19:00,35.0,24.4,424.0,34.6,13.3,79.0
2023-05-28T20:00,24.4,16.9,377.0,37.8,9.6,54.0
2023-05-28T21:00,13.3,9.2,321.0,38.7,5.9,30.0
2023-05-28T22:00,6.8,4.7,285.0,34.0,4.3,27.0
2023-05-28T23:00,5.6,3.8,254.0,26.5,3.6,31.0
2023-05-29T00:00,5.0,3.4,228.0,19.4,3.3,37.0
2023-05-29T01:00,7.1,4.9,213.0,18.0,3.6,39.0
2023-05-29T02:00,7.9,5.2,190.0,16.0,4.0,41.0
2023-05-29T03:00,8.1,5.1,163.0,13.0,4.2,45.0
2023-05-29T04:00,7.4,4.7,147.0,10.3,3.8,48.0
2023-05-29T05:00,8.6,5.6,132.0,7.4,3.2,51.0
2023-05-29T06:00,9.1,6.0,121.0,5.0,2.5,53.0
2023-05-29T07:00,9.3,6.1,117.0,4.7,2.3,53.0
2023-05-29T08:00,9.8,6.4,119.0,5.3,2.3,53.0
2023-05-29T09:00,10.2,6.7,148.0,9.3,2.8,49.0
2023-05-29T10:00,12.0,7.9,214.0,17.0,4.0,41.0
2023-05-29T11:00,12.7,8.3,303.0,27.4,5.7,31.0
2023-05-29T12:00,12.9,8.4,367.0,34.1,8.1,25.0
2023-05-29T13:00,19.3,12.5,357.0,33.3,8.5,28.0
2023-05-29T14:00,24.6,16.2,343.0,32.2,9.0,32.0
2023-05-29T15:00,25.3,16.4,325.0,31.0,9.7,36.0
2023-05-29T16:00,25.4,16.4,312.0,29.9,10.1,39.0
2023-05-29T17:00,25.4,16.4,300.0,28.8,10.4,41.0
2023-05-29T18:00,23.7,15.3,300.0,30.5,10.8,40.0
2023-05-29T19:00,22.4,14.4,325.0,37.3,11.1,32.0
2023-05-29T20:00,21.4,13.7,364.0,47.0,11.5,19.0
2023-05-29T21:00,22.0,14.0,404.0,55.3,11.7,8.0
2023-05-29T22:00,20.4,13.1,413.0,53.9,11.7,8.0
2023-05-29T23:00,17.8,11.5,412.0,48.7,11.5,12.0
2023-05-30T00:00,15.3,9.7,389.0,41.5,10.8,19.0
2023-05-30T01:00,15.0,9.6,356.0,37.4,10.6,23.0
2023-05-30T02:00,14.0,9.0,309.0,31.4,10.4,28.0
2023-05-30T03:00,11.4,7.3,249.0,23.6,9.8,36.0
2023-05-30T04:00,11.1,7.1,212.0,18.3,9.1,41.0
2023-05-30T05:00,9.6,6.1,177.0,13.0,8.2,47.0
2023-05-30T06:00,9.8,6.3,145.0,8.1,7.3,52.0
2023-05-30T07:00,9.0,5.7,129.0,6.3,7.1,54.0
2023-05-30T08:00,8.6,5.5,121.0,5.8,7.1,55.0
2023-05-30T09:00,8.6,5.5,144.0,8.6,7.6,52.0
2023-05-30T10:00,11.2,7.4,215.0,15.9,8.6,44.0
2023-05-30T11:00,10.9,7.2,316.0,26.1,10.1,33.0
2023-05-30T12:00,15.0,10.2,435.0,34.4,10.2,25.0
2023-05-30T13:00,15.9,10.8,392.0,30.7,10.6,32.0
2023-05-30T14:00,16.1,10.8,331.0,25.4,11.1,41.0
2023-05-30T15:00,17.9,12.1,268.0,20.3,11.7,52.0
2023-05-30T16:00,19.0,12.9,249.0,18.7,11.9,59.0
2023-05-30T17:00,20.5,13.9,245.0,18.3,12.0,66.0
2023-05-30T18:00,20.1,13.6,267.0,22.5,12.5,65.0
2023-05-30T19:00,19.1,12.8,296.0,32.3,13.3,52.0
2023-05-30T20:00,18.9,12.7,340.0,45.9,14.3,31.0
2023-05-30T21:00,20.5,13.8,463.0,59.9,15.9,8.0
2023-05-30T22:00,21.6,14.5,655.0,62.9,17.3,2.0
2023-05-30T23:00,26.8,18.2,903.0,62.4,18.8,0.0
2023-05-31T00:00,20.3,13.9,733.0,58.3,11.2,0.0
2023-05-31T01:00,20.1,13.8,718.0,57.9,11.6,0.0
2023-05-31T02:00,22.7,15.7,696.0,57.4,12.2,0.0
2023-05-31T03:00,20.1,13.9,649.0,55.0,12.8,2.0
2023-05-31T04:00,17.8,12.3,589.0,51.1,13.0,6.0
2023-05-31T05:00,17.0,11.8,515.0,45.8,13.0,10.0
2023-05-31T06:00,17.8,12.4,431.0,39.1,13.3,17.0
2023-05-31T07:00,16.1,11.2,378.0,33.6,13.9,23.0
2023-05-31T08:00,14.4,10.0,334.0,28.1,14.7,29.0
2023-05-31T09:00,14.3,10.0,340.0,26.5,16.0,32.0
2023-05-31T10:00,16.8,11.7,442.0,34.2,17.4,26.0
2023-05-31T11:00,19.8,13.9,598.0,46.8,18.9,15.0
2023-05-31T12:00,21.0,14.7,810.0,60.3,18.7,3.0
2023-05-31T13:00,20.2,14.1,778.0,60.0,19.9,6.0
2023-05-31T14:00,23.9,16.7,733.0,59.6,21.7,11.0
2023-05-31T15:00,31.8,22.2,683.0,58.8,23.6,20.0
2023-05-31T16:00,37.0,26.0,664.0,57.1,24.6,33.0
2023-05-31T17:00,41.8,29.3,654.0,55.1,25.3,49.0
2023-05-31T18:00,34.1,23.9,649.0,55.2,24.5,59.0
2023-05-31T19:00,29.8,20.8,646.0,60.4,21.4,50.0
2023-05-31T20:00,29.3,20.5,648.0,68.3,16.8,31.0
2023-05-31T21:00,29.1,20.4,670.0,74.9,11.9,11.0
2023-05-31T22:00,28.9,20.2,725.0,73.6,10.5,6.0
2023-05-31T23:00,28.9,20.2,800.0,69.1,10.0,5.0
2023-06-01T00:00,30.9,21.5,701.0,58.6,8.6,7.0
2023-06-01T01:00,29.3,20.4,649.0,52.8,8.3,11.0
2023-06-01T02:00,27.4,19.0,575.0,44.5,7.8,17.0
2023-06-01T03:00,24.9,17.2,485.0,34.5,7.2,24.0
2023-06-01T04:00,24.9,17.2,436.0,29.5,6.8,27.0
2023-06-01T05:00,23.9,16.6,395.0,25.5,6.4,29.0
2023-06-01T06:00,22.9,15.9,360.0,21.9,5.9,31.0
2023-06-01T07:00,21.9,15.3,357.0,20.3,5.3,31.0
2023-06-01T08:00,24.3,16.9,368.0,19.8,4.6,31.0
2023-06-01T09:00,28.8,20.0,384.0,21.6,4.3,29.0
2023-06-01T10:00,32.5,22.6,391.0,26.7,4.8,25.0
2023-06-01T11:00,25.4,17.6,397.0,34.0,5.8,19.0
2023-06-01T12:00,19.7,13.6,434.0,34.7,11.2,26.0
2023-06-01T13:00,17.6,12.1,409.0,31.6,11.6,35.0
2023-06-01T14:00,22.2,15.3,372.0,27.2,12.1,48.0
2023-06-01T15:00,25.4,17.5,328.0,21.8,12.4,65.0
2023-06-01T16:00,27.0,18.5,289.0,16.8,11.7,79.0
2023-06-01T17:00,25.5,17.5,251.0,11.6,10.6,94.0
2023-06-01T18:00,23.9,16.5,267.0,14.4,10.0,98.0
2023-06-01T19:00,21.8,15.0,365.0,31.7,10.9,76.0
2023-06-01T20:00,22.4,15.4,514.0,57.2,12.4,41.0
2023-06-01T21:00,31.8,22.0,744.0,82.7,14.4,3.0
2023-06-01T22:00,38.0,26.4,955.0,86.4,15.6,0.0
2023-06-01T23:00,45.9,31.9,1192.0,82.7,16.7,0.0
2023-06-02T00:00,62.9,43.8,1794.0,90.7,21.9,0.0
2023-06-02T01:00,65.9,45.9,1683.0,86.5,21.0,0.0
2023-06-02T02:00,67.1,46.7,1524.0,80.5,19.7,0.0
2023-06-02T03:00,55.5,38.6,1320.0,73.4,18.8,0.0
2023-06-02T04:00,54.1,37.6,1203.0,70.5,19.3,0.0
2023-06-02T05:00,45.1,31.3,1098.0,68.5,20.4,0.0
2023-06-02T06:00,44.9,31.2,961.0,65.6,21.8,0.0
2023-06-02T07:00,39.1,27.1,844.0,62.1,22.2,0.0
2023-06-02T08:00,36.1,25.0,725.0,58.2,22.5,0.0
2023-06-02T09:00,34.0,23.6,621.0,53.9,22.9,4.0
2023-06-02T10:00,35.0,24.3,629.0,52.7,23.6,11.0
2023-06-02T11:00,32.6,22.5,683.0,52.3,24.4,19.0
2023-06-02T12:00,29.6,20.5,658.0,46.6,26.3,37.0
2023-06-02T13:00,31.1,21.5,601.0,39.9,25.1,58.0
2023-06-02T14:00,35.0,24.2,521.0,30.4,23.4,88.0
2023-06-02T15:00,38.3,26.5,431.0,19.9,21.1,124.0
2023-06-02T16:00,40.7,28.1,384.0,13.4,19.5,146.0
2023-06-02T17:00,40.2,27.7,350.0,8.0,17.8,167.0
2023-06-02T18:00,38.2,26.4,371.0,13.2,16.7,170.0
2023-06-02T19:00,36.1,24.9,453.0,35.3,17.3,140.0
2023-06-02T20:00,35.9,24.7,581.0,67.5,18.7,91.0
2023-06-02T21:00,42.8,29.6,827.0,102.0,20.5,36.0
2023-06-02T22:00,51.7,35.9,1129.0,111.9,21.3,17.0
2023-06-02T23:00,60.3,41.8,1498.0,114.3,22.0,7.0
2023-06-03T00:00,59.3,41.3,1269.0,93.4,25.2,6.0
2023-06-03T01:00,53.4,37.1,1243.0,91.3,24.9,5.0
2023-06-03T02:00,48.4,33.8,1203.0,88.3,24.5,4.0
2023-06-03T03:00,44.0,30.7,1090.0,80.9,23.2,4.0
2023-06-03T04:00,40.7,28.4,912.0,70.7,21.3,7.0
2023-06-03T05:00,26.9,18.7,682.0,57.9,18.8,13.0
2023-06-03T06:00,23.8,16.5,450.0,44.0,16.1,18.0
2023-06-03T07:00,26.9,18.7,399.0,38.9,14.9,18.0
2023-06-03T08:00,29.3,20.4,411.0,36.5,14.1,16.0
2023-06-03T09:00,31.2,21.8,452.0,34.9,13.8,17.0
2023-06-03T10:00,37.8,26.4,489.0,34.8,14.2,23.0
2023-06-03T11:00,42.6,29.7,542.0,35.8,15.1,32.0
2023-06-03T12:00,35.3,24.4,511.0,31.4,16.1,46.0
2023-06-03T13:00,37.6,26.0,488.0,29.0,17.8,64.0
2023-06-03T14:00,39.7,27.4,456.0,25.6,20.2,89.0
2023-06-03T15:00,40.4,27.8,439.0,22.7,23.8,124.0
2023-06-03T16:00,44.2,30.6,443.0,20.2,26.3,152.0
2023-06-03T17:00,50.1,34.6,462.0,18.1,28.9,182.0
2023-06-03T18:00,55.2,38.2,573.0,27.4,33.9,196.0
2023-06-03T19:00,58.9,40.9,746.0,50.3,40.0,170.0
2023-06-03T20:00,74.0,51.5,980.0,82.6,47.4,122.0
2023-06-03T21:00,104.1,72.6,1370.0,125.8,55.8,65.0
2023-06-03T22:00,134.6,93.8,1752.0,156.1,59.7,39.0
2023-06-03T23:00,157.9,110.4,2193.0,186.4,62.4,19.0
2023-06-04T00:00,172.8,120.6,2847.0,223.4,66.0,1.0
2023-06-04T01:00,190.0,132.7,3051.0,226.2,66.0,1.0
2023-06-04T02:00,205.8,143.9,3341.0,230.0,66.1,0.0
2023-06-04T03:00,209.1,146.2,3616.0,229.9,64.9,0.0
2023-06-04T04:00,204.4,143.0,3642.0,222.2,62.5,0.0
2023-06-04T05:00,196.5,137.4,3576.0,210.3,59.1,0.0
2023-06-04T06:00,187.7,131.3,3423.0,194.7,54.4,0.0
2023-06-04T07:00,178.8,124.8,3283.0,186.1,51.2,0.0
2023-06-04T08:00,169.5,118.5,3105.0,178.2,47.9,0.0
2023-06-04T09:00,161.1,112.9,2821.0,166.1,43.4,1.0
2023-06-04T10:00,163.4,114.6,2585.0,156.1,40.0,13.0
2023-06-04T11:00,175.1,122.5,2322.0,145.3,36.6,29.0
2023-06-04T12:00,116.6,81.5,1935.0,117.1,34.5,86.0
2023-06-04T13:00,43.8,30.4,1526.0,93.0,30.2,82.0
2023-06-04T14:00,26.0,17.9,947.0,58.8,24.2,77.0
2023-06-04T15:00,25.6,17.7,365.0,23.8,19.0,80.0
2023-06-04T16:00,28.3,19.7,246.0,13.5,19.1,102.0
2023-06-04T17:00,32.6,22.6,284.0,11.5,21.3,133.0
2023-06-04T18:00,36.1,25.0,481.0,25.6,27.5,152.0
2023-06-04T19:00,38.5,26.8,744.0,57.3,36.0,127.0
2023-06-04T20:00,61.9,43.2,1106.0,102.1,46.9,81.0
2023-06-04T21:00,101.5,70.8,1559.0,149.6,58.3,31.0
2023-06-04T22:00,134.1,93.6,1834.0,163.9,61.7,17.0
2023-06-04T23:00,153.7,107.3,2084.0,167.9,62.6,13.0
2023-06-05T00:00,154.6,107.8,2233.0,168.9,64.8,11.0
2023-06-05T01:00,155.1,108.5,2115.0,158.6,63.9,11.0
2023-06-05T02:00,143.9,100.4,1949.0,143.9,62.5,10.0
2023-06-05T03:00,128.5,89.9,1789.0,128.9,60.9,9.0
2023-06-05T04:00,125.3,87.5,1774.0,125.6,60.0,9.0
2023-06-05T05:00,128.5,89.9,1810.0,126.1,59.3,8.0
2023-06-05T06:00,132.2,92.4,1892.0,128.9,58.9,8.0
2023-06-05T07:00,136.0,95.0,2001.0,133.3,59.1,4.0
2023-06-05T08:00,141.1,98.7,2140.0,139.5,59.7,0.0
2023-06-05T09:00,148.5,103.6,2191.0,141.4,60.5,7.0
2023-06-05T10:00,163.9,114.6,2036.0,135.2,61.3,34.0
2023-06-05T11:00,192.8,134.6,1774.0,124.4,62.2,72.0
2023-06-05T12:00,122.5,85.4,2037.0,163.1,50.8,85.0
2023-06-05T13:00,76.1,53.2,1669.0,126.1,48.8,112.0
2023-06-05T14:00,58.9,41.1,1147.0,73.6,46.0,150.0
2023-06-05T15:00,60.1,41.8,603.0,19.2,41.5,192.0
2023-06-05T16:00,61.9,43.1,467.0,4.7,37.4,210.0
2023-06-05T17:00,61.9,43.2,461.0,3.3,32.7,220.0
2023-06-05T18:00,59.4,41.2,537.0,15.6,27.8,212.0
2023-06-05T19:00,57.5,39.7,616.0,38.9,26.1,176.0
2023-06-05T20:00,56.9,39.2,741.0,72.5,25.4,122.0
2023-06-05T21:00,62.4,43.2,979.0,109.6,25.2,61.0
2023-06-05T22:00,79.2,54.9,1278.0,123.2,25.7,36.0
2023-06-05T23:00,91.0,63.3,1641.0,130.2,26.7,21.0
2023-06-06T00:00,79.4,55.1,1625.0,118.1,23.4,16.0
2023-06-06T01:00,74.0,51.2,1511.0,115.1,22.8,14.0
2023-06-06T02:00,66.8,46.3,1348.0,110.7,21.9,12.0
2023-06-06T03:00,59.8,41.6,1142.0,101.9,20.9,11.0
2023-06-06T04:00,56.8,39.5,1018.0,90.9,20.5,16.0
2023-06-06T05:00,54.1,37.5,905.0,77.5,20.4,23.0
2023-06-06T06:00,54.7,37.8,809.0,64.1,20.3,29.0
2023-06-06T07:00,56.8,39.3,800.0,60.9,20.4,27.0
2023-06-06T08:00,63.3,43.9,832.0,61.4,20.6,22.0
2023-06-06T09:00,66.4,46.1,899.0,64.6,21.0,20.0
2023-06-06T10:00,72.4,50.4,986.0,70.7,21.5,25.0
2023-06-06T11:00,74.5,51.9,1095.0,79.1,22.1,34.0
2023-06-06T12:00,57.0,39.7,1126.0,79.7,19.5,54.0
2023-06-06T13:00,48.2,33.4,961.0,66.4,20.0,64.0
2023-06-06T14:00,38.2,26.4,727.0,47.4,20.8,78.0
2023-06-06T15:00,36.6,25.2,486.0,27.0,21.5,100.0
2023-06-06T16:00,39.1,27.1,420.0,17.8,21.5,123.0
2023-06-06T17:00,42.7,29.5,413.0,11.9,21.3,150.0
2023-06-06T18:00,44.1,30.4,478.0,18.5,21.3,163.0
2023-06-06T19:00,44.1,30.4,589.0,43.4,21.9,138.0
2023-06-06T20:00,45.4,31.2,751.0,80.0,22.9,95.0
2023-06-06T21:00,53.7,37.0,1001.0,119.2,24.0,44.0
2023-06-06T22:00,58.3,40.4,1228.0,130.0,24.4,25.0
2023-06-06T23:00,66.8,46.2,1482.0,132.4,24.6,14.0
2023-06-07T00:00,79.6,55.2,2215.0,150.8,29.5,3.0
2023-06-07T01:00,82.7,57.4,2018.0,143.5,30.2,5.0
2023-06-07T02:00,70.1,48.7,1737.0,133.1,31.2,7.0
2023-06-07T03:00,65.2,45.3,1415.0,119.2,31.9,11.0
2023-06-07T04:00,64.3,44.7,1279.0,109.4,31.5,15.0
2023-06-07T05:00,65.0,45.2,1190.0,99.7,30.7,19.0
2023-06-07T06:00,65.7,45.5,1127.0,90.7,29.7,21.0
2023-06-07T07:00,71.7,49.9,1131.0,89.0,29.5,17.0
2023-06-07T08:00,75.7,52.7,1173.0,90.3,29.4,10.0
2023-06-07T09:00,79.2,55.2,1219.0,93.7,29.1,5.0
2023-06-07T10:00,88.0,61.5,1240.0,99.8,28.6,8.0
2023-06-07T11:00,93.8,65.4,1255.0,107.8,27.8,14.0
2023-06-07T12:00,53.7,37.4,1141.0,88.8,24.1,61.0
2023-06-07T13:00,40.2,27.9,946.0,72.1,21.8,68.0
2023-06-07T14:00,31.4,21.8,669.0,48.3,18.4,79.0
2023-06-07T15:00,28.3,19.7,377.0,22.8,14.6,97.0
2023-06-07T16:00,29.4,20.4,255.0,10.5,12.7,120.0
2023-06-07T17:00,30.6,21.3,187.0,2.3,11.3,147.0
2023-06-07T18:00,30.0,20.9,308.0,12.8,11.3,156.0
2023-06-07T19:00,30.2,21.0,621.0,49.6,13.1,120.0
2023-06-07T20:00,48.2,33.6,1084.0,103.4,16.3,62.0
2023-06-07T21:00,80.6,56.2,1841.0,167.1,21.6,1.0
2023-06-07T22:00,113.6,79.4,2566.0,197.1,26.8,0.0
2023-06-07T23:00,140.6,98.3,3399.0,219.7,32.9,0.0
2023-06-08T00:00,163.4,114.3,4634.0,229.1,42.4,0.0
2023-06-08T01:00,182.1,127.6,4878.0,225.2,44.6,0.0
2023-06-08T02:00,195.1,136.4,5219.0,219.5,47.8,0.0
2023-06-08T03:00,195.6,136.9,5450.0,210.7,50.5,0.0
2023-06-08T04:00,192.3,134.6,5271.0,203.2,49.8,0.0
2023-06-08T05:00,184.4,129.0,4907.0,194.8,47.8,0.0
2023-06-08T06:00,170.4,119.2,4402.0,185.1,45.5,0.0
2023-06-08T07:00,158.8,110.8,4100.0,178.8,45.4,0.0
2023-06-08T08:00,150.9,105.7,3804.0,173.3,45.8,0.0
2023-06-08T09:00,148.5,104.1,3399.0,171.6,45.3,0.0
2023-06-08T10:00,157.9,110.4,3104.0,184.1,43.4,2.0
2023-06-08T11:00,178.8,125.3,2808.0,202.9,40.7,6.0
2023-06-08T12:00,129.0,90.1,2678.0,218.5,31.5,46.0
2023-06-08T13:00,56.2,39.2,2102.0,168.1,29.8,66.0
2023-06-08T14:00,39.8,27.7,1285.0,96.6,27.3,95.0
2023-06-08T15:00,40.3,28.1,439.0,22.2,24.0,130.0
2023-06-08T16:00,43.0,29.9,204.0,0.0,21.3,156.0
2023-06-08T17:00,44.4,31.0,168.0,0.0,18.6,181.0
2023-06-08T18:00,43.5,30.3,380.0,14.3,17.2,184.0
2023-06-08T19:00,42.4,29.5,747.0,61.7,19.0,141.0
2023-06-08T20:00,64.0,44.7,1287.0,130.3,22.6,74.0
2023-06-08T21:00,102.2,71.2,2146.0,210.1,28.5,3.0
2023-06-08T22:00,136.4,95.5,2950.0,247.2,34.1,0.0
2023-06-08T23:00,164.4,115.0,3864.0,274.2,40.6,0.0
2023-06-09T00:00,161.6,113.2,4774.0,236.8,43.7,0.0
2023-06-09T01:00,166.7,116.6,4783.0,219.3,42.6,0.0
2023-06-09T02:00,157.4,109.9,4787.0,194.4,41.0,0.0
2023-06-09T03:00,136.0,95.0,4560.0,163.3,38.3,0.0
2023-06-09T04:00,115.5,80.8,4042.0,146.2,35.4,0.0
2023-06-09T05:00,100.6,70.3,3332.0,131.4,32.1,0.0
2023-06-09T06:00,89.9,62.9,2530.0,115.5,28.6,0.0
2023-06-09T07:00,82.7,57.7,2217.0,105.7,28.0,0.0
2023-06-09T08:00,80.1,56.0,2035.0,98.2,28.3,0.0
2023-06-09T09:00,82.2,57.4,1845.0,95.1,27.7,1.0
2023-06-09T10:00,89.6,62.6,1725.0,105.4,25.3,6.0
2023-06-09T11:00,91.0,63.6,1639.0,122.2,22.0,14.0
2023-06-09T12:00,52.5,36.6,1194.0,98.5,16.3,43.0
2023-06-09T13:00,31.2,21.7,947.0,76.7,14.1,55.0
2023-06-09T14:00,21.9,15.1,596.0,45.8,11.0,71.0
2023-06-09T15:00,18.3,12.6,233.0,14.1,7.7,87.0
2023-06-09T16:00,17.2,11.8,139.0,5.7,6.5,91.0
2023-06-09T17:00,17.0,11.7,132.0,5.0,6.0,91.0
2023-06-09T18:00,17.0,11.7,213.0,14.3,6.1,81.0
2023-06-09T19:00,17.8,12.3,338.0,32.8,7.0,61.0
2023-06-09T20:00,22.1,15.3,520.0,59.0,8.4,34.0
2023-06-09T21:00,31.4,21.8,800.0,85.9,10.6,6.0
2023-06-09T22:00,39.7,27.6,1066.0,91.4,12.5,0.0
2023-06-09T23:00,44.7,31.1,1365.0,89.9,14.5,0.0
2023-06-10T00:00,36.3,25.3,643.0,68.6,18.5,24.0
2023-06-10T01:00,38.0,26.4,594.0,63.3,17.4,29.0
2023-06-10T02:00,35.9,24.9,524.0,55.7,15.9,35.0
2023-06-10T03:00,31.0,21.5,445.0,46.4,14.3,43.0
2023-06-10T04:00,28.6,19.8,413.0,41.2,14.1,47.0
2023-06-10T05:00,29.5,20.4,394.0,36.8,14.3,49.0
2023-06-10T06:00,30.6,21.2,378.0,32.7,14.6,51.0
2023-06-10T07:00,30.9,21.4,369.0,31.3,14.7,51.0
2023-06-10T08:00,30.7,21.4,365.0,31.1,14.9,51.0
2023-06-10T09:00,31.7,22.0,379.0,32.8,15.0,49.0
2023-06-10T10:00,37.3,26.0,426.0,37.3,14.9,45.0
2023-06-10T11:00,42.7,29.7,492.0,43.6,14.7,40.0
2023-06-10T12:00,41.6,28.9,525.0,38.5,13.7,55.0
2023-06-10T13:00,31.5,21.9,453.0,31.4,12.9,69.0
2023-06-10T14:00,23.5,16.2,351.0,21.5,11.9,88.0
2023-06-10T15:00,22.1,15.4,256.0,12.1,11.5,110.0
2023-06-10T16:00,23.6,16.4,248.0,10.3,12.6,120.0
2023-06-10T17:00,25.7,17.8,273.0,11.3,14.4,127.0
2023-06-10T18:00,26.8,18.6,341.0,20.1,17.8,123.0
2023-06-10T19:00,28.1,19.5,434.0,37.3,22.0,101.0
2023-06-10T20:00,32.8,22.9,556.0,60.7,27.0,69.0
2023-06-10T21:00,40.2,28.0,668.0,82.3,30.6,35.0
2023-06-10T22:00,44.4,30.9,675.0,82.6,28.3,28.0
2023-06-10T23:00,45.4,31.7,641.0,75.0,23.4,29.0
2023-06-11T00:00,37.0,25.8,654.0,70.7,19.3,23.0
2023-06-11T01:00,34.1,23.7,586.0,63.2,17.4,28.0
2023-06-11T02:00,30.2,21.0,489.0,52.6,14.8,36.0
2023-06-11T03:00,26.5,18.5,386.0,40.8,12.3,44.0
2023-06-11T04:00,26.5,18.5,358.0,36.5,12.1,46.0
2023-06-11T05:00,26.9,18.7,353.0,34.3,12.8,47.0
2023-06-11T06:00,26.9,18.7,353.0,32.5,13.7,47.0
2023-06-11T07:00,26.7,18.6,344.0,31.2,13.9,47.0
2023-06-11T08:00,26.4,18.4,337.0,30.5,14.1,47.0
2023-06-11T09:00,27.0,18.7,342.0,30.3,14.0,48.0
2023-06-11T10:00,31.1,21.7,375.0,31.5,13.6,49.0
2023-06-11T11:00,32.8,22.9,422.0,33.5,13.1,51.0
2023-06-11T12:00,28.9,20.1,455.0,34.1,13.0,57.0
2023-06-11T13:00,22.6,15.7,396.0,28.1,12.3,69.0
2023-06-11T14:00,18.9,13.1,312.0,19.6,11.3,85.0
2023-06-11T15:00,15.6,10.8,230.0,11.4,10.6,102.0
2023-06-11T16:00,15.8,11.0,219.0,10.0,11.1,106.0
2023-06-11T17:00,16.5,11.5,234.0,11.1,12.1,107.0
2023-06-11T18:00,16.5,11.5,269.0,16.6,13.5,99.0
2023-06-11T19:00,16.9,11.7,307.0,26.0,14.5,84.0
2023-06-11T20:00,18.7,13.0,355.0,38.6,15.4,62.0
2023-06-11T21:00,22.1,15.4,404.0,50.5,15.8,40.0
2023-06-11T22:00,25.6,17.9,400.0,50.3,14.4,36.0
2023-06-11T23:00,26.6,18.6,378.0,45.8,12.2,38.0
2023-06-12T00:00,36.0,25.1,350.0,36.8,16.1,39.0
2023-06-12T01:00,54.9,38.4,381.0,39.6,18.3,34.0
2023-06-12T02:00,68.9,48.2,427.0,43.6,21.6,28.0
2023-06-12T03:00,79.6,55.6,500.0,49.0,27.1,20.0
2023-06-12T04:00,90.1,62.9,566.0,52.5,32.6,16.0
2023-06-12T05:00,92.9,64.7,640.0,55.8,38.9,14.0
2023-06-12T06:00,99.2,68.9,731.0,59.6,46.0,10.0
2023-06-12T07:00,103.1,71.5,793.0,62.3,49.6,5.0
2023-06-12T08:00,109.2,75.4,849.0,64.6,52.1,0.0
2023-06-12T09:00,111.1,77.1,883.0,64.7,52.9,0.0
2023-06-12T10:00,122.0,85.0,855.0,61.1,50.3,9.0
2023-06-12T11:00,97.1,67.5,794.0,55.2,45.6,25.0
2023-06-12T12:00,104.5,72.9,1714.0,140.4,37.7,72.0
2023-06-12T13:00,66.6,46.3,1472.0,115.0,36.4,92.0
2023-06-12T14:00,66.8,46.6,1127.0,78.9,34.5,121.0
2023-06-12T15:00,70.1,48.9,756.0,40.2,32.2,154.0
2023-06-12T16:00,72.9,50.9,633.0,26.9,30.5,174.0
2023-06-12T17:00,70.1,48.9,583.0,21.4,28.9,192.0
2023-06-12T18:00,59.1,41.2,602.0,26.5,28.4,191.0
2023-06-12T19:00,48.7,33.9,709.0,46.5,31.2,153.0
2023-06-12T20:00,55.4,38.5,880.0,76.5,35.5,95.0
2023-06-12T21:00,59.4,41.3,1025.0,102.1,37.4,35.0
2023-06-12T22:00,50.8,35.3,992.0,96.3,32.5,26.0
2023-06-12T23:00,39.6,27.6,889.0,78.2,24.3,34.0
2023-06-13T00:00,18.5,12.7,417.0,26.0,10.3,43.0
2023-06-13T01:00,16.1,11.1,362.0,23.1,8.7,41.0
2023-06-13T02:00,13.0,9.0,284.0,18.9,6.4,38.0
2023-06-13T03:00,9.7,6.8,193.0,13.5,3.8,37.0
2023-06-13T04:00,8.9,6.2,152.0,10.1,2.8,40.0
2023-06-13T05:00,6.4,4.4,122.0,7.0,2.1,44.0
2023-06-13T06:00,5.6,3.8,99.0,4.2,1.6,49.0
2023-06-13T07:00,6.0,4.1,93.0,3.6,1.4,50.0
2023-06-13T08:00,6.4,4.4,97.0,4.0,1.4,49.0
2023-06-13T09:00,6.5,4.5,117.0,6.2,1.6,47.0
2023-06-13T10:00,7.9,5.5,142.0,9.4,1.5,44.0
2023-06-13T11:00,9.0,6.2,176.0,13.6,1.3,39.0
2023-06-13T12:00,7.8,5.4,243.0,20.2,4.3,34.0
2023-06-13T13:00,15.0,10.1,288.0,24.2,8.1,33.0
2023-06-13T14:00,20.1,13.4,352.0,29.8,13.6,32.0
2023-06-13T15:00,24.8,16.5,432.0,37.3,20.0,29.0
2023-06-13T16:00,26.3,17.5,482.0,42.5,23.5,27.0
2023-06-13T17:00,26.8,18.0,528.0,47.7,26.3,24.0
2023-06-13T18:00,23.5,15.8,555.0,51.7,27.2,20.0
2023-06-13T19:00,18.2,12.2,530.0,50.9,24.1,17.0
2023-06-13T20:00,16.4,11.2,479.0,47.9,18.8,14.0
2023-06-13T21:00,14.8,10.2,414.0,42.9,12.6,13.0
2023-06-13T22:00,12.2,8.4,384.0,38.7,10.1,15.0
2023-06-13T23:00,14.3,9.9,359.0,33.9,8.4,19.0
2023-06-14T00:00,5.9,4.1,283.0,24.4,5.1,31.0
2023-06-14T01:00,6.6,4.6,260.0,22.0,4.8,34.0
2023-06-14T02:00,7.5,5.2,228.0,18.5,4.5,38.0
2023-06-14T03:00,7.7,5.3,193.0,14.5,4.2,42.0
2023-06-14T04:00,7.7,5.2,182.0,12.8,4.4,43.0
2023-06-14T05:00,6.4,4.4,178.0,11.6,4.7,44.0
2023-06-14T06:00,6.5,4.5,175.0,10.5,5.2,45.0
2023-06-14T07:00,6.7,4.6,165.0,9.3,5.4,47.0
2023-06-14T08:00,6.7,4.6,154.0,8.2,5.5,50.0
2023-06-14T09:00,6.8,4.6,166.0,9.4,6.0,51.0
2023-06-14T10:00,8.8,6.0,210.0,14.0,6.5,47.0
2023-06-14T11:00,11.7,8.1,275.0,20.9,7.1,40.0
2023-06-14T12:00,11.9,8.3,330.0,25.1,7.9,34.0
2023-06-14T13:00,16.1,11.1,398.0,31.4,11.2,31.0
2023-06-14T14:00,22.9,15.8,495.0,40.6,15.9,26.0
2023-06-14T15:00,30.3,20.9,625.0,52.8,23.0,21.0
2023-06-14T16:00,32.2,22.2,722.0,61.7,30.0,20.0
2023-06-14T17:00,37.0,25.5,821.0,70.7,37.9,19.0
2023-06-14T18:00,31.4,21.7,887.0,78.1,42.9,18.0
2023-06-14T19:00,22.6,15.7,846.0,77.9,38.5,14.0
2023-06-14T20:00,18.6,13.0,754.0,74.2,29.5,10.0
2023-06-14T21:00,18.0,12.6,630.0,66.9,18.7,6.0
2023-06-14T22:00,15.9,11.1,558.0,59.4,14.1,8.0
2023-06-14T23:00,16.1,11.2,489.0,50.3,10.7,13.0
2023-06-15T00:00,27.9,19.6,767.0,61.3,14.8,4.0
2023-06-15T01:00,25.9,18.1,773.0,60.3,14.2,3.0
2023-06-15T02:00,25.8,18.0,783.0,58.8,13.4,2.0
2023-06-15T03:00,24.4,17.1,820.0,57.2,13.0,1.0
2023-06-15T04:00,27.2,19.0,881.0,56.9,13.7,1.0
2023-06-15T05:00,32.5,22.7,961.0,56.9,14.9,0.0
2023-06-15T06:00,36.1,25.3,1054.0,56.8,16.7,0.0
2023-06-15T07:00,39.2,27.5,1089.0,54.9,18.0,0.0
2023-06-15T08:00,43.2,30.3,1109.0,52.4,19.4,0.0
2023-06-15T09:00,45.9,32.1,1165.0,54.7,20.9,0.0
2023-06-15T10:00,53.3,37.3,1294.0,67.7,21.3,6.0
2023-06-15T11:00,63.1,44.2,1458.0,86.1,21.4,15.0
2023-06-15T12:00,69.8,48.9,1433.0,81.1,12.1,10.0
2023-06-15T13:00,60.5,42.3,1259.0,76.3,14.0,14.0
2023-06-15T14:00,46.7,32.6,1012.0,69.6,16.9,20.0
2023-06-15T15:00,46.2,32.4,775.0,63.9,21.7,24.0
2023-06-15T16:00,41.4,29.0,772.0,65.9,27.5,21.0
2023-06-15T17:00,33.4,23.3,852.0,70.8,34.3,16.0
2023-06-15T18:00,25.9,18.1,921.0,74.8,38.5,10.0
2023-06-15T19:00,23.0,16.1,874.0,73.3,34.1,8.0
2023-06-15T20:00,25.8,18.0,789.0,69.5,25.8,8.0
2023-06-15T21:00,26.4,18.5,674.0,61.7,15.6,9.0
2023-06-15T22:00,27.2,19.0,610.0,52.8,11.3,12.0
2023-06-15T23:00,24.3,17.0,550.0,41.8,8.3,17.0
2023-06-16T00:00,23.0,16.1,446.0,28.8,5.6,22.0
2023-06-16T01:00,20.8,14.5,400.0,25.4,5.1,23.0
2023-06-16T02:00,18.7,13.1,335.0,20.5,4.3,25.0
2023-06-16T03:00,16.1,11.3,263.0,15.0,3.5,27.0
2023-06-16T04:00,14.5,10.1,237.0,12.8,3.3,28.0
2023-06-16T05:00,12.8,9.0,224.0,11.4,3.2,28.0
2023-06-16T06:00,12.3,8.6,215.0,10.4,3.2,27.0
2023-06-16T07:00,12.2,8.6,211.0,10.2,3.2,25.0
2023-06-16T08:00,12.1,8.5,212.0,10.5,3.3,23.0
2023-06-16T09:00,11.9,8.4,218.0,11.0,3.5,21.0
2023-06-16T10:00,13.3,9.3,224.0,11.0,3.6,21.0
2023-06-16T11:00,13.8,9.7,232.0,11.0,3.7,23.0
2023-06-16T12:00,13.4,9.4,236.0,10.1,4.4,29.0
2023-06-16T13:00,13.9,9.7,249.0,11.4,6.3,34.0
2023-06-16T14:00,18.3,12.8,268.0,13.3,9.0,42.0
2023-06-16T15:00,18.9,13.2,297.0,16.7,12.5,48.0
2023-06-16T16:00,20.0,13.9,322.0,20.4,14.9,47.0
2023-06-16T17:00,20.3,14.1,351.0,24.7,17.2,42.0
2023-06-16T18:00,21.0,14.7,380.0,29.3,19.0,36.0
2023-06-16T19:00,21.4,15.0,392.0,31.3,18.8,33.0
2023-06-16T20:00,22.5,15.8,399.0,32.3,17.5,30.0
2023-06-16T21:00,23.8,16.6,396.0,31.9,15.4,27.0
2023-06-16T22:00,25.1,17.6,383.0,29.2,13.5,27.0
2023-06-16T23:00,26.4,18.4,363.0,25.1,11.2,28.0
2023-06-17T00:00,28.7,20.1,321.0,21.7,8.7,37.0
2023-06-17T01:00,25.3,17.7,296.0,20.5,8.0,38.0
2023-06-17T02:00,22.1,15.4,261.0,18.8,7.0,39.0
2023-06-17T03:00,20.1,14.0,228.0,17.1,6.3,39.0
2023-06-17T04:00,20.3,14.1,228.0,16.9,6.6,38.0
2023-06-17T05:00,21.7,15.1,240.0,17.2,7.4,36.0
2023-06-17T06:00,23.9,16.7,258.0,18.1,8.5,34.0
2023-06-17T07:00,26.1,18.2,267.0,19.2,9.2,32.0
2023-06-17T08:00,28.1,19.7,276.0,20.7,9.9,30.0
2023-06-17T09:00,29.9,20.9,295.0,22.2,10.6,28.0
2023-06-17T10:00,36.0,25.1,323.0,22.7,10.8,28.0
2023-06-17T11:00,40.9,28.6,358.0,22.8,10.9,29.0
2023-06-17T12:00,27.9,19.4,351.0,21.3,10.0,38.0
2023-06-17T13:00,26.5,18.5,329.0,20.4,10.7,39.0
2023-06-17T14:00,27.1,18.9,298.0,19.1,11.6,41.0
2023-06-17T15:00,25.8,18.0,283.0,19.1,13.9,45.0
2023-06-17T16:00,29.0,20.3,308.0,20.8,16.7,54.0
2023-06-17T17:00,30.7,21.5,353.0,23.6,20.3,65.0
2023-06-17T18:00,30.6,21.3,428.0,30.5,25.0,69.0
2023-06-17T19:00,29.0,20.3,490.0,40.1,28.3,55.0
2023-06-17T20:00,31.9,22.2,562.0,52.3,31.5,31.0
2023-06-17T21:00,43.4,30.3,674.0,65.1,34.7,6.0
2023-06-17T22:00,55.2,38.5,763.0,68.2,35.7,0.0
2023-06-17T23:00,71.5,49.8,861.0,68.2,35.8,0.0
2023-06-18T00:00,87.3,60.8,2523.0,86.6,23.8,0.0
2023-06-18T01:00,99.7,69.2,2600.0,87.7,25.3,0.0
2023-06-18T02:00,94.3,65.7,2707.0,89.3,27.4,0.0
2023-06-18T03:00,95.5,66.4,2781.0,90.3,30.1,0.0
2023-06-18T04:00,95.2,66.1,2743.0,89.4,31.6,0.0
2023-06-18T05:00,95.9,66.8,2651.0,87.6,33.0,0.0
2023-06-18T06:00,94.5,65.9,2464.0,85.0,34.3,0.0
2023-06-18T07:00,92.2,64.3,2260.0,83.1,34.9,0.0
2023-06-18T08:00,78.7,54.8,2008.0,81.2,35.2,0.0
2023-06-18T09:00,80.8,56.2,1688.0,79.6,34.9,0.0
2023-06-18T10:00,84.8,59.0,1493.0,81.7,34.0,6.0
2023-06-18T11:00,80.1,55.8,1315.0,85.2,32.5,15.0
2023-06-18T12:00,56.9,39.5,1191.0,92.7,31.3,34.0
2023-06-18T13:00,42.0,29.0,1016.0,77.3,29.9,46.0
2023-06-18T14:00,36.4,25.1,767.0,55.3,27.8,63.0
2023-06-18T15:00,41.4,28.7,510.0,31.8,25.6,85.0
2023-06-18T16:00,44.9,31.1,444.0,22.5,24.9,101.0
2023-06-18T17:00,46.7,32.4,441.0,17.6,24.6,116.0
2023-06-18T18:00,47.1,32.6,494.0,23.1,24.3,118.0
2023-06-18T19:00,45.9,31.7,577.0,44.3,23.9,93.0
2023-06-18T20:00,46.1,31.8,698.0,75.4,23.6,54.0
2023-06-18T21:00,50.1,34.3,863.0,104.6,23.2,11.0
2023-06-18T22:00,47.7,32.7,985.0,104.4,23.1,0.0
2023-06-18T23:00,45.1,30.7,1109.0,93.6,23.1,0.0
2023-06-19T00:00,46.7,32.0,1131.0,84.4,22.4,1.0
2023-06-19T01:00,49.2,33.8,1125.0,81.5,22.1,0.0
2023-06-19T02:00,46.7,31.9,1114.0,77.1,21.5,0.0
2023-06-19T03:00,43.1,29.3,1029.0,68.1,20.4,1.0
2023-06-19T04:00,36.8,24.9,856.0,56.8,18.9,10.0
2023-06-19T05:00,34.3,23.2,623.0,42.9,17.1,24.0
2023-06-19T06:00,24.4,16.1,375.0,27.8,15.1,38.0
2023-06-19T07:00,20.9,13.7,300.0,21.9,14.2,43.0
2023-06-19T08:00,20.0,13.2,279.0,18.8,13.6,45.0
2023-06-19T09:00,20.3,13.4,284.0,18.1,13.3,45.0
2023-06-19T10:00,17.2,11.2,307.0,21.3,13.5,43.0
2023-06-19T11:00,17.0,11.0,352.0,27.1,13.9,38.0
2023-06-19T12:00,20.0,13.3,462.0,37.6,16.1,32.0
2023-06-19T13:00,21.3,14.1,433.0,33.1,16.1,46.0
2023-06-19T14:00,25.3,16.9,393.0,26.6,16.1,66.0
2023-06-19T15:00,28.0,18.9,349.0,19.5,16.0,91.0
2023-06-19T16:00,31.8,21.5,326.0,15.1,15.9,111.0
2023-06-19T17:00,33.8,22.8,311.0,11.4,15.8,130.0
2023-06-19T18:00,33.2,22.3,332.0,15.6,15.8,136.0
2023-06-19T19:00,31.9,21.2,387.0,32.7,16.0,110.0
2023-06-19T20:00,32.0,21.1,470.0,57.5,16.3,68.0
2023-06-19T21:00,35.5,23.6,644.0,82.3,16.9,21.0
2023-06-19T22:00,38.4,25.6,868.0,85.4,17.7,7.0
2023-06-19T23:00,44.5,29.7,1146.0,81.0,18.8,2.0
2023-06-20T00:00,35.4,23.7,987.0,72.5,19.3,0.0
2023-06-20T01:00,39.5,26.6,998.0,70.8,19.6,0.0
2023-06-20T02:00,40.2,27.2,1013.0,68.3,20.0,0.0
2023-06-20T03:00,39.9,27.2,1009.0,64.6,20.5,1.0
2023-06-20T04:00,40.3,27.7,973.0,61.6,21.0,3.0
2023-06-20T05:00,40.4,27.9,918.0,58.2,21.5,6.0
2023-06-20T06:00,41.9,29.1,840.0,54.1,21.3,9.0
2023-06-20T07:00,40.7,28.2,774.0,51.0,19.6,9.0
2023-06-20T08:00,39.6,27.5,703.0,48.0,17.1,8.0
2023-06-20T09:00,38.3,26.6,649.0,46.2,14.7,10.0
2023-06-20T10:00,43.3,30.2,679.0,48.8,14.4,13.0
2023-06-20T11:00,41.1,28.5,744.0,53.3,15.0,17.0
2023-06-20T12:00,32.9,22.7,700.0,49.8,16.8,36.0
2023-06-20T13:00,38.2,26.3,656.0,44.1,19.2,59.0
2023-06-20T14:00,45.1,31.1,594.0,36.0,22.5,92.0
2023-06-20T15:00,49.9,34.6,526.0,26.4,25.6,135.0
2023-06-20T16:00,53.9,37.5,471.0,17.1,25.4,168.0
2023-06-20T17:00,57.3,39.8,420.0,7.7,24.0,200.0
2023-06-20T18:00,57.9,40.3,488.0,15.7,23.0,210.0
2023-06-20T19:00,57.6,40.0,684.0,52.7,23.6,167.0
2023-06-20T20:00,64.0,44.6,975.0,106.8,24.9,96.0
2023-06-20T21:00,84.1,58.4,1515.0,167.3,27.9,19.0
2023-06-20T22:00,103.4,71.9,2136.0,189.2,31.6,0.0
2023-06-20T23:00,124.8,86.8,2884.0,200.5,36.3,0.0
2023-06-21T00:00,146.2,102.0,4126.0,238.0,44.6,0.0
2023-06-21T01:00,158.3,110.6,4153.0,241.7,45.5,0.0
2023-06-21T02:00,156.0,109.0,4187.0,246.9,46.8,0.0
2023-06-21T03:00,151.3,105.7,4121.0,248.1,48.0,0.0
2023-06-21T04:00,146.7,102.4,3904.0,240.9,48.0,0.0
2023-06-21T05:00,139.2,97.3,3595.0,229.1,47.6,0.0
2023-06-21T06:00,131.8,92.0,3226.0,211.8,46.6,0.0
2023-06-21T07:00,127.6,88.9,3054.0,197.0,45.9,0.0
2023-06-21T08:00,124.3,86.8,2925.0,180.8,45.0,0.0
2023-06-21T09:00,121.5,85.0,2778.0,168.0,42.2,0.0
2023-06-21T10:00,124.8,87.3,2734.0,177.2,37.6,5.0
2023-06-21T11:00,131.8,92.2,2720.0,195.1,31.7,11.0
2023-06-21T12:00,88.5,61.9,2328.0,179.3,25.4,40.0
2023-06-21T13:00,48.1,33.5,1821.0,139.4,22.2,53.0
2023-06-21T14:00,32.2,22.5,1101.0,82.8,17.7,71.0
2023-06-21T15:00,24.9,17.4,354.0,23.6,12.8,93.0
2023-06-21T16:00,22.9,16.0,134.0,4.9,10.7,108.0
2023-06-21T17:00,23.3,16.3,86.0,0.0,9.5,122.0
2023-06-21T18:00,24.0,16.7,286.0,14.4,10.1,121.0
2023-06-21T19:00,24.9,17.4,668.0,53.5,13.1,92.0
2023-06-21T20:00,48.5,33.9,1230.0,110.3,17.7,47.0
2023-06-21T21:00,87.5,61.2,2096.0,170.7,24.2,0.0
2023-06-21T22:00,121.1,84.8,2863.0,188.1,28.9,0.0
2023-06-21T23:00,144.4,100.8,3719.0,192.2,33.8,0.0
2023-06-22T00:00,140.6,98.5,4393.0,187.0,35.8,0.0
2023-06-22T01:00,143.4,100.6,4567.0,176.0,36.7,0.0
2023-06-22T02:00,142.0,99.4,4804.0,160.3,37.8,0.0
2023-06-22T03:00,137.4,96.2,4812.0,140.4,37.8,0.0
2023-06-22T04:00,129.0,90.1,4365.0,129.5,35.5,0.0
2023-06-22T05:00,112.5,78.7,3669.0,120.0,31.9,0.0
2023-06-22T06:00,88.7,61.9,2735.0,107.8,27.0,0.0
2023-06-22T07:00,64.5,45.2,2103.0,97.5,23.6,3.0
2023-06-22T08:00,49.5,34.5,1476.0,87.2,20.2,8.0
2023-06-22T09:00,41.7,29.0,888.0,77.4,16.5,15.0
2023-06-22T10:00,42.4,29.5,796.0,77.3,14.9,19.0
2023-06-22T11:00,45.6,31.8,901.0,80.8,14.0,24.0
2023-06-22T12:00,47.4,33.1,1261.0,99.7,14.7,33.0
2023-06-22T13:00,29.2,20.2,1029.0,78.4,14.2,56.0
2023-06-22T14:00,29.4,20.4,699.0,48.1,13.4,88.0
2023-06-22T15:00,28.2,19.5,350.0,16.6,12.3,123.0
2023-06-22T16:00,25.9,17.9,232.0,5.4,11.1,138.0
2023-06-22T17:00,24.6,17.1,187.0,0.9,9.7,148.0
2023-06-22T18:00,23.9,16.6,265.0,12.4,9.1,140.0
2023-06-22T19:00,25.4,17.6,438.0,44.7,10.3,107.0
2023-06-22T20:00,34.7,24.1,702.0,91.0,12.5,58.0
2023-06-22T21:00,49.2,34.3,1181.0,138.2,16.0,7.0
2023-06-22T22:00,62.6,43.8,1712.0,146.8,19.0,0.0
2023-06-22T23:00,78.2,54.6,2347.0,142.6,22.5,0.0
2023-06-23T00:00,87.8,61.2,3010.0,141.6,26.0,0.0
2023-06-23T01:00,98.7,68.9,3120.0,135.3,27.3,0.0
2023-06-23T02:00,104.3,72.9,3272.0,126.4,29.1,0.0
2023-06-23T03:00,104.1,72.6,3322.0,117.1,31.0,0.0
2023-06-23T04:00,101.5,71.0,3121.0,115.0,31.3,0.0
2023-06-23T05:00,98.0,68.5,2792.0,115.2,31.1,0.0
2023-06-23T06:00,95.2,66.4,2393.0,115.6,30.6,0.0
2023-06-23T07:00,91.5,64.0,2192.0,113.4,30.4,0.0
2023-06-23T08:00,87.1,60.8,2029.0,110.6,30.2,0.0
2023-06-23T09:00,83.8,58.4,1906.0,113.2,29.1,1.0
2023-06-23T10:00,89.6,62.4,1979.0,129.7,27.1,4.0
2023-06-23T11:00,99.7,69.4,2138.0,152.9,24.4,8.0
2023-06-23T12:00,53.9,37.4,1500.0,118.7,17.4,26.0
2023-06-23T13:00,31.4,21.5,1215.0,95.0,16.5,39.0
2023-06-23T14:00,28.4,19.4,810.0,61.4,15.3,58.0
2023-06-23T15:00,26.1,17.9,381.0,25.6,13.5,81.0
2023-06-23T16:00,22.9,15.7,242.0,12.4,12.0,97.0
2023-06-23T17:00,21.1,14.5,194.0,6.2,10.4,111.0
2023-06-23T18:00,20.7,14.2,264.0,14.0,9.5,113.0
2023-06-23T19:00,23.3,16.1,429.0,41.1,10.5,88.0
2023-06-23T20:00,30.5,21.1,685.0,80.9,12.5,49.0
2023-06-23T21:00,44.2,30.7,1098.0,121.4,15.5,7.0
2023-06-23T22:00,57.2,39.8,1514.0,128.4,17.8,0.0
2023-06-23T23:00,65.0,45.3,1995.0,124.3,20.4,0.0
2023-06-24T00:00,108.5,75.9,3789.0,154.8,30.6,0.0
2023-06-24T01:00,107.6,75.2,3636.0,146.3,30.2,0.0
2023-06-24T02:00,97.6,68.2,3414.0,134.1,29.5,0.0
2023-06-24T03:00,84.3,58.8,3024.0,118.1,28.3,0.0
2023-06-24T04:00,72.9,50.8,2621.0,108.0,27.0,2.0
2023-06-24T05:00,65.4,45.6,2145.0,98.4,25.4,6.0
2023-06-24T06:00,61.2,42.7,1601.0,87.6,23.5,10.0
2023-06-24T07:00,58.2,40.5,1319.0,80.4,22.5,13.0
2023-06-24T08:00,54.1,37.7,1104.0,74.2,21.7,16.0
2023-06-24T09:00,49.5,34.5,965.0,72.4,20.7,20.0
2023-06-24T10:00,54.2,37.8,1064.0,83.0,19.9,21.0
2023-06-24T11:00,63.6,44.4,1282.0,99.6,19.0,22.0
2023-06-24T12:00,45.8,31.9,1175.0,92.3,16.4,34.0
2023-06-24T13:00,29.3,20.3,962.0,73.7,15.6,47.0
2023-06-24T14:00,27.0,18.7,660.0,47.3,14.5,65.0
2023-06-24T15:00,25.3,17.5,343.0,19.5,13.1,89.0
2023-06-24T16:00,25.7,17.9,223.0,7.6,11.8,110.0
2023-06-24T17:00,26.4,18.3,167.0,0.9,10.5,133.0
2023-06-24T18:00,26.5,18.4,289.0,13.5,10.4,139.0
2023-06-24T19:00,27.7,19.3,591.0,54.1,12.5,107.0
2023-06-24T20:00,44.1,30.7,1035.0,112.3,15.9,55.0
2023-06-24T21:00,71.9,50.3,1710.0,171.0,20.4,1.0
2023-06-24T22:00,94.3,65.9,2300.0,180.8,23.3,0.0
2023-06-24T23:00,109.7,76.6,2953.0,174.0,26.1,0.0
2023-06-25T00:00,104.3,72.9,3528.0,149.9,28.3,0.0
2023-06-25T01:00,107.1,75.0,3534.0,143.2,28.8,0.0
2023-06-25T02:00,105.7,73.8,3539.0,133.7,29.5,0.0
2023-06-25T03:00,104.3,72.9,3428.0,122.1,30.1,0.0
2023-06-25T04:00,101.7,71.0,3175.0,116.1,30.1,0.0
2023-06-25T05:00,97.8,68.5,2828.0,111.2,29.8,0.0
2023-06-25T06:00,94.1,65.9,2411.0,105.9,29.4,0.0
2023-06-25T07:00,88.0,61.5,2170.0,98.9,29.4,0.0
2023-06-25T08:00,84.3,58.8,1963.0,91.5,29.6,0.0
2023-06-25T09:00,84.1,58.8,1869.0,98.0,29.3,0.0
2023-06-25T10:00,95.5,66.8,2118.0,134.7,28.6,5.0
2023-06-25T11:00,121.1,84.5,2532.0,187.0,27.5,13.0
2023-06-25T12:00,90.6,63.3,2207.0,172.1,21.6,33.0
2023-06-25T13:00,42.8,29.9,1732.0,132.0,20.0,58.0
2023-06-25T14:00,36.1,25.2,1059.0,75.2,17.8,93.0
2023-06-25T15:00,34.7,24.2,361.0,16.4,15.1,132.0
2023-06-25T16:00,34.2,23.9,163.0,0.0,13.5,150.0
2023-06-25T17:00,33.1,23.1,129.0,0.0,12.2,162.0
2023-06-25T18:00,32.1,22.4,312.0,13.1,12.2,154.0
2023-06-25T19:00,32.8,22.9,656.0,57.6,14.5,116.0
2023-06-25T20:00,56.1,39.2,1159.0,121.2,18.2,59.0
2023-06-25T21:00,92.4,64.5,1883.0,186.1,23.3,0.0
2023-06-25T22:00,121.1,84.5,2442.0,198.4,26.7,0.0
2023-06-25T23:00,137.4,96.2,3033.0,193.3,30.1,0.0
2023-06-26T00:00,136.0,95.2,3711.0,176.9,33.8,0.0
2023-06-26T01:00,144.4,101.0,3909.0,167.0,34.9,0.0
2023-06-26T02:00,145.3,101.5,4186.0,152.9,36.5,0.0
2023-06-26T03:00,139.2,97.3,4378.0,136.8,38.2,0.0
2023-06-26T04:00,132.7,92.9,4232.0,129.6,38.6,0.0
2023-06-26T05:00,129.0,90.1,3936.0,124.7,38.7,0.0
2023-06-26T06:00,127.1,88.9,3568.0,122.2,39.3,0.0
2023-06-26T07:00,126.2,88.2,3350.0,118.3,40.8,0.0
2023-06-26T08:00,126.7,88.7,3152.0,115.6,42.7,0.0
2023-06-26T09:00,129.9,90.8,3136.0,136.5,44.5,0.0
2023-06-26T10:00,142.5,99.7,3620.0,200.7,44.8,4.0
2023-06-26T11:00,175.1,122.5,4345.0,288.6,44.6,11.0
2023-06-26T12:00,134.6,94.1,3602.0,282.5,37.6,39.0
2023-06-26T13:00,58.2,40.6,2810.0,215.2,35.2,65.0
2023-06-26T14:00,43.7,30.5,1686.0,119.8,31.9,103.0
2023-06-26T15:00,41.4,28.9,522.0,21.0,27.4,148.0
2023-06-26T16:00,42.3,29.5,214.0,0.0,24.0,176.0
2023-06-26T17:00,42.1,29.5,184.0,0.0,20.6,201.0
2023-06-26T18:00,43.0,30.0,441.0,14.4,18.8,202.0
2023-06-26T19:00,43.9,30.7,869.0,74.4,21.2,154.0
2023-06-26T20:00,70.3,49.1,1495.0,160.7,25.9,79.0
2023-06-26T21:00,117.6,82.2,2378.0,256.0,32.4,0.0
2023-06-26T22:00,156.9,109.7,3053.0,290.3,36.7,0.0
2023-06-26T23:00,181.6,127.1,3759.0,307.3,41.2,0.0
2023-06-27T00:00,166.7,116.4,4281.0,275.3,42.5,0.0
2023-06-27T01:00,171.8,120.1,4362.0,263.2,43.2,0.0
2023-06-27T02:00,172.8,120.6,4474.0,245.8,44.1,0.0
2023-06-27T03:00,170.0,118.7,4499.0,223.1,44.4,0.0
2023-06-27T04:00,163.9,114.6,4346.0,209.7,43.2,0.0
2023-06-27T05:00,154.1,107.8,4095.0,197.4,41.3,0.0
2023-06-27T06:00,140.6,98.3,3702.0,180.8,38.5,0.0
2023-06-27T07:00,125.3,87.5,3363.0,165.3,36.5,0.0
2023-06-27T08:00,109.4,76.4,2984.0,149.0,34.4,0.0
2023-06-27T09:00,95.0,66.4,2553.0,136.4,31.2,1.0
2023-06-27T10:00,92.7,64.7,2390.0,145.4,28.5,7.0
2023-06-27T11:00,100.1,69.8,2301.0,163.4,25.6,15.0
2023-06-27T12:00,30.9,21.6,606.0,39.9,14.0,116.0
2023-06-27T13:00,17.3,12.1,490.0,31.0,11.7,113.0
2023-06-27T14:00,13.2,9.3,325.0,18.3,8.4,109.0
2023-06-27T15:00,10.8,7.5,155.0,5.4,5.0,104.0
2023-06-27T16:00,10.6,7.4,109.0,1.4,4.0,104.0
2023-06-27T17:00,11.3,7.9,104.0,0.5,3.9,106.0
2023-06-27T18:00,12.1,8.5,149.0,5.9,4.4,100.0
2023-06-27T19:00,13.0,9.0,237.0,18.7,5.4,82.0
2023-06-27T20:00,16.7,11.7,363.0,36.9,6.9,56.0
2023-06-27T21:00,24.7,17.2,507.0,55.0,8.9,29.0
2023-06-27T22:00,29.0,20.3,570.0,57.9,10.3,21.0
2023-06-27T23:00,29.6,20.7,612.0,55.5,11.8,19.0
2023-06-28T00:00,23.8,16.6,645.0,51.0,12.8,19.0
2023-06-28T01:00,23.1,16.2,620.0,48.3,12.4,20.0
2023-06-28T02:00,22.1,15.4,585.0,44.5,11.9,22.0
2023-06-28T03:00,20.9,14.6,528.0,39.5,11.1,25.0
2023-06-28T04:00,19.2,13.4,478.0,36.2,10.5,27.0
2023-06-28T05:00,17.3,12.1,421.0,33.1,10.0,29.0
2023-06-28T06:00,15.4,10.8,353.0,29.8,9.5,31.0
2023-06-28T07:00,13.5,9.5,306.0,28.2,9.5,30.0
2023-06-28T08:00,12.0,8.4,263.0,27.2,9.8,29.0
2023-06-28T09:00,11.4,8.0,240.0,26.7,10.2,33.0
2023-06-28T10:00,13.9,9.7,277.0,28.0,10.8,45.0
2023-06-28T11:00,18.8,13.1,344.0,30.2,11.4,62.0
2023-06-28T12:00,18.2,12.8,395.0,30.8,11.5,83.0
2023-06-28T13:00,14.1,9.9,332.0,24.1,9.7,85.0
2023-06-28T14:00,10.0,7.0,241.0,14.7,7.1,89.0
2023-06-28T15:00,7.7,5.4,149.0,5.0,4.4,93.0
2023-06-28T16:00,7.7,5.4,123.0,1.8,3.5,97.0
2023-06-28T17:00,8.4,5.9,119.0,0.8,3.2,101.0
2023-06-28T18:00,8.9,6.3,150.0,4.9,3.5,98.0
2023-06-28T19:00,9.4,6.6,213.0,15.1,4.2,83.0
2023-06-28T20:00,11.8,8.2,302.0,29.6,5.4,61.0
2023-06-28T21:00,18.1,12.7,418.0,45.1,7.1,36.0
2023-06-28T22:00,23.3,16.3,494.0,49.7,8.6,26.0
2023-06-28T23:00,25.6,17.9,567.0,51.0,10.3,20.0
2023-06-29T00:00,28.8,20.1,748.0,57.7,13.2,10.0
2023-06-29T01:00,28.8,20.1,739.0,55.5,12.7,10.0
2023-06-29T02:00,28.3,19.8,724.0,52.2,12.0,9.0
2023-06-29T03:00,26.7,18.7,673.0,47.6,11.3,10.0
2023-06-29T04:00,24.0,16.8,585.0,44.0,11.2,13.0
2023-06-29T05:00,20.1,14.1,471.0,40.2,11.4,18.0
2023-06-29T06:00,17.1,11.9,350.0,35.8,11.5,24.0
2023-06-29T07:00,16.5,11.6,314.0,33.2,11.4,26.0
2023-06-29T08:00,21.0,13.9,306.0,31.1,11.1,28.0
2023-06-29T09:00,25.8,16.7,311.0,29.0,10.8,34.0
2023-06-29T10:00,33.6,22.1,329.0,28.6,10.6,44.0
2023-06-29T11:00,38.3,24.6,360.0,29.0,10.5,57.0
2023-06-29T12:00,43.9,28.2,431.0,32.2,15.4,101.0
2023-06-29T13:00,32.1,20.5,384.0,26.1,13.8,109.0
2023-06-29T14:00,26.4,17.1,318.0,17.3,11.4,120.0
2023-06-29T15:00,25.3,16.4,246.0,8.7,9.0,129.0
2023-06-29T16:00,26.0,16.8,225.0,7.1,8.4,128.0
2023-06-29T17:00,25.3,16.4,218.0,7.9,8.4,122.0
2023-06-29T18:00,24.2,15.8,219.0,11.3,8.6,107.0
2023-06-29T19:00,21.6,14.3,226.0,16.5,8.7,87.0
2023-06-29T20:00,17.5,11.7,238.0,23.5,8.8,62.0
2023-06-29T21:00,12.7,8.5,245.0,29.8,8.9,36.0
2023-06-29T22:00,8.6,5.8,232.0,29.6,8.8,29.0
2023-06-29T23:00,6.2,4.2,210.0,27.0,8.7,29.0
2023-06-30T00:00,9.2,5.8,183.0,22.2,8.1,33.0
2023-06-30T01:00,7.3,4.6,174.0,20.7,7.8,35.0
2023-06-30T02:00,6.1,3.9,160.0,18.5,7.3,37.0
2023-06-30T03:00,6.1,3.9,144.0,16.0,6.9,39.0
2023-06-30T04:00,6.0,3.8,135.0,14.8,6.8,39.0
2023-06-30T05:00,5.8,3.7,128.0,14.0,6.9,39.0
2023-06-30T06:00,6.3,4.1,122.0,13.9,7.3,38.0
2023-06-30T07:00,7.3,4.7,120.0,14.8,7.9,35.0
2023-06-30T08:00,9.1,6.0,120.0,16.5,8.7,31.0
2023-06-30T09:00,10.6,7.2,133.0,19.1,10.0,28.0
2023-06-30T10:00,13.4,9.3,164.0,22.1,11.2,28.0
2023-06-30T11:00,15.5,10.8,206.0,25.5,12.7,29.0
2023-06-30T12:00,17.2,12.1,232.0,26.0,12.6,37.0
2023-06-30T13:00,18.8,13.1,230.0,22.4,12.5,57.0
2023-06-30T14:00,21.8,15.2,228.0,17.3,12.2,85.0
2023-06-30T15:00,25.6,17.8,225.0,12.1,11.9,114.0
2023-06-30T16:00,27.4,18.9,218.0,10.0,11.5,123.0
2023-06-30T17:00,27.1,18.6,210.0,8.9,11.0,125.0
2023-06-30T18:00,26.9,18.3,220.0,11.9,10.7,117.0
2023-06-30T19:00,26.1,17.7,257.0,20.4,11.0,99.0
2023-06-30T20:00,26.6,17.9,311.0,32.5,11.6,72.0
2023-06-30T21:00,28.9,19.7,383.0,45.9,12.5,40.0
2023-06-30T22:00,31.8,21.7,436.0,50.9,13.3,24.0
2023-06-30T23:00,34.9,24.0,490.0,53.6,14.2,12.0
2023-07-01T00:00,37.0,25.1,537.0,54.8,16.0,1.0
2023-07-01T01:00,36.2,24.7,521.0,53.4,16.0,1.0
2023-07-01T02:00,34.8,23.8,499.0,51.5,16.0,1.0
2023-07-01T03:00,33.9,23.2,471.0,49.0,16.1,1.0
2023-07-01T04:00,33.2,22.8,453.0,47.7,16.4,1.0
2023-07-01T05:00,32.6,22.5,437.0,46.6,16.9,0.0
2023-07-01T06:00,32.5,22.4,428.0,44.6,17.2,0.0
2023-07-01T07:00,32.7,22.6,441.0,41.5,16.6,0.0
2023-07-01T08:00,32.8,22.8,464.0,37.6,15.6,0.0
2023-07-01T09:00,34.0,23.7,490.0,35.7,16.0,0.0
2023-07-01T10:00,40.3,28.1,501.0,40.5,19.4,14.0
2023-07-01T11:00,52.3,36.3,509.0,48.4,24.4,35.0
2023-07-01T12:00,55.6,38.6,475.0,47.9,24.7,61.0
2023-07-01T13:00,59.8,41.4,442.0,38.8,23.1,96.0
2023-07-01T14:00,63.6,44.0,394.0,25.8,20.8,144.0
2023-07-01T15:00,49.5,34.1,331.0,12.0,17.2,185.0
2023-07-01T16:00,37.0,25.4,284.0,7.5,13.8,176.0
2023-07-01T17:00,27.9,19.0,236.0,5.9,10.0,146.0
2023-07-01T18:00,22.5,15.3,202.0,8.1,6.4,105.0
2023-07-01T19:00,18.3,12.3,215.0,14.4,5.7,81.0
2023-07-01T20:00,17.6,11.9,250.0,23.9,6.2,58.0
2023-07-01T21:00,17.9,12.2,301.0,35.1,7.4,32.0
2023-07-01T22:00,21.2,14.6,339.0,40.4,8.7,19.0
2023-07-01T23:00,25.3,17.5,380.0,44.3,10.4,11.0
2023-07-02T00:00,16.8,11.4,228.0,23.4,7.2,40.0
2023-07-02T01:00,19.3,13.0,242.0,25.3,7.7,37.0
2023-07-02T02:00,22.3,15.1,261.0,28.0,8.5,32.0
2023-07-02T03:00,25.3,17.3,283.0,30.6,9.4,26.0
2023-07-02T04:00,28.2,19.3,292.0,31.0,9.8,22.0
2023-07-02T05:00,29.9,20.6,297.0,30.5,10.1,19.0
2023-07-02T06:00,31.0,21.4,302.0,29.8,10.4,15.0
2023-07-02T07:00,31.5,21.8,301.0,29.1,10.5,11.0
2023-07-02T08:00,31.9,22.1,298.0,28.1,10.5,6.0
2023-07-02T09:00,32.9,22.8,312.0,28.5,10.5,9.0
2023-07-02T10:00,35.0,24.3,361.0,32.3,10.6,22.0
2023-07-02T11:00,40.0,27.8,428.0,37.8,10.8,42.0
2023-07-02T12:00,38.3,26.8,522.0,39.9,10.8,85.0
2023-07-02T13:00,29.1,20.3,445.0,31.2,10.1,95.0
2023-07-02T14:00,25.2,17.3,336.0,19.0,9.1,109.0
2023-07-02T15:00,23.5,15.9,221.0,6.4,7.9,122.0
2023-07-02T16:00,21.7,14.7,190.0,3.4,7.4,123.0
2023-07-02T17:00,21.2,14.2,185.0,3.6,7.0,119.0
2023-07-02T18:00,21.2,14.1,195.0,7.0,6.8,107.0
2023-07-02T19:00,20.1,13.1,209.0,12.4,7.0,90.0
2023-07-02T20:00,18.9,12.1,234.0,20.0,7.5,68.0
2023-07-02T21:00,19.9,12.8,265.0,29.3,8.4,42.0
2023-07-02T22:00,20.7,13.6,286.0,34.7,9.6,29.0
2023-07-02T23:00,22.5,14.9,307.0,39.4,11.1,19.0
2023-07-03T00:00,25.7,17.4,355.0,45.5,12.7,10.0
2023-07-03T01:00,27.0,18.3,340.0,44.5,12.8,10.0
2023-07-03T02:00,25.6,17.2,317.0,43.1,12.9,10.0
2023-07-03T03:00,25.1,17.0,289.0,41.0,13.0,10.0
2023-07-03T04:00,25.7,17.5,272.0,39.1,13.0,11.0
2023-07-03T05:00,24.9,16.9,257.0,36.9,13.0,11.0
2023-07-03T06:00,24.0,16.4,240.0,34.7,13.0,12.0
2023-07-03T07:00,23.5,16.1,231.0,34.2,13.1,11.0
2023-07-03T08:00,23.2,15.9,224.0,34.2,13.2,9.0
2023-07-03T09:00,22.5,15.4,222.0,33.6,13.3,11.0
2023-07-03T10:00,21.4,14.5,231.0,32.2,13.3,19.0
2023-07-03T11:00,21.4,14.4,245.0,30.4,13.3,30.0
2023-07-03T12:00,29.7,20.5,308.0,34.4,15.3,51.0
2023-07-03T13:00,20.4,13.7,268.0,27.3,13.2,62.0
2023-07-03T14:00,17.3,11.5,212.0,17.3,10.3,78.0
2023-07-03T15:00,16.1,10.6,154.0,7.0,7.2,94.0
2023-07-03T16:00,15.7,10.4,137.0,4.2,6.2,99.0
2023-07-03T17:00,15.1,10.0,134.0,3.8,6.0,99.0
2023-07-03T18:00,15.1,10.0,147.0,6.9,6.2,93.0
2023-07-03T19:00,15.1,10.0,173.0,13.1,6.8,81.0
2023-07-03T20:00,15.0,9.9,211.0,22.0,7.8,63.0
2023-07-03T21:00,16.9,11.3,265.0,32.4,9.4,42.0
2023-07-03T22:00,19.4,13.1,309.0,37.0,10.8,31.0
2023-07-03T23:00,21.9,14.8,355.0,40.2,12.4,22.0
2023-07-04T00:00,22.8,15.4,393.0,43.8,14.1,13.0
2023-07-04T01:00,25.0,17.0,400.0,44.8,14.7,11.0
2023-07-04T02:00,26.0,17.8,409.0,46.1,15.5,9.0
2023-07-04T03:00,26.2,18.0,406.0,46.9,16.2,7.0
2023-07-04T04:00,25.8,17.9,381.0,46.6,16.6,7.0
2023-07-04T05:00,25.3,17.5,344.0,45.7,16.8,8.0
2023-07-04T06:00,24.5,17.0,311.0,44.8,17.0,9.0
2023-07-04T07:00,23.3,16.1,287.0,44.7,17.3,7.0
2023-07-04T08:00,23.4,16.2,268.0,44.7,17.7,4.0
2023-07-04T09:00,23.9,16.5,257.0,43.2,17.7,9.0
2023-07-04T10:00,26.2,18.2,262.0,39.3,17.3,26.0
2023-07-04T11:00,30.0,20.9,275.0,33.8,16.6,50.0
2023-07-04T12:00,28.2,19.6,313.0,31.8,16.6,78.0
2023-07-04T13:00,25.5,17.7,284.0,25.3,15.2,96.0
2023-07-04T14:00,25.7,17.9,245.0,16.3,13.3,120.0
2023-07-04T15:00,25.8,18.0,216.0,9.6,11.8,140.0
2023-07-04T16:00,26.8,18.7,197.0,5.6,11.2,153.0
2023-07-04T17:00,28.1,19.6,190.0,4.0,11.1,162.0
2023-07-04T18:00,29.2,20.4,216.0,8.4,11.2,157.0
2023-07-04T19:00,29.7,20.6,302.0,23.9,11.5,129.0
2023-07-04T20:00,31.0,21.4,422.0,45.5,12.0,88.0
2023-07-04T21:00,37.6,25.6,524.0,61.4,12.8,54.0
2023-07-04T22:00,42.1,28.7,592.0,66.1,14.1,35.0
2023-07-04T23:00,44.4,30.2,642.0,65.1,15.8,23.0
2023-07-05T00:00,53.2,36.6,893.0,75.8,21.1,12.0
2023-07-05T01:00,56.3,38.6,889.0,74.7,22.0,10.0
2023-07-05T02:00,57.6,39.6,882.0,73.1,23.3,7.0
2023-07-05T03:00,58.4,40.3,871.0,71.7,24.1,4.0
2023-07-05T04:00,58.9,40.6,850.0,70.7,24.1,2.0
2023-07-05T05:00,59.0,40.9,824.0,69.7,23.7,1.0
2023-07-05T06:00,57.7,39.9,805.0,68.8,23.3,0.0
2023-07-05T07:00,55.9,38.6,795.0,67.8,23.0,0.0
2023-07-05T08:00,53.8,37.3,792.0,66.8,22.7,0.0
2023-07-05T09:00,51.6,35.9,797.0,65.6,22.6,0.0
2023-07-05T10:00,52.4,36.6,838.0,66.0,23.1,51.0
2023-07-05T11:00,61.9,43.2,887.0,66.3,23.9,121.0
2023-07-05T12:00,60.5,42.4,780.0,60.5,25.4,157.0
2023-07-05T13:00,33.4,23.4,614.0,44.8,20.8,157.0
2023-07-05T14:00,25.6,17.9,385.0,23.1,14.5,157.0
2023-07-05T15:00,20.0,14.0,214.0,7.2,9.4,154.0
2023-07-05T16:00,15.8,11.0,143.0,0.3,6.7,147.0
2023-07-05T17:00,13.7,9.6,129.0,0.0,5.2,137.0
2023-07-05T18:00,12.9,9.0,170.0,5.6,4.8,120.0
2023-07-05T19:00,13.0,9.1,286.0,25.2,5.5,90.0
2023-07-05T20:00,18.6,13.0,456.0,52.4,7.2,54.0
2023-07-05T21:00,30.2,21.1,610.0,72.1,9.3,27.0
2023-07-05T22:00,38.9,27.1,735.0,77.3,12.0,16.0
2023-07-05T23:00,42.3,29.5,845.0,75.1,15.0,14.0
2023-07-06T00:00,42.3,29.6,1019.0,78.9,17.0,11.0
2023-07-06T01:00,39.0,27.3,947.0,72.9,15.7,15.0
2023-07-06T02:00,35.3,24.7,844.0,64.3,13.9,20.0
2023-07-06T03:00,31.9,22.4,744.0,56.1,12.4,24.0
2023-07-06T04:00,29.0,20.3,653.0,48.8,11.4,27.0
2023-07-06T05:00,26.7,18.7,564.0,41.8,10.6,29.0
2023-07-06T06:00,24.8,17.3,490.0,36.4,10.1,31.0
2023-07-06T07:00,22.9,16.0,428.0,33.3,9.7,28.0
2023-07-06T08:00,21.2,14.8,381.0,31.8,9.6,24.0
2023-07-06T09:00,20.5,14.3,363.0,31.3,9.8,30.0
2023-07-06T10:00,24.0,16.7,407.0,33.1,10.8,53.0
2023-07-06T11:00,31.3,21.8,482.0,35.9,12.1,86.0
2023-07-06T12:00,28.8,20.1,487.0,33.7,12.5,112.0
2023-07-06T13:00,20.9,14.6,399.0,25.4,10.7,116.0
2023-07-06T14:00,17.7,12.4,278.0,14.0,8.3,121.0
2023-07-06T15:00,14.9,10.4,189.0,5.8,6.4,125.0
2023-07-06T16:00,14.1,9.9,148.0,1.6,5.6,129.0
2023-07-06T17:00,14.7,10.3,140.0,0.5,5.4,131.0
2023-07-06T18:00,15.6,10.9,181.0,6.1,5.8,124.0
2023-07-06T19:00,16.5,11.5,301.0,24.0,7.0,99.0
2023-07-06T20:00,21.8,15.3,471.0,48.5,8.8,65.0
2023-07-06T21:00,31.9,22.4,615.0,66.3,10.6,38.0
2023-07-06T22:00,37.8,26.5,714.0,71.3,12.5,26.0
2023-07-06T23:00,39.6,27.6,789.0,69.5,14.4,22.0
2023-07-07T00:00,30.7,21.5,750.0,57.7,13.9,28.0
2023-07-07T01:00,29.6,20.7,700.0,53.5,13.3,31.0
2023-07-07T02:00,26.9,18.9,627.0,47.5,12.6,35.0
2023-07-07T03:00,23.5,16.4,543.0,41.2,11.7,39.0
2023-07-07T04:00,19.5,13.6,441.0,34.5,10.8,43.0
2023-07-07T05:00,15.8,11.1,328.0,27.6,9.8,48.0
2023-07-07T06:00,12.3,8.6,241.0,22.2,9.0,50.0
2023-07-07T07:00,10.1,7.1,194.0,19.2,8.4,48.0
2023-07-07T08:00,8.6,6.0,173.0,17.7,8.0,45.0
2023-07-07T09:00,8.3,5.8,176.0,17.7,7.9,45.0
2023-07-07T10:00,10.7,7.5,222.0,20.5,8.5,53.0
2023-07-07T11:00,15.5,10.8,291.0,24.7,9.5,64.0
2023-07-07T12:00,19.3,13.4,337.0,27.0,9.9,75.0
2023-07-07T13:00,17.6,12.3,286.0,20.9,8.8,84.0
2023-07-07T14:00,16.5,11.5,216.0,12.6,7.2,96.0
2023-07-07T15:00,15.0,10.4,165.0,6.5,5.9,105.0
2023-07-07T16:00,15.0,10.4,136.0,2.4,5.1,111.0
2023-07-07T17:00,15.3,10.7,126.0,0.6,4.5,114.0
2023-07-07T18:00,15.9,11.0,167.0,5.9,4.7,107.0
2023-07-07T19:00,16.5,11.5,295.0,24.8,6.0,83.0
2023-07-07T20:00,22.5,15.7,474.0,50.8,8.0,50.0
2023-07-07T21:00,33.4,23.3,625.0,69.6,10.0,25.0
2023-07-07T22:00,40.0,27.9,725.0,74.6,12.1,14.0
2023-07-07T23:00,41.4,28.9,797.0,72.4,14.2,11.0
2023-07-08T00:00,41.4,29.0,962.0,74.3,16.1,6.0
2023-07-08T01:00,38.4,26.9,890.0,69.0,15.3,9.0
2023-07-08T02:00,34.3,24.0,786.0,61.5,14.1,12.0
2023-07-08T03:00,30.4,21.2,685.0,54.3,13.0,16.0
2023-07-08T04:00,27.0,18.9,592.0,47.9,12.1,20.0
2023-07-08T05:00,24.2,16.9,501.0,41.9,11.4,24.0
2023-07-08T06:00,21.8,15.3,426.0,37.1,10.9,27.0
2023-07-08T07:00,19.8,13.8,369.0,34.3,10.8,27.0
2023-07-08T08:00,18.0,12.6,328.0,32.7,10.8,25.0
2023-07-08T09:00,17.1,12.0,307.0,31.4,10.9,29.0
2023-07-08T10:00,18.7,13.1,323.0,30.6,11.0,42.0
2023-07-08T11:00,21.2,14.8,358.0,30.0,11.2,60.0
2023-07-08T12:00,20.4,14.2,340.0,26.5,9.7,64.0
2023-07-08T13:00,20.3,14.1,292.0,20.5,8.4,75.0
2023-07-08T14:00,18.7,13.0,226.0,12.3,6.5,91.0
2023-07-08T15:00,15.0,10.4,177.0,6.3,5.0,102.0
2023-07-08T16:00,13.6,9.4,159.0,3.9,4.2,106.0
2023-07-08T17:00,13.7,9.5,159.0,3.7,3.8,105.0
2023-07-08T18:00,14.0,9.7,171.0,5.9,3.8,100.0
2023-07-08T19:00,13.9,9.6,196.0,11.6,4.1,89.0
2023-07-08T20:00,14.0,9.7,233.0,19.7,4.9,75.0
2023-07-08T21:00,15.7,11.0,276.0,26.8,5.9,61.0
2023-07-08T22:00,19.0,13.2,332.0,32.0,7.6,49.0
2023-07-08T23:00,20.6,14.4,393.0,36.1,9.7,39.0
2023-07-09T00:00,28.6,20.0,562.0,53.2,14.0,21.0
2023-07-09T01:00,29.3,20.4,535.0,49.3,13.3,22.0
2023-07-09T02:00,27.9,19.5,495.0,43.5,12.2,24.0
2023-07-09T03:00,25.4,17.8,445.0,37.2,10.8,27.0
2023-07-09T04:00,23.7,16.6,375.0,29.6,8.8,34.0
2023-07-09T05:00,21.5,15.0,296.0,21.4,6.6,42.0
2023-07-09T06:00,17.1,11.9,238.0,15.6,5.0,46.0
2023-07-09T07:00,14.8,10.3,217.0,13.6,4.5,43.0
2023-07-09T08:00,13.9,9.7,219.0,14.1,4.8,35.0
2023-07-09T09:00,14.5,10.0,231.0,16.1,5.6,31.0
2023-07-09T10:00,18.5,12.7,259.0,20.8,7.3,31.0
2023-07-09T11:00,20.7,14.1,299.0,26.9,9.5,33.0
2023-07-09T12:00,10.9,7.7,296.0,29.4,11.1,34.0
2023-07-09T13:00,11.0,7.7,291.0,26.5,11.1,50.0
2023-07-09T14:00,12.8,8.9,285.0,22.5,11.1,72.0
2023-07-09T15:00,15.1,10.6,281.0,19.4,10.9,88.0
2023-07-09T16:00,20.1,14.1,275.0,16.9,10.4,95.0
2023-07-09T17:00,21.5,15.0,270.0,15.4,9.7,95.0
2023-07-09T18:00,22.9,15.9,288.0,18.1,9.5,89.0
2023-07-09T19:00,22.9,15.9,340.0,28.7,10.0,71.0
2023-07-09T20:00,23.9,16.6,413.0,43.5,10.9,46.0
2023-07-09T21:00,29.0,20.2,489.0,54.8,12.2,25.0
2023-07-09T22:00,30.7,21.4,569.0,59.2,14.0,13.0
2023-07-09T23:00,32.8,22.9,651.0,60.1,16.1,6.0
2023-07-10T00:00,25.8,18.0,548.0,52.9,16.0,8.0
2023-07-10T01:00,28.0,19.6,569.0,52.3,16.6,6.0
2023-07-10T02:00,30.5,21.4,597.0,51.5,17.3,2.0
2023-07-10T03:00,32.5,22.8,609.0,50.7,18.1,0.0
2023-07-10T04:00,34.1,23.9,593.0,50.1,18.9,0.0
2023-07-10T05:00,35.4,24.8,561.0,49.6,19.6,0.0
2023-07-10T06:00,35.9,25.1,531.0,48.7,20.0,0.0
2023-07-10T07:00,35.7,25.0,496.0,46.7,19.8,0.0
2023-07-10T08:00,36.0,25.2,462.0,44.3,19.2,0.0
2023-07-10T09:00,36.1,25.3,465.0,43.3,18.4,1.0
2023-07-10T10:00,38.5,27.0,552.0,46.4,17.4,26.0
2023-07-10T11:00,44.0,30.7,675.0,50.9,16.3,60.0
2023-07-10T12:00,50.9,35.5,566.0,41.1,18.1,100.0
2023-07-10T13:00,48.1,33.6,484.0,32.4,15.6,105.0
2023-07-10T14:00,41.7,29.0,371.0,20.5,12.1,112.0
2023-07-10T15:00,34.2,23.9,282.0,11.6,9.2,114.0
2023-07-10T16:00,30.4,21.2,234.0,7.8,7.3,110.0
2023-07-10T17:00,26.0,18.1,210.0,7.1,6.0,101.0
2023-07-10T18:00,22.4,15.6,217.0,10.0,5.5,90.0
2023-07-10T19:00,21.4,14.9,270.0,18.8,6.2,74.0
2023-07-10T20:00,23.3,16.3,355.0,31.2,7.7,56.0
2023-07-10T21:00,27.1,18.9,434.0,40.2,9.3,41.0
2023-07-10T22:00,30.4,21.2,502.0,42.7,10.9,33.0
2023-07-10T23:00,31.9,22.3,564.0,41.8,12.5,30.0
2023-07-11T00:00,39.7,27.8,813.0,57.6,15.7,9.0
2023-07-11T01:00,38.0,26.6,758.0,53.3,14.7,11.0
2023-07-11T02:00,34.6,24.2,679.0,47.1,13.2,15.0
2023-07-11T03:00,31.5,22.1,599.0,41.1,11.8,18.0
2023-07-11T04:00,28.3,19.8,519.0,35.5,10.5,22.0
2023-07-11T05:00,25.4,17.8,438.0,30.1,9.2,25.0
2023-07-11T06:00,22.8,15.9,371.0,26.1,8.3,28.0
2023-07-11T07:00,20.5,14.3,316.0,23.9,8.1,28.0
2023-07-11T08:00,18.9,13.2,276.0,23.1,8.3,26.0
2023-07-11T09:00,18.6,13.0,268.0,23.6,8.8,31.0
2023-07-11T10:00,21.8,15.3,325.0,27.1,9.8,46.0
2023-07-11T11:00,27.2,19.0,415.0,31.8,11.1,66.0
2023-07-11T12:00,33.9,23.7,585.0,41.7,13.6,94.0
2023-07-11T13:00,32.6,22.8,494.0,32.6,13.0,110.0
2023-07-11T14:00,30.5,21.3,368.0,20.2,12.1,133.0
2023-07-11T15:00,32.0,22.4,278.0,11.1,11.3,150.0
2023-07-11T16:00,34.8,24.3,244.0,6.8,10.6,160.0
2023-07-11T17:00,35.9,25.0,245.0,5.8,9.9,164.0
2023-07-11T18:00,36.9,25.6,289.0,10.7,10.0,158.0
2023-07-11T19:00,40.4,28.0,393.0,25.4,11.2,137.0
2023-07-11T20:00,47.4,32.9,540.0,46.0,13.1,105.0
2023-07-11T21:00,57.9,40.2,685.0,63.4,15.1,76.0
2023-07-11T22:00,68.9,48.0,827.0,74.5,17.2,51.0
2023-07-11T23:00,77.3,53.8,967.0,82.5,19.5,29.0
2023-07-12T00:00,73.1,51.0,980.0,76.2,18.4,15.0
2023-07-12T01:00,77.8,54.1,982.0,75.0,18.4,12.0
2023-07-12T02:00,80.6,56.0,982.0,73.1,18.4,9.0
2023-07-12T03:00,82.2,57.2,971.0,69.7,18.5,7.0
2023-07-12T04:00,83.4,58.1,940.0,63.9,18.6,9.0
2023-07-12T05:00,84.1,58.4,897.0,56.6,18.8,14.0
2023-07-12T06:00,84.1,58.6,857.0,50.2,19.1,18.0
2023-07-12T07:00,84.5,58.9,818.0,45.3,19.5,16.0
2023-07-12T08:00,83.8,58.3,781.0,41.3,19.9,13.0
2023-07-12T09:00,84.1,58.6,765.0,38.5,20.2,24.0
2023-07-12T10:00,87.8,61.2,806.0,38.4,20.5,64.0
2023-07-12T11:00,91.5,64.0,868.0,39.6,20.7,119.0
2023-07-12T12:00,76.8,53.8,820.0,40.1,19.4,142.0
2023-07-12T13:00,63.8,44.6,663.0,30.7,16.5,150.0
2023-07-12T14:00,39.8,27.8,445.0,17.8,12.5,159.0
2023-07-12T15:00,23.6,16.5,274.0,8.2,9.0,160.0
2023-07-12T16:00,13.2,9.2,191.0,4.1,6.3,145.0
2023-07-12T17:00,8.7,6.1,155.0,3.3,4.0,121.0
2023-07-12T18:00,9.1,6.3,150.0,5.8,2.9,99.0
2023-07-12T19:00,10.7,7.5,184.0,13.6,3.4,82.0
2023-07-12T20:00,13.0,9.1,248.0,24.8,5.0,67.0
2023-07-12T21:00,15.5,10.9,303.0,33.0,6.6,55.0
2023-07-12T22:00,18.3,12.8,341.0,36.1,7.9,47.0
2023-07-12T23:00,19.0,13.3,370.0,36.3,9.2,41.0
2023-07-13T00:00,10.3,7.2,252.0,26.0,7.6,48.0
2023-07-13T01:00,9.7,6.8,229.0,22.1,6.7,50.0
2023-07-13T02:00,8.1,5.7,198.0,16.6,5.5,53.0
2023-07-13T03:00,6.1,4.3,172.0,12.1,4.6,55.0
2023-07-13T04:00,4.8,3.3,157.0,9.7,4.2,56.0
2023-07-13T05:00,4.0,2.8,148.0,8.3,4.0,57.0
2023-07-13T06:00,3.7,2.6,142.0,7.4,3.9,57.0
2023-07-13T07:00,3.6,2.5,139.0,7.0,3.8,56.0
2023-07-13T08:00,3.7,2.6,139.0,7.0,3.8,54.0
2023-07-13T09:00,4.2,2.9,144.0,7.1,3.7,52.0
2023-07-13T10:00,5.1,3.6,158.0,7.3,3.6,51.0
2023-07-13T11:00,6.2,4.3,176.0,7.6,3.6,50.0
2023-07-13T12:00,1.9,1.3,175.0,6.8,3.2,50.0
2023-07-13T13:00,2.9,2.0,166.0,5.8,3.0,60.0
2023-07-13T14:00,3.4,2.3,154.0,4.3,2.8,75.0
2023-07-13T15:00,3.2,2.2,144.0,3.4,2.6,85.0
2023-07-13T16:00,3.0,2.1,135.0,2.7,2.5,89.0
2023-07-13T17:00,3.3,2.3,127.0,2.5,2.4,90.0
2023-07-13T18:00,4.0,2.7,132.0,4.3,2.6,86.0
2023-07-13T19:00,4.8,3.3,160.0,10.2,3.2,76.0
2023-07-13T20:00,6.2,4.2,200.0,18.2,4.1,63.0
2023-07-13T21:00,8.6,6.0,230.0,23.7,4.8,52.0
2023-07-13T22:00,11.1,7.7,245.0,24.6,5.4,47.0
2023-07-13T23:00,11.4,7.9,250.0,23.1,5.9,44.0
2023-07-14T00:00,6.4,4.4,209.0,18.5,5.3,46.0
2023-07-14T01:00,5.5,3.8,191.0,15.5,4.6,44.0
2023-07-14T02:00,6.2,4.3,165.0,11.3,3.6,42.0
2023-07-14T03:00,7.6,5.3,143.0,8.1,2.9,40.0
2023-07-14T04:00,8.7,6.1,128.0,6.6,2.7,38.0
2023-07-14T05:00,9.5,6.6,116.0,6.0,2.7,37.0
2023-07-14T06:00,9.8,6.8,109.0,5.9,2.9,35.0
2023-07-14T07:00,9.8,6.8,105.0,6.5,3.1,33.0
2023-07-14T08:00,9.7,6.6,106.0,7.5,3.4,31.0
2023-07-14T09:00,9.6,6.6,111.0,8.4,3.8,31.0
2023-07-14T10:00,11.2,7.7,126.0,8.9,4.3,34.0
2023-07-14T11:00,13.3,9.2,146.0,9.2,4.8,40.0
2023-07-14T12:00,6.5,4.6,154.0,8.8,5.1,47.0
2023-07-14T13:00,5.9,4.1,148.0,7.5,4.9,55.0
2023-07-14T14:00,6.5,4.5,140.0,5.6,4.6,66.0
2023-07-14T15:00,7.6,5.3,134.0,4.4,4.4,75.0
2023-07-14T16:00,8.5,5.9,131.0,3.7,4.3,80.0
2023-07-14T17:00,9.1,6.3,130.0,3.6,4.3,82.0
2023-07-14T18:00,9.3,6.3,136.0,5.4,4.6,79.0
2023-07-14T19:00,9.4,6.3,155.0,10.4,5.1,68.0
2023-07-14T20:00,9.6,6.3,180.0,17.1,5.9,51.0
2023-07-14T21:00,10.5,7.0,201.0,22.9,6.9,38.0
2023-07-14T22:00,12.0,7.8,214.0,26.9,8.3,30.0
2023-07-14T23:00,13.2,8.5,223.0,29.8,9.9,25.0
2023-07-15T00:00,11.5,7.5,218.0,29.1,10.5,25.0
2023-07-15T01:00,13.4,8.6,215.0,28.8,10.7,25.0
2023-07-15T02:00,15.2,9.7,210.0,28.3,10.9,25.0
2023-07-15T03:00,17.5,11.0,202.0,27.4,11.2,26.0
2023-07-15T04:00,19.1,12.0,188.0,25.8,11.5,28.0
2023-07-15T05:00,20.3,13.0,171.0,23.8,11.7,30.0
2023-07-15T06:00,19.1,12.3,159.0,22.7,12.1,31.0
2023-07-15T07:00,18.3,11.9,153.0,23.5,12.6,28.0
2023-07-15T08:00,17.9,11.8,153.0,25.2,13.2,23.0
2023-07-15T09:00,19.2,12.7,160.0,26.2,13.9,24.0
2023-07-15T10:00,21.6,14.6,183.0,26.3,14.9,33.0
2023-07-15T11:00,23.3,15.9,215.0,25.8,16.1,48.0
2023-07-15T12:00,16.7,11.6,217.0,21.1,15.0,65.0
2023-07-15T13:00,17.1,11.9,215.0,17.4,14.1,84.0
2023-07-15T14:00,19.2,13.4,212.0,12.3,12.9,111.0
2023-07-15T15:00,21.2,14.8,211.0,8.6,11.9,133.0
2023-07-15T16:00,23.5,16.5,204.0,5.8,11.5,148.0
2023-07-15T17:00,25.4,17.8,198.0,4.3,11.3,158.0
2023-07-15T18:00,26.3,18.4,220.0,8.0,11.3,154.0
2023-07-15T19:00,26.5,18.5,289.0,21.2,11.4,128.0
2023-07-15T20:00,27.6,19.2,386.0,39.6,11.7,88.0
2023-07-15T21:00,32.5,22.4,473.0,53.6,12.2,54.0
2023-07-15T22:00,36.0,24.7,547.0,59.0,13.0,33.0
2023-07-15T23:00,39.9,27.4,612.0,60.0,13.9,18.0
2023-07-16T00:00,51.9,35.6,811.0,66.5,16.2,9.0
2023-07-16T01:00,54.1,37.1,799.0,64.5,16.2,7.0
2023-07-16T02:00,54.8,37.7,780.0,61.8,16.3,3.0
2023-07-16T03:00,53.9,37.1,757.0,59.6,16.7,1.0
2023-07-16T04:00,53.2,36.7,728.0,58.6,17.5,0.0
2023-07-16T05:00,52.5,36.3,694.0,58.1,18.6,1.0
2023-07-16T06:00,51.9,36.1,659.0,57.7,20.2,1.0
2023-07-16T07:00,51.6,36.0,610.0,56.6,22.9,0.0
2023-07-16T08:00,52.3,36.4,560.0,55.5,26.2,0.0
2023-07-16T09:00,55.4,38.6,549.0,56.0,28.4,0.0
2023-07-16T10:00,60.1,42.0,629.0,61.7,29.2,30.0
2023-07-16T11:00,67.5,47.3,747.0,68.9,29.0,71.0
2023-07-16T12:00,76.4,53.6,847.0,70.4,23.9,99.0
2023-07-16T13:00,60.3,42.1,691.0,53.4,21.8,119.0
2023-07-16T14:00,46.2,32.4,476.0,29.9,18.9,146.0
2023-07-16T15:00,39.8,27.9,313.0,12.6,16.1,162.0
2023-07-16T16:00,34.8,24.3,235.0,5.0,13.4,162.0
2023-07-16T17:00,30.5,21.3,210.0,3.6,10.8,151.0
2023-07-16T18:00,28.7,20.0,247.0,10.1,9.4,132.0
2023-07-16T19:00,29.1,20.3,371.0,29.5,9.5,100.0
2023-07-16T20:00,35.7,24.9,558.0,56.8,10.6,61.0
2023-07-16T21:00,49.1,34.2,746.0,78.6,12.8,30.0
2023-07-16T22:00,59.8,41.7,934.0,89.8,16.9,16.0
2023-07-16T23:00,66.6,46.6,1123.0,95.5,22.0,11.0
2023-07-17T00:00,51.2,35.7,1063.0,86.2,20.8,1.0
2023-07-17T01:00,52.7,36.9,1089.0,83.9,20.4,0.0
2023-07-17T02:00,51.5,35.9,1121.0,80.6,19.8,0.0
2023-07-17T03:00,48.3,33.8,1112.0,77.2,19.0,0.0
2023-07-17T04:00,44.0,30.7,1030.0,73.7,17.8,2.0
2023-07-17T05:00,39.3,27.5,907.0,70.0,16.4,5.0
2023-07-17T06:00,34.5,24.0,797.0,66.9,16.0,8.0
2023-07-17T07:00,31.5,21.9,713.0,65.0,17.2,5.0
2023-07-17T08:00,32.6,22.6,642.0,63.7,19.3,1.0
2023-07-17T09:00,36.4,25.3,599.0,62.3,21.8,10.0
2023-07-17T10:00,44.9,31.2,608.0,61.7,24.9,40.0
2023-07-17T11:00,62.6,43.4,645.0,60.9,28.3,84.0
2023-07-17T12:00,72.2,50.1,712.0,56.6,31.0,155.0
2023-07-17T13:00,83.6,58.0,646.0,44.7,31.4,194.0
2023-07-17T14:00,90.6,62.9,555.0,28.3,31.9,248.0
2023-07-17T15:00,88.2,61.2,485.0,15.8,31.4,286.0
2023-07-17T16:00,82.9,57.6,451.0,10.1,29.1,299.0
2023-07-17T17:00,78.9,54.9,438.0,8.4,25.9,297.0
2023-07-17T18:00,76.4,53.0,443.0,10.9,23.2,280.0
2023-07-17T19:00,73.1,50.8,470.0,19.5,21.5,240.0
2023-07-17T20:00,69.4,48.0,517.0,32.2,20.3,185.0
2023-07-17T21:00,67.3,46.6,568.0,43.2,19.3,134.0
2023-07-17T22:00,69.4,48.2,630.0,50.8,18.4,94.0
2023-07-17T23:00,71.2,49.6,698.0,56.7,17.7,59.0
2023-07-18T00:00,71.5,49.8,725.0,58.5,18.6,33.0
2023-07-18T01:00,74.3,51.7,728.0,58.8,19.3,26.0
2023-07-18T02:00,77.1,53.6,730.0,59.2,20.1,17.0
2023-07-18T03:00,77.8,54.1,721.0,58.8,20.6,10.0
2023-07-18T04:00,76.1,53.1,691.0,56.9,20.3,7.0
2023-07-18T05:00,74.0,51.5,649.0,54.2,19.6,7.0
2023-07-18T06:00,71.7,49.9,614.0,51.9,18.8,6.0
2023-07-18T07:00,70.1,48.8,597.0,50.7,18.1,2.0
2023-07-18T08:00,66.8,46.6,587.0,49.9,17.3,0.0
2023-07-18T09:00,62.9,43.8,566.0,48.5,16.7,0.0
2023-07-18T10:00,58.6,40.7,526.0,46.3,16.7,12.0
2023-07-18T11:00,52.3,36.2,476.0,43.4,16.9,31.0
2023-07-18T12:00,43.3,29.9,357.0,33.8,16.2,49.0
2023-07-18T13:00,42.0,29.0,332.0,28.5,14.1,64.0
2023-07-18T14:00,37.5,25.8,297.0,21.1,11.2,83.0
2023-07-18T15:00,30.7,21.2,263.0,15.6,8.7,94.0
2023-07-18T16:00,23.8,16.4,233.0,13.5,7.0,89.0
2023-07-18T17:00,18.1,12.5,204.0,13.3,5.7,75.0
2023-07-18T18:00,13.3,9.2,185.0,14.4,4.9,61.0
2023-07-18T19:00,10.3,7.0,181.0,17.5,4.8,50.0
2023-07-18T20:00,10.2,6.8,186.0,21.8,5.1,39.0
2023-07-18T21:00,8.8,5.9,189.0,24.6,5.6,32.0
2023-07-18T22:00,6.8,4.5,186.0,24.5,6.1,31.0
2023-07-18T23:00,6.7,4.5,181.0,22.9,6.7,34.0
2023-07-19T00:00,7.8,5.3,180.0,20.4,6.8,38.0
2023-07-19T01:00,6.9,4.7,176.0,20.0,7.2,38.0
2023-07-19T02:00,7.1,4.7,171.0,19.3,7.6,38.0
2023-07-19T03:00,7.5,5.0,164.0,18.5,8.0,38.0
2023-07-19T04:00,7.5,5.0,154.0,17.2,8.1,39.0
2023-07-19T05:00,7.5,5.0,144.0,15.8,8.0,40.0
2023-07-19T06:00,7.8,5.2,136.0,15.0,8.1,40.0
2023-07-19T07:00,8.3,5.6,131.0,15.3,8.5,39.0
2023-07-19T08:00,8.9,6.0,130.0,16.3,9.0,37.0
2023-07-19T09:00,9.7,6.4,137.0,17.8,9.4,35.0
2023-07-19T10:00,11.2,7.5,163.0,20.7,9.8,33.0
2023-07-19T11:00,12.1,8.1,198.0,24.1,10.2,31.0
2023-07-19T12:00,5.9,4.0,167.0,18.8,7.3,40.0
2023-07-19T13:00,8.7,5.9,165.0,17.3,6.5,45.0
2023-07-19T14:00,10.9,7.5,163.0,15.2,5.5,52.0
2023-07-19T15:00,13.2,9.0,161.0,13.8,4.8,57.0
2023-07-19T16:00,15.1,10.2,160.0,13.4,4.9,59.0
2023-07-19T17:00,16.2,11.0,159.0,13.8,5.3,58.0
2023-07-19T18:00,17.6,11.7,163.0,15.3,5.8,55.0
2023-07-19T19:00,16.5,10.9,177.0,19.2,6.2,48.0
2023-07-19T20:00,15.2,10.1,195.0,24.3,6.6,39.0
2023-07-19T21:00,13.3,8.9,205.0,27.5,7.0,32.0
2023-07-19T22:00,12.7,8.4,199.0,27.0,7.3,31.0
2023-07-19T23:00,12.2,8.0,185.0,24.5,7.6,32.0
2023-07-20T00:00,9.1,6.0,172.0,22.2,8.0,34.0
2023-07-20T01:00,8.6,5.7,161.0,20.1,7.3,37.0
2023-07-20T02:00,9.1,6.1,146.0,17.3,6.4,40.0
2023-07-20T03:00,9.6,6.5,133.0,14.9,5.8,43.0
2023-07-20T04:00,9.1,6.2,124.0,13.3,5.8,45.0
2023-07-20T05:00,8.4,5.8,117.0,12.3,6.0,46.0
2023-07-20T06:00,8.0,5.6,113.0,11.9,6.4,46.0
2023-07-20T07:00,7.9,5.5,111.0,12.6,6.9,45.0
2023-07-20T08:00,8.1,5.6,113.0,13.9,7.5,43.0
2023-07-20T09:00,8.6,6.0,121.0,15.2,8.1,42.0
2023-07-20T10:00,10.5,7.3,142.0,16.4,8.7,43.0
2023-07-20T11:00,10.5,7.3,170.0,17.5,9.4,46.0
2023-07-20T12:00,9.5,6.7,181.0,17.3,9.3,50.0
2023-07-20T13:00,10.3,7.2,175.0,14.5,9.0,61.0
2023-07-20T14:00,11.1,7.7,167.0,10.6,8.6,76.0
2023-07-20T15:00,12.2,8.5,162.0,7.9,8.3,88.0
2023-07-20T16:00,13.2,9.2,161.0,6.5,8.1,95.0
2023-07-20T17:00,14.2,9.9,163.0,6.3,8.1,99.0
2023-07-20T18:00,15.2,10.5,174.0,8.6,8.3,96.0
2023-07-20T19:00,16.1,11.0,198.0,15.2,8.9,83.0
2023-07-20T20:00,16.3,11.1,231.0,24.2,9.6,64.0
2023-07-20T21:00,16.8,11.5,265.0,31.9,10.5,47.0
2023-07-20T22:00,20.1,13.8,304.0,36.9,11.4,34.0
2023-07-20T23:00,22.8,15.6,344.0,40.4,12.3,23.0
2023-07-21T00:00,23.1,15.8,370.0,44.8,13.6,14.0
2023-07-21T01:00,24.6,16.7,369.0,44.1,14.1,13.0
2023-07-21T02:00,26.3,17.9,366.0,43.1,14.7,13.0
2023-07-21T03:00,26.8,18.5,361.0,42.1,15.4,12.0
2023-07-21T04:00,26.9,18.6,350.0,41.1,16.1,12.0
2023-07-21T05:00,27.4,18.9,336.0,40.1,16.7,11.0
2023-07-21T06:00,27.8,19.2,323.0,39.1,17.3,11.0
2023-07-21T07:00,28.1,19.3,307.0,38.0,17.5,7.0
2023-07-21T08:00,28.1,19.3,293.0,36.9,17.6,3.0
2023-07-21T09:00,28.2,19.5,294.0,35.9,18.1,8.0
2023-07-21T10:00,31.4,21.8,328.0,35.8,19.6,28.0
2023-07-21T11:00,38.5,26.8,378.0,35.9,21.5,57.0
2023-07-21T12:00,31.8,22.2,365.0,28.9,20.6,85.0
2023-07-21T13:00,35.7,24.9,352.0,23.4,19.8,113.0
2023-07-21T14:00,41.2,28.8,335.0,15.9,18.7,152.0
2023-07-21T15:00,41.7,29.1,323.0,10.4,17.8,182.0
2023-07-21T16:00,41.3,28.8,318.0,8.1,17.4,198.0
2023-07-21T17:00,42.8,29.7,317.0,7.8,17.2,205.0
2023-07-21T18:00,45.2,31.0,325.0,10.3,17.1,200.0
2023-07-21T19:00,44.8,30.4,345.0,17.1,17.1,179.0
2023-07-21T20:00,43.8,29.5,374.0,26.7,17.3,146.0
2023-07-21T21:00,44.6,30.2,403.0,34.8,17.5,115.0
2023-07-21T22:00,44.5,29.9,432.0,40.0,17.7,88.0
2023-07-21T23:00,46.0,31.1,462.0,43.7,18.0,63.0
2023-07-22T00:00,48.1,32.9,506.0,48.0,18.9,42.0
2023-07-22T01:00,50.4,34.3,484.0,46.8,19.9,40.0
2023-07-22T02:00,51.1,34.8,453.0,45.1,21.3,37.0
2023-07-22T03:00,50.1,33.8,428.0,43.9,22.5,34.0
2023-07-22T04:00,51.9,35.3,416.0,43.7,23.5,31.0
2023-07-22T05:00,53.8,36.7,410.0,44.0,24.2,28.0
2023-07-22T06:00,54.7,37.4,407.0,43.6,24.2,25.0
2023-07-22T07:00,54.4,37.3,408.0,41.8,22.5,18.0
2023-07-22T08:00,53.9,37.0,412.0,39.3,20.0,10.0
2023-07-22T09:00,54.6,37.6,417.0,37.2,18.6,14.0
2023-07-22T10:00,59.6,41.1,426.0,36.6,19.8,37.0
2023-07-22T11:00,68.0,46.9,436.0,36.4,22.2,71.0
2023-07-22T12:00,53.9,37.4,453.0,33.7,21.0,113.0
2023-07-22T13:00,41.6,28.9,400.0,26.1,18.9,132.0
2023-07-22T14:00,39.3,27.4,327.0,15.8,16.1,159.0
2023-07-22T15:00,39.0,27.2,275.0,8.3,14.0,180.0
2023-07-22T16:00,36.8,25.7,255.0,5.2,13.3,192.0
2023-07-22T17:00,39.2,27.2,255.0,5.0,13.4,198.0
2023-07-22T18:00,42.7,29.6,285.0,9.3,13.9,194.0
2023-07-22T19:00,46.3,32.0,353.0,20.7,14.9,177.0
2023-07-22T20:00,51.7,35.5,450.0,36.7,16.4,150.0
2023-07-22T21:00,60.8,41.8,562.0,50.9,18.2,123.0
2023-07-22T22:00,71.7,49.7,700.0,61.7,20.6,97.0
2023-07-22T23:00,80.1,55.4,852.0,70.7,23.4,71.0
2023-07-23T00:00,94.3,65.4,1108.0,99.9,28.9,28.0
2023-07-23T01:00,97.8,68.0,1031.0,89.6,27.4,28.0
2023-07-23T02:00,91.7,63.8,921.0,75.0,25.1,28.0
2023-07-23T03:00,79.9,55.6,800.0,61.4,22.3,27.0
2023-07-23T04:00,62.9,43.9,666.0,50.2,18.5,26.0
2023-07-23T05:00,46.3,32.4,522.0,40.1,14.1,25.0
2023-07-23T06:00,33.2,23.1,404.0,32.2,10.6,24.0
2023-07-23T07:00,23.4,16.3,318.0,27.2,8.7,22.0
2023-07-23T08:00,16.7,11.6,258.0,24.5,7.7,20.0
2023-07-23T09:00,13.0,9.1,241.0,23.6,7.5,27.0
2023-07-23T10:00,14.6,10.2,304.0,26.2,8.3,51.0
2023-07-23T11:00,21.4,14.9,409.0,30.6,9.9,83.0
2023-07-23T12:00,21.5,15.1,480.0,32.4,10.9,116.0
2023-07-23T13:00,16.1,11.2,394.0,24.7,9.9,119.0
2023-07-23T14:00,16.3,11.4,276.0,14.1,8.4,123.0
2023-07-23T15:00,15.3,10.7,188.0,6.3,7.2,125.0
2023-07-23T16:00,14.6,10.2,143.0,1.9,6.1,125.0
2023-07-23T17:00,14.8,10.3,128.0,0.3,5.2,123.0
2023-07-23T18:00,15.5,10.8,170.0,5.8,5.3,116.0
2023-07-23T19:00,18.9,13.1,297.0,23.1,6.4,99.0
2023-07-23T20:00,26.9,18.7,480.0,47.3,8.5,76.0
2023-07-23T21:00,44.4,30.9,660.0,68.4,11.8,57.0
2023-07-23T22:00,60.5,42.1,835.0,83.7,17.4,45.0
2023-07-23T23:00,74.3,51.8,1007.0,95.8,24.2,38.0
2023-07-24T00:00,85.4,59.8,1246.0,113.3,30.3,22.0
2023-07-24T01:00,93.1,65.2,1220.0,109.6,30.8,24.0
2023-07-24T02:00,94.8,66.4,1179.0,103.8,31.5,27.0
2023-07-24T03:00,91.5,64.0,1109.0,94.9,31.5,31.0
2023-07-24T04:00,84.3,59.0,986.0,79.8,30.2,36.0
2023-07-24T05:00,77.3,54.0,834.0,61.5,28.1,42.0
2023-07-24T06:00,71.5,49.9,709.0,47.7,26.3,45.0
2023-07-24T07:00,65.4,45.9,630.0,41.9,25.1,39.0
2023-07-24T08:00,58.7,41.1,579.0,40.4,24.2,31.0
2023-07-24T09:00,53.2,37.3,557.0,40.4,23.5,35.0
2023-07-24T10:00,53.4,37.4,593.0,42.8,23.4,64.0
2023-07-24T11:00,59.8,41.9,657.0,46.6,23.6,105.0
2023-07-24T12:00,41.3,28.9,630.0,45.4,21.9,132.0
2023-07-24T13:00,28.7,20.1,502.0,33.7,18.3,135.0
2023-07-24T14:00,21.4,15.0,326.0,17.7,13.3,139.0
2023-07-24T15:00,19.3,13.5,195.0,6.0,9.3,142.0
2023-07-24T16:00,18.4,12.9,138.0,0.6,7.2,144.0
2023-07-24T17:00,17.5,12.2,126.0,0.0,6.2,144.0
2023-07-24T18:00,16.8,11.8,172.0,5.8,6.1,137.0
2023-07-24T19:00,16.9,11.8,307.0,24.4,6.9,116.0
2023-07-24T20:00,24.2,16.9,499.0,50.2,8.7,86.0
2023-07-24T21:00,39.8,27.9,662.0,71.1,11.3,62.0
2023-07-24T22:00,53.8,37.6,777.0,83.0,15.4,47.0
2023-07-24T23:00,61.0,42.6,864.0,89.8,20.3,38.0
2023-07-25T00:00,68.9,48.3,1099.0,119.9,27.0,13.0
2023-07-25T01:00,71.9,50.3,1034.0,109.0,28.1,17.0
2023-07-25T02:00,73.6,51.5,941.0,93.7,29.6,22.0
2023-07-25T03:00,69.4,48.7,842.0,79.4,30.1,27.0
2023-07-25T04:00,62.2,43.4,735.0,67.5,28.7,30.0
2023-07-25T05:00,54.0,37.8,622.0,56.8,26.2,33.0
2023-07-25T06:00,46.6,32.6,534.0,48.7,24.2,35.0
2023-07-25T07:00,41.1,28.7,480.0,44.5,23.1,31.0
2023-07-25T08:00,37.5,26.2,450.0,43.0,22.4,26.0
2023-07-25T09:00,35.7,25.0,443.0,42.2,21.9,33.0
2023-07-25T10:00,39.2,27.4,485.0,43.0,22.2,63.0
2023-07-25T11:00,49.2,34.5,550.0,44.6,22.7,105.0
2023-07-25T12:00,48.0,33.5,670.0,46.2,21.4,145.0
2023-07-25T13:00,32.8,23.0,529.0,34.3,17.4,141.0
2023-07-25T14:00,25.6,17.9,335.0,18.0,11.9,136.0
2023-07-25T15:00,15.9,11.2,192.0,6.1,7.7,131.0
2023-07-25T16:00,13.3,9.3,132.0,0.7,5.8,130.0
2023-07-25T17:00,13.5,9.4,124.0,0.0,5.2,130.0
2023-07-25T18:00,13.9,9.7,173.0,6.2,5.6,123.0
2023-07-25T19:00,15.2,10.6,310.0,25.2,6.9,104.0
2023-07-25T20:00,22.1,15.4,505.0,51.5,9.2,79.0
2023-07-25T21:00,42.0,29.4,674.0,72.3,12.6,59.0
2023-07-25T22:00,58.1,40.6,787.0,81.9,18.1,51.0
2023-07-25T23:00,67.5,47.3,874.0,85.9,24.7,50.0
2023-07-26T00:00,81.5,56.8,1132.0,109.0,30.1,30.0
2023-07-26T01:00,86.1,60.1,1092.0,101.8,30.3,32.0
2023-07-26T02:00,84.5,59.0,1035.0,91.7,30.6,35.0
2023-07-26T03:00,78.5,54.8,970.0,82.8,30.1,36.0
2023-07-26T04:00,70.5,49.2,895.0,77.0,28.3,34.0
2023-07-26T05:00,64.5,44.9,813.0,72.4,25.8,30.0
2023-07-26T06:00,60.3,42.0,746.0,68.1,23.7,26.0
2023-07-26T07:00,56.9,39.7,700.0,63.7,22.5,18.0
2023-07-26T08:00,54.0,37.6,668.0,59.6,21.8,10.0
2023-07-26T09:00,51.5,35.9,651.0,55.6,21.3,17.0
2023-07-26T10:00,53.0,36.9,674.0,52.9,21.4,53.0
2023-07-26T11:00,61.2,42.7,711.0,50.3,21.7,104.0
2023-07-26T12:00,51.8,36.1,677.0,43.9,19.6,139.0
2023-07-26T13:00,28.9,20.1,526.0,32.5,15.6,131.0
2023-07-26T14:00,20.8,14.4,319.0,16.8,10.1,121.0
2023-07-26T15:00,14.8,10.3,166.0,5.4,5.9,112.0
2023-07-26T16:00,12.0,8.4,108.0,0.3,4.1,109.0
2023-07-26T17:00,11.1,7.7,104.0,0.0,3.6,108.0
2023-07-26T18:00,11.5,7.9,148.0,5.2,4.0,101.0
2023-07-26T19:00,12.5,8.7,259.0,22.0,5.3,83.0
2023-07-26T20:00,19.1,13.3,417.0,45.3,7.4,59.0
2023-07-26T21:00,29.7,20.7,558.0,63.2,9.7,39.0
2023-07-26T22:00,36.1,25.3,667.0,70.5,12.1,25.0
2023-07-26T23:00,38.2,26.7,760.0,72.4,14.7,15.0
2023-07-27T00:00,32.7,22.9,779.0,66.8,15.2,9.0
2023-07-27T01:00,31.9,22.3,750.0,62.7,14.6,10.0
2023-07-27T02:00,30.4,21.3,707.0,56.7,13.8,12.0
2023-07-27T03:00,28.5,19.9,655.0,50.9,12.9,14.0
2023-07-27T04:00,25.6,17.9,583.0,45.1,12.0,18.0
2023-07-27T05:00,22.8,16.0,501.0,39.4,11.0,23.0
2023-07-27T06:00,21.2,14.8,443.0,35.7,10.5,25.0
2023-07-27T07:00,20.5,14.4,419.0,35.2,10.6,19.0
2023-07-27T08:00,20.8,14.5,417.0,36.6,11.0,10.0
2023-07-27T09:00,22.2,15.5,442.0,38.6,12.1,16.0
2023-07-27T10:00,28.3,19.8,528.0,42.5,14.6,52.0
2023-07-27T11:00,41.8,29.3,639.0,47.0,17.7,102.0
2023-07-27T12:00,40.0,28.0,706.0,49.0,19.4,137.0
2023-07-27T13:00,26.1,18.3,556.0,37.2,16.3,130.0
2023-07-27T14:00,19.6,13.6,350.0,21.1,12.1,120.0
2023-07-27T15:00,20.3,13.8,204.0,9.7,8.7,111.0
2023-07-27T16:00,21.4,14.2,177.0,7.3,7.1,105.0
2023-07-27T17:00,22.4,14.8,210.0,9.7,6.5,100.0
2023-07-27T18:00,20.1,13.7,242.0,13.3,6.2,92.0
2023-07-27T19:00,17.6,12.1,252.0,17.8,6.2,77.0
2023-07-27T20:00,14.8,10.1,260.0,23.5,6.6,59.0
2023-07-27T21:00,13.8,9.3,267.0,28.1,7.1,44.0
2023-07-27T22:00,14.2,9.7,273.0,30.5,7.6,33.0
2023-07-27T23:00,13.7,9.4,277.0,31.7,8.2,26.0
2023-07-28T00:00,12.8,8.9,284.0,34.1,9.4,17.0
2023-07-28T01:00,14.9,10.3,288.0,34.7,9.4,14.0
2023-07-28T02:00,15.8,10.9,292.0,35.3,9.5,11.0
2023-07-28T03:00,16.2,11.2,285.0,34.3,9.5,11.0
2023-07-28T04:00,15.8,10.9,254.0,29.8,9.3,19.0
2023-07-28T05:00,16.0,11.0,212.0,23.6,8.9,30.0
2023-07-28T06:00,17.3,11.8,183.0,19.6,9.0,37.0
2023-07-28T07:00,18.5,12.7,176.0,19.6,9.7,33.0
2023-07-28T08:00,20.0,13.8,182.0,21.8,10.7,25.0
2023-07-28T09:00,22.1,15.3,203.0,24.0,11.8,24.0
2023-07-28T10:00,26.1,18.2,254.0,26.7,13.2,33.0
2023-07-28T11:00,29.3,20.4,320.0,29.4,14.6,49.0
2023-07-28T12:00,34.6,24.0,349.0,28.1,15.1,73.0
2023-07-28T13:00,39.9,27.6,326.0,22.2,14.2,100.0
2023-07-28T14:00,41.2,28.6,293.0,13.9,12.9,138.0
2023-07-28T15:00,33.6,23.3,261.0,7.8,11.3,161.0
2023-07-28T16:00,25.4,17.6,219.0,4.1,9.1,160.0
2023-07-28T17:00,20.3,14.1,178.0,2.4,6.8,145.0
2023-07-28T18:00,19.3,13.4,178.0,6.0,5.4,126.0
2023-07-28T19:00,19.8,13.7,259.0,19.4,5.9,102.0
2023-07-28T20:00,21.1,14.6,382.0,38.0,7.5,74.0
2023-07-28T21:00,28.4,19.7,470.0,51.0,8.8,52.0
2023-07-28T22:00,34.7,24.1,494.0,53.6,9.5,40.0
2023-07-28T23:00,34.6,24.0,484.0,50.6,10.0,35.0
2023-07-29T00:00,46.8,32.4,860.0,83.4,18.3,2.0
2023-07-29T01:00,28.5,19.6,675.0,64.3,14.7,16.0
2023-07-29T02:00,16.2,11.3,418.0,38.0,9.8,35.0
2023-07-29T03:00,7.2,5.0,222.0,17.8,6.0,49.0
2023-07-29T04:00,4.9,3.3,146.0,10.0,4.5,52.0
2023-07-29T05:00,3.3,2.2,130.0,8.4,4.3,51.0
2023-07-29T06:00,2.4,1.6,125.0,8.0,4.2,49.0
2023-07-29T07:00,3.6,2.2,117.0,7.2,4.1,50.0
2023-07-29T08:00,5.5,3.3,121.0,7.5,4.3,50.0
2023-07-29T09:00,7.1,4.3,129.0,8.4,4.5,51.0
2023-07-29T10:00,9.1,5.5,142.0,10.1,4.7,51.0
2023-07-29T11:00,11.3,6.9,159.0,12.2,4.9,52.0
2023-07-29T12:00,10.4,6.5,169.0,14.3,5.4,50.0
2023-07-29T13:00,11.1,6.9,166.0,13.7,5.8,53.0
2023-07-29T14:00,14.0,8.6,162.0,12.8,6.4,57.0
2023-07-29T15:00,17.5,10.7,160.0,12.4,6.8,60.0
2023-07-29T16:00,18.5,11.5,161.0,12.6,7.0,61.0
2023-07-29T17:00,19.2,11.8,165.0,13.2,7.1,61.0
2023-07-29T18:00,19.8,12.2,170.0,14.5,7.2,59.0
2023-07-29T19:00,19.3,12.3,178.0,17.3,7.5,54.0
2023-07-29T20:00,19.6,12.0,187.0,20.8,7.8,47.0
2023-07-29T21:00,17.8,10.9,193.0,23.3,8.1,41.0
2023-07-29T22:00,15.8,9.9,193.0,23.9,8.5,38.0
2023-07-29T23:00,15.9,10.1,189.0,23.4,8.9,37.0
2023-07-30T00:00,13.2,8.5,171.0,18.7,6.8,41.0
2023-07-30T01:00,13.1,8.5,170.0,18.8,7.0,40.0
2023-07-30T02:00,12.9,8.4,167.0,19.0,7.2,39.0
2023-07-30T03:00,12.9,8.5,163.0,18.7,7.5,38.0
2023-07-30T04:00,12.5,8.2,155.0,17.6,7.7,39.0
2023-07-30T05:00,11.7,7.7,145.0,16.2,7.9,40.0
2023-07-30T06:00,11.1,7.3,137.0,15.3,8.1,41.0
2023-07-30T07:00,10.5,6.9,131.0,15.2,8.4,41.0
2023-07-30T08:00,11.1,7.3,129.0,15.6,8.8,41.0
2023-07-30T09:00,11.4,7.6,135.0,16.5,9.4,41.0
2023-07-30T10:00,12.8,8.5,159.0,18.6,10.4,41.0
2023-07-30T11:00,13.0,8.8,193.0,21.2,11.6,41.0
2023-07-30T12:00,14.1,9.5,199.0,20.6,11.5,46.0
2023-07-30T13:00,16.4,11.1,200.0,18.7,11.3,55.0
2023-07-30T14:00,18.4,12.5,202.0,16.1,11.0,69.0
2023-07-30T15:00,20.4,14.0,204.0,14.0,10.8,81.0
2023-07-30T16:00,23.4,16.0,205.0,12.2,10.5,93.0
2023-07-30T17:00,25.8,17.6,206.0,10.9,10.3,103.0
2023-07-30T18:00,27.3,18.6,216.0,12.5,10.3,105.0
2023-07-30T19:00,28.2,19.2,243.0,19.1,10.7,92.0
2023-07-30T20:00,26.7,18.0,279.0,28.6,11.4,69.0
2023-07-30T21:00,25.9,17.6,308.0,36.3,12.1,49.0
2023-07-30T22:00,27.6,18.8,321.0,40.5,12.8,34.0
2023-07-30T23:00,29.0,19.8,326.0,42.9,13.4,21.0
2023-07-31T00:00,28.8,19.8,359.0,46.1,14.2,10.0
2023-07-31T01:00,27.8,19.2,360.0,45.6,14.2,7.0
2023-07-31T02:00,26.9,18.6,362.0,44.9,14.2,4.0
2023-07-31T03:00,26.4,18.3,360.0,44.1,14.4,1.0
2023-07-31T04:00,26.0,18.1,353.0,43.2,14.8,0.0
2023-07-31T05:00,26.0,18.2,343.0,42.3,15.5,0.0
2023-07-31T06:00,25.9,18.1,334.0,41.5,16.1,0.0
2023-07-31T07:00,25.7,17.9,326.0,41.0,16.5,0.0
2023-07-31T08:00,25.6,17.8,319.0,40.6,17.0,0.0
2023-07-31T09:00,26.3,18.2,319.0,40.5,18.1,0.0
2023-07-31T10:00,30.3,21.0,334.0,41.9,21.0,15.0
2023-07-31T11:00,40.2,27.6,356.0,43.4,24.6,38.0
2023-07-31T12:00,46.0,31.7,355.0,41.5,25.3,56.0
2023-07-31T13:00,48.2,33.3,346.0,32.0,22.9,98.0
2023-07-31T14:00,50.6,35.2,334.0,18.9,19.4,156.0
2023-07-31T15:00,48.0,33.4,323.0,9.3,16.6,199.0
2023-07-31T16:00,46.2,32.1,306.0,5.1,14.8,215.0
2023-07-31T17:00,45.5,31.5,290.0,4.3,13.7,216.0
2023-07-31T18:00,44.5,30.7,301.0,8.2,13.1,204.0
2023-07-31T19:00,44.1,30.2,353.0,19.2,13.3,176.0
2023-07-31T20:00,44.8,30.4,431.0,34.8,14.2,135.0
2023-07-31T21:00,51.5,35.0,517.0,48.7,15.3,97.0
2023-07-31T22:00,57.0,39.2,618.0,59.3,16.8,66.0
2023-07-31T23:00,61.9,42.6,727.0,68.1,18.6,39.0
2023-08-01T00:00,66.8,46.0,899.0,86.5,21.6,9.0
2023-08-01T01:00,73.8,50.6,894.0,84.6,22.6,8.0
2023-08-01T02:00,76.4,52.3,885.0,81.6,24.1,6.0
2023-08-01T03:00,73.8,50.3,852.0,77.0,25.4,7.0
2023-08-01T04:00,71.2,48.4,776.0,69.3,26.3,12.0
2023-08-01T05:00,67.5,46.0,676.0,60.1,27.0,19.0
2023-08-01T06:00,65.4,44.6,600.0,53.0,27.5,23.0
2023-08-01T07:00,64.0,43.8,570.0,50.4,27.9,20.0
2023-08-01T08:00,61.5,42.1,562.0,50.0,28.1,14.0
2023-08-01T09:00,59.3,40.7,554.0,49.0,28.0,15.0
2023-08-01T10:00,61.7,42.5,538.0,46.8,27.8,26.0
2023-08-01T11:00,65.9,45.4,520.0,44.0,27.3,45.0
2023-08-01T12:00,63.6,43.5,448.0,35.1,25.9,80.0
2023-08-01T13:00,57.6,39.5,429.0,27.8,23.7,122.0
2023-08-01T14:00,56.2,38.6,402.0,17.7,20.8,179.0
2023-08-01T15:00,56.3,38.9,382.0,10.3,18.5,224.0
2023-08-01T16:00,55.9,38.6,368.0,6.9,17.6,248.0
2023-08-01T17:00,56.6,39.0,361.0,6.1,17.5,260.0
2023-08-01T18:00,58.0,39.9,376.0,9.8,17.5,255.0
2023-08-01T19:00,58.8,40.4,428.0,20.9,17.7,227.0
2023-08-01T20:00,59.3,40.4,503.0,36.4,18.0,182.0
2023-08-01T21:00,64.0,43.9,571.0,48.7,18.3,139.0
2023-08-01T22:00,67.3,46.4,628.0,54.8,18.1,100.0
2023-08-01T23:00,68.5,47.3,677.0,57.9,17.9,63.0
2023-08-02T00:00,72.2,49.8,782.0,65.5,20.5,35.0
2023-08-02T01:00,76.8,52.9,805.0,67.1,22.0,28.0
2023-08-02T02:00,80.8,55.9,835.0,69.2,23.9,18.0
2023-08-02T03:00,82.2,56.8,840.0,69.0,25.1,11.0
2023-08-02T04:00,81.3,56.3,800.0,64.7,24.7,10.0
2023-08-02T05:00,79.2,54.9,735.0,58.2,23.5,12.0
2023-08-02T06:00,76.4,53.0,676.0,52.8,22.4,14.0
2023-08-02T07:00,73.6,51.1,622.0,49.8,21.9,9.0
2023-08-02T08:00,71.5,49.7,573.0,47.9,21.6,4.0
2023-08-02T09:00,69.8,48.8,563.0,46.5,21.3,16.0
2023-08-02T10:00,72.6,50.8,642.0,46.9,21.2,62.0
2023-08-02T11:00,73.6,51.3,759.0,47.8,21.2,125.0
2023-08-02T12:00,72.2,50.5,776.0,45.1,21.5,175.0
2023-08-02T13:00,45.8,32.0,629.0,34.5,18.9,182.0
2023-08-02T14:00,35.5,24.8,428.0,19.9,15.4,191.0
2023-08-02T15:00,31.8,22.2,278.0,9.2,12.5,197.0
2023-08-02T16:00,30.5,21.3,215.0,3.8,10.9,201.0
2023-08-02T17:00,30.0,20.9,204.0,2.2,10.0,203.0
2023-08-02T18:00,31.0,21.6,251.0,8.3,9.9,193.0
2023-08-02T19:00,33.3,23.2,384.0,27.5,10.7,164.0
2023-08-02T20:00,38.2,26.6,576.0,54.4,12.2,124.0
2023-08-02T21:00,52.9,36.9,751.0,76.2,14.1,88.0
2023-08-02T22:00,63.1,44.0,901.0,88.6,17.0,59.0
2023-08-02T23:00,66.1,46.1,1035.0,95.9,20.2,34.0
2023-08-03T00:00,60.5,42.5,1180.0,103.6,21.4,15.0
2023-08-03T01:00,55.3,38.8,1099.0,95.9,19.2,16.0
2023-08-03T02:00,48.3,33.9,983.0,84.9,16.2,18.0
2023-08-03T03:00,42.6,29.8,870.0,74.0,13.7,21.0
2023-08-03T04:00,37.6,26.4,764.0,63.5,12.4,26.0
2023-08-03T05:00,33.8,23.6,661.0,53.1,11.6,32.0
2023-08-03T06:00,30.9,21.6,582.0,45.3,11.3,36.0
2023-08-03T07:00,28.9,20.3,529.0,41.3,11.4,33.0
2023-08-03T08:00,27.9,19.6,499.0,39.9,11.9,28.0
2023-08-03T09:00,28.3,19.8,508.0,39.4,12.7,38.0
2023-08-03T10:00,33.6,23.6,603.0,41.1,14.3,77.0
2023-08-03T11:00,45.3,31.7,736.0,43.8,16.2,131.0
2023-08-03T12:00,36.6,25.6,689.0,40.2,16.4,156.0
2023-08-03T13:00,22.7,15.9,559.0,30.2,13.8,158.0
2023-08-03T14:00,17.9,12.6,380.0,16.4,10.2,160.0
2023-08-03T15:00,17.1,12.0,249.0,6.4,7.4,161.0
2023-08-03T16:00,16.9,11.8,204.0,2.2,5.9,161.0
2023-08-03T17:00,16.5,11.5,207.0,1.8,5.3,160.0
2023-08-03T18:00,16.1,11.3,245.0,6.3,5.4,152.0
2023-08-03T19:00,16.4,11.5,327.0,18.4,6.4,133.0
2023-08-03T20:00,19.0,13.3,443.0,35.4,8.2,108.0
2023-08-03T21:00,28.2,19.7,551.0,50.5,10.7,85.0
2023-08-03T22:00,37.5,26.2,649.0,62.7,14.6,65.0
2023-08-03T23:00,47.7,33.4,738.0,72.9,19.0,48.0
2023-08-04T00:00,53.9,37.7,832.0,84.4,23.0,32.0
2023-08-04T01:00,56.8,39.7,776.0,78.2,22.2,32.0
2023-08-04T02:00,55.1,38.5,696.0,69.4,20.9,33.0
2023-08-04T03:00,49.9,34.9,613.0,60.2,19.4,35.0
2023-08-04T04:00,43.5,30.5,526.0,50.3,17.4,40.0
2023-08-04T05:00,39.1,27.4,437.0,40.1,15.0,47.0
2023-08-04T06:00,35.7,25.0,370.0,32.9,13.4,51.0
2023-08-04T07:00,34.2,24.0,337.0,30.7,12.8,48.0
2023-08-04T08:00,33.9,23.6,326.0,31.4,12.8,43.0
2023-08-04T09:00,35.3,24.6,329.0,32.2,13.5,46.0
2023-08-04T10:00,43.2,30.2,355.0,33.1,15.5,64.0
2023-08-04T11:00,54.5,38.1,396.0,34.0,18.1,90.0
2023-08-04T12:00,34.7,23.9,395.0,32.2,20.7,116.0
2023-08-04T13:00,34.9,24.1,376.0,25.9,20.1,144.0
2023-08-04T14:00,38.9,27.0,349.0,17.1,19.3,182.0
2023-08-04T15:00,43.4,30.2,331.0,10.6,18.4,212.0
2023-08-04T16:00,46.4,32.2,321.0,7.1,17.4,231.0
2023-08-04T17:00,48.3,33.5,319.0,5.7,16.4,241.0
2023-08-04T18:00,48.7,33.8,341.0,9.0,15.7,237.0
2023-08-04T19:00,48.8,33.8,390.0,18.5,15.3,210.0
2023-08-04T20:00,48.4,33.3,464.0,32.7,15.4,168.0
2023-08-04T21:00,53.1,36.8,572.0,48.6,16.4,125.0
2023-08-04T22:00,66.1,46.0,741.0,68.4,19.4,83.0
2023-08-04T23:00,80.6,56.0,946.0,90.0,23.4,41.0
2023-08-05T00:00,91.7,64.0,1145.0,107.4,26.8,9.0
2023-08-05T01:00,101.5,70.8,1219.0,107.5,27.2,6.0
2023-08-05T02:00,105.9,73.8,1317.0,107.2,27.7,3.0
2023-08-05T03:00,106.4,74.3,1350.0,103.1,27.5,4.0
2023-08-05T04:00,103.4,72.2,1263.0,92.0,26.0,13.0
2023-08-05T05:00,97.3,68.0,1113.0,77.1,23.9,26.0
2023-08-05T06:00,89.4,62.4,981.0,65.1,22.2,35.0
2023-08-05T07:00,82.9,57.9,902.0,59.2,21.1,33.0
2023-08-05T08:00,78.2,54.6,841.0,56.1,20.4,28.0
2023-08-05T09:00,75.4,52.5,783.0,52.7,21.0,35.0
2023-08-05T10:00,79.2,55.1,727.0,48.1,24.6,68.0
2023-08-05T11:00,95.0,66.1,674.0,43.1,29.5,114.0
2023-08-05T12:00,84.8,59.3,646.0,38.8,32.2,158.0
2023-08-05T13:00,52.6,36.7,539.0,29.9,27.0,167.0
2023-08-05T14:00,42.0,29.4,392.0,17.7,19.9,179.0
2023-08-05T15:00,37.3,26.1,288.0,8.8,14.6,191.0
2023-08-05T16:00,36.7,25.7,257.0,5.1,12.8,204.0
2023-08-05T17:00,38.4,26.8,267.0,4.6,12.9,216.0
2023-08-05T18:00,40.5,28.3,310.0,8.6,13.6,218.0
2023-08-05T19:00,43.5,30.5,395.0,19.8,14.9,203.0
2023-08-05T20:00,49.4,34.5,512.0,35.3,16.9,178.0
2023-08-05T21:00,61.2,42.8,620.0,47.8,18.7,154.0
2023-08-05T22:00,75.0,52.5,717.0,54.5,19.9,133.0
2023-08-05T23:00,83.4,58.3,806.0,58.1,20.9,111.0
2023-08-06T00:00,86.8,60.5,918.0,64.1,23.0,95.0
2023-08-06T01:00,86.4,60.3,836.0,57.7,22.4,88.0
2023-08-06T02:00,78.2,54.7,720.0,48.7,21.5,78.0
2023-08-06T03:00,70.3,49.2,620.0,41.2,20.4,68.0
2023-08-06T04:00,66.4,46.3,553.0,36.8,19.0,57.0
2023-08-06T05:00,62.9,44.0,501.0,34.0,17.3,47.0
2023-08-06T06:00,56.3,39.3,456.0,31.8,15.9,39.0
2023-08-06T07:00,47.4,33.1,405.0,30.0,14.7,33.0
2023-08-06T08:00,43.3,30.2,361.0,28.8,13.6,31.0
2023-08-06T09:00,41.8,29.2,351.0,28.4,13.1,40.0
2023-08-06T10:00,45.9,32.0,412.0,30.0,13.5,68.0
2023-08-06T11:00,51.9,36.3,507.0,32.4,14.3,107.0
2023-08-06T12:00,50.1,35.0,531.0,32.5,16.7,143.0
2023-08-06T13:00,43.2,30.3,485.0,25.5,16.3,168.0
2023-08-06T14:00,39.2,27.4,420.0,15.8,15.6,202.0
2023-08-06T15:00,34.3,24.0,365.0,8.7,14.6,224.0
2023-08-06T16:00,27.1,18.9,312.0,4.1,12.9,224.0
2023-08-06T17:00,24.4,17.1,269.0,2.1,10.8,212.0
2023-08-06T18:00,23.8,16.6,292.0,7.7,9.9,193.0
2023-08-06T19:00,25.1,17.6,418.0,26.0,10.6,167.0
2023-08-06T20:00,32.2,22.5,609.0,51.9,12.5,135.0
2023-08-06T21:00,51.9,36.2,806.0,75.8,15.1,103.0
2023-08-06T22:00,68.7,48.0,1014.0,96.7,19.3,72.0
2023-08-06T23:00,76.1,53.3,1228.0,115.7,24.3,42.0
2023-08-07T00:00,59.5,41.6,1170.0,107.3,23.6,21.0
2023-08-07T01:00,54.8,38.3,1100.0,97.1,21.3,24.0
2023-08-07T02:00,48.1,33.6,997.0,82.6,18.1,27.0
2023-08-07T03:00,41.1,28.8,876.0,68.1,15.2,33.0
2023-08-07T04:00,34.2,24.0,726.0,54.1,13.0,42.0
2023-08-07T05:00,28.6,20.0,559.0,40.1,11.1,52.0
2023-08-07T06:00,24.6,17.2,425.0,29.3,9.8,60.0
2023-08-07T07:00,21.4,15.0,339.0,22.9,9.2,62.0
2023-08-07T08:00,19.2,13.4,285.0,19.6,9.1,61.0
2023-08-07T09:00,18.6,13.0,271.0,18.8,9.4,65.0
2023-08-07T10:00,22.0,15.4,328.0,22.6,10.4,79.0
2023-08-07T11:00,29.0,20.3,423.0,28.9,11.8,97.0
2023-08-07T12:00,25.0,17.5,390.0,27.2,11.3,101.0
2023-08-07T13:00,22.2,15.5,326.0,20.9,9.6,105.0
2023-08-07T14:00,18.7,13.1,237.0,12.1,7.2,112.0
2023-08-07T15:00,14.8,10.3,172.0,5.7,5.3,116.0
2023-08-07T16:00,13.1,9.1,141.0,2.1,4.2,119.0
2023-08-07T17:00,12.5,8.7,132.0,0.7,3.5,121.0
2023-08-07T18:00,12.3,8.6,161.0,4.9,3.5,115.0
2023-08-07T19:00,12.6,8.8,240.0,18.4,4.3,96.0
2023-08-07T20:00,14.7,10.3,355.0,37.4,5.8,70.0
2023-08-07T21:00,23.2,16.2,481.0,53.7,7.9,46.0
2023-08-07T22:00,31.9,22.3,650.0,66.8,11.6,26.0
2023-08-07T23:00,37.1,26.0,828.0,77.3,15.9,8.0
2023-08-08T00:00,22.3,14.2,406.0,38.6,8.7,46.0
2023-08-08T01:00,20.9,13.2,349.0,29.5,6.7,53.0
2023-08-08T02:00,19.9,12.9,269.0,17.0,4.0,63.0
2023-08-08T03:00,15.7,10.1,210.0,7.9,2.2,70.0
2023-08-08T04:00,13.0,8.4,190.0,5.4,2.1,70.0
2023-08-08T05:00,11.4,7.3,191.0,6.2,2.8,66.0
2023-08-08T06:00,10.7,6.9,193.0,7.4,3.6,63.0
2023-08-08T07:00,10.2,6.6,191.0,8.1,4.3,61.0
2023-08-08T08:00,9.0,5.9,192.0,9.3,5.1,59.0
2023-08-08T09:00,7.8,5.1,193.0,10.6,5.7,58.0
2023-08-08T10:00,7.7,5.1,198.0,12.4,6.1,56.0
2023-08-08T11:00,6.9,4.5,203.0,14.3,6.2,55.0
2023-08-08T12:00,5.7,3.9,211.0,15.0,6.4,55.0
2023-08-08T13:00,6.8,4.5,198.0,14.2,6.4,57.0
2023-08-08T14:00,9.1,5.9,181.0,13.1,6.4,61.0
2023-08-08T15:00,13.5,8.6,167.0,12.3,6.4,63.0
2023-08-08T16:00,16.3,10.2,160.0,11.9,6.3,63.0
2023-08-08T17:00,19.1,11.9,156.0,11.9,6.3,63.0
2023-08-08T18:00,19.3,12.0,157.0,12.8,6.3,60.0
2023-08-08T19:00,20.3,12.7,166.0,15.6,6.5,55.0
2023-08-08T20:00,20.3,12.7,179.0,19.4,6.9,48.0
2023-08-08T21:00,18.6,11.7,187.0,22.1,7.2,42.0
2023-08-08T22:00,16.3,10.2,186.0,22.7,7.5,39.0
2023-08-08T23:00,14.3,9.0,179.0,22.2,7.9,38.0
2023-08-09T00:00,12.4,8.1,180.0,22.3,8.3,37.0
2023-08-09T01:00,11.6,7.5,171.0,20.4,7.8,39.0
2023-08-09T02:00,10.4,6.6,157.0,17.7,7.0,42.0
2023-08-09T03:00,7.9,5.1,145.0,15.5,6.5,44.0
2023-08-09T04:00,5.5,3.6,135.0,14.2,6.4,45.0
2023-08-09T05:00,4.6,3.0,126.0,13.3,6.5,45.0
2023-08-09T06:00,5.2,3.4,119.0,12.8,6.6,45.0
2023-08-09T07:00,6.3,4.2,113.0,12.5,6.6,45.0
2023-08-09T08:00,7.2,4.8,111.0,12.5,6.6,45.0
2023-08-09T09:00,7.4,5.1,117.0,13.1,6.9,46.0
2023-08-09T10:00,8.9,6.2,141.0,14.9,7.8,46.0
2023-08-09T11:00,9.5,6.5,174.0,17.2,8.9,46.0
2023-08-09T12:00,12.4,8.7,218.0,20.9,10.3,43.0
2023-08-09T13:00,11.3,8.0,213.0,18.0,10.5,56.0
2023-08-09T14:00,13.9,9.7,208.0,14.0,10.8,75.0
2023-08-09T15:00,18.0,12.5,207.0,11.1,10.9,92.0
2023-08-09T16:00,23.6,16.4,215.0,9.8,10.8,108.0
2023-08-09T17:00,26.8,18.6,229.0,9.5,10.7,123.0
2023-08-09T18:00,28.7,19.6,241.0,11.0,10.5,127.0
2023-08-09T19:00,28.6,19.1,245.0,14.7,10.1,114.0
2023-08-09T20:00,25.3,16.9,248.0,20.2,9.6,90.0
2023-08-09T21:00,19.2,12.9,267.0,26.5,10.0,67.0
2023-08-09T22:00,16.9,11.6,317.0,34.5,11.9,49.0
2023-08-09T23:00,20.3,14.1,384.0,43.3,14.7,32.0
2023-08-10T00:00,22.6,15.5,333.0,41.8,14.7,21.0
2023-08-10T01:00,25.6,17.7,379.0,43.9,15.8,15.0
2023-08-10T02:00,29.2,20.4,440.0,46.7,17.3,8.0
2023-08-10T03:00,31.7,22.1,476.0,47.8,18.2,3.0
2023-08-10T04:00,31.5,22.0,461.0,45.9,17.9,4.0
2023-08-10T05:00,30.0,21.0,419.0,42.4,16.9,8.0
2023-08-10T06:00,27.6,19.3,384.0,39.0,15.7,12.0
2023-08-10T07:00,25.3,17.6,362.0,36.2,14.4,11.0
2023-08-10T08:00,23.8,16.5,345.0,33.5,12.9,10.0
2023-08-10T09:00,22.7,15.8,347.0,31.0,11.8,18.0
2023-08-10T10:00,23.5,16.3,388.0,29.4,11.5,44.0
2023-08-10T11:00,26.7,18.6,447.0,28.0,11.6,78.0
2023-08-10T12:00,27.8,19.2,455.0,26.7,11.4,96.0
2023-08-10T13:00,23.1,15.9,396.0,20.9,10.1,107.0
2023-08-10T14:00,20.3,14.1,314.0,12.8,8.4,122.0
2023-08-10T15:00,16.2,11.2,252.0,7.1,6.9,133.0
2023-08-10T16:00,13.8,9.6,218.0,4.2,5.8,136.0
2023-08-10T17:00,13.5,9.4,202.0,3.6,5.0,134.0
2023-08-10T18:00,16.0,10.9,224.0,8.0,5.3,127.0
2023-08-10T19:00,19.7,13.3,289.0,19.3,7.0,114.0
2023-08-10T20:00,27.0,18.1,390.0,35.7,9.9,96.0
2023-08-10T21:00,36.7,24.9,525.0,53.7,13.6,75.0
2023-08-10T22:00,49.5,34.0,737.0,76.4,19.3,49.0
2023-08-10T23:00,59.6,41.2,983.0,100.7,25.8,21.0
2023-08-11T00:00,60.3,41.9,846.0,77.7,19.8,16.0
2023-08-11T01:00,68.7,47.5,830.0,75.7,20.2,13.0
2023-08-11T02:00,69.6,48.3,805.0,72.5,20.7,10.0
2023-08-11T03:00,64.0,44.5,756.0,67.0,20.1,10.0
2023-08-11T04:00,54.9,38.3,670.0,57.3,17.4,15.0
2023-08-11T05:00,43.5,30.4,560.0,45.3,13.6,24.0
2023-08-11T06:00,31.9,22.2,460.0,35.0,10.5,32.0
2023-08-11T07:00,21.0,14.6,372.0,27.6,8.5,38.0
2023-08-11T08:00,13.9,9.7,294.0,21.8,7.2,44.0
2023-08-11T09:00,10.6,7.4,247.0,18.3,6.6,51.0
2023-08-11T10:00,11.3,7.9,257.0,18.5,7.2,60.0
2023-08-11T11:00,14.6,10.2,300.0,20.9,8.4,70.0
2023-08-11T12:00,18.5,12.9,289.0,19.6,8.4,78.0
2023-08-11T13:00,18.6,13.0,261.0,15.5,7.4,91.0
2023-08-11T14:00,16.3,11.4,223.0,9.8,6.1,108.0
2023-08-11T15:00,14.1,9.8,194.0,5.7,5.0,121.0
2023-08-11T16:00,13.2,9.2,177.0,3.4,4.2,126.0
2023-08-11T17:00,12.8,8.9,169.0,2.7,3.6,126.0
2023-08-11T18:00,12.3,8.5,188.0,5.3,3.7,123.0
2023-08-11T19:00,15.3,10.4,241.0,12.4,4.6,119.0
2023-08-11T20:00,23.3,15.7,321.0,22.8,6.2,112.0
2023-08-11T21:00,31.4,21.2,418.0,35.1,8.4,99.0
2023-08-11T22:00,43.3,29.6,552.0,51.2,12.0,73.0
2023-08-11T23:00,49.4,33.9,705.0,69.1,16.2,42.0
2023-08-12T00:00,72.2,49.9,917.0,81.8,21.9,29.0
2023-08-12T01:00,78.2,54.1,916.0,78.0,22.6,29.0
2023-08-12T02:00,81.5,56.6,912.0,72.5,23.5,30.0
2023-08-12T03:00,82.7,57.4,895.0,66.0,23.9,31.0
2023-08-12T04:00,82.9,57.5,853.0,57.7,23.5,34.0
2023-08-12T05:00,83.1,57.7,797.0,48.4,22.5,37.0
2023-08-12T06:00,82.0,56.8,748.0,41.3,21.7,40.0
2023-08-12T07:00,79.9,55.3,706.0,37.6,21.1,36.0
2023-08-12T08:00,76.8,53.4,672.0,36.1,20.5,31.0
2023-08-12T09:00,73.8,51.2,666.0,36.0,20.2,39.0
2023-08-12T10:00,74.5,51.8,732.0,39.2,20.7,75.0
2023-08-12T11:00,79.6,55.4,827.0,43.7,21.4,124.0
2023-08-12T12:00,69.2,48.3,845.0,44.2,19.0,147.0
2023-08-12T13:00,45.9,32.0,689.0,34.2,16.8,155.0
2023-08-12T14:00,37.4,26.1,473.0,20.6,13.6,164.0
2023-08-12T15:00,35.2,24.5,314.0,10.8,11.0,165.0
2023-08-12T16:00,32.4,22.6,263.0,8.0,9.3,150.0
2023-08-12T17:00,32.0,22.3,267.0,9.1,8.1,127.0
2023-08-12T18:00,31.8,22.1,291.0,12.7,7.7,106.0
2023-08-12T19:00,38.0,26.4,325.0,19.4,8.3,93.0
2023-08-12T20:00,43.3,30.2,377.0,28.6,9.7,82.0
2023-08-12T21:00,48.7,33.8,435.0,37.0,11.6,73.0
2023-08-12T22:00,58.3,40.6,503.0,43.9,14.5,66.0
2023-08-12T23:00,65.4,45.5,576.0,50.0,17.9,61.0
2023-08-13T00:00,55.1,38.3,566.0,51.1,17.4,45.0
2023-08-13T01:00,61.9,43.2,621.0,55.8,18.2,35.0
2023-08-13T02:00,70.5,49.1,693.0,62.0,19.2,22.0
2023-08-13T03:00,68.2,47.6,719.0,63.9,19.3,13.0
2023-08-13T04:00,65.4,45.6,663.0,58.0,17.7,11.0
2023-08-13T05:00,59.6,41.6,562.0,47.9,15.3,13.0
2023-08-13T06:00,40.5,28.2,462.0,38.7,13.1,16.0
2023-08-13T07:00,21.1,14.7,373.0,31.9,11.7,20.0
2023-08-13T08:00,12.1,8.4,287.0,25.9,10.5,25.0
2023-08-13T09:00,8.5,5.8,223.0,21.6,9.6,30.0
2023-08-13T10:00,7.4,5.0,197.0,19.9,8.8,34.0
2023-08-13T11:00,6.0,4.0,194.0,19.8,8.3,38.0
2023-08-13T12:00,4.6,3.0,168.0,16.2,6.6,47.0
2023-08-13T13:00,7.1,4.6,163.0,15.2,6.7,50.0
2023-08-13T14:00,9.9,6.4,156.0,13.9,6.9,55.0
2023-08-13T15:00,12.6,8.1,152.0,13.2,7.0,58.0
2023-08-13T16:00,14.6,9.3,152.0,13.1,7.0,59.0
2023-08-13T17:00,14.5,9.2,154.0,13.6,6.9,58.0
2023-08-13T18:00,15.1,9.6,160.0,15.1,7.0,55.0
2023-08-13T19:00,14.8,9.4,173.0,18.8,7.3,49.0
2023-08-13T20:00,14.6,9.3,188.0,23.7,7.8,41.0
2023-08-13T21:00,16.1,10.3,198.0,26.9,8.3,35.0
2023-08-13T22:00,15.6,10.0,197.0,27.3,8.8,33.0
2023-08-13T23:00,15.9,10.2,189.0,26.0,9.3,33.0
2023-08-14T00:00,15.8,10.2,180.0,24.7,9.7,33.0
2023-08-14T01:00,16.2,10.4,169.0,22.8,9.2,35.0
2023-08-14T02:00,14.7,9.5,154.0,20.2,8.6,38.0
2023-08-14T03:00,13.9,8.8,142.0,18.2,8.2,40.0
2023-08-14T04:00,13.8,8.8,135.0,17.3,8.3,40.0
2023-08-14T05:00,15.2,9.9,131.0,17.0,8.7,39.0
2023-08-14T06:00,14.4,9.6,129.0,17.2,9.2,38.0
2023-08-14T07:00,15.7,10.6,126.0,18.0,9.9,36.0
2023-08-14T08:00,16.3,11.1,124.0,19.3,10.7,33.0
2023-08-14T09:00,16.7,11.4,135.0,20.9,11.5,32.0
2023-08-14T10:00,19.4,13.2,169.0,23.6,12.5,32.0
2023-08-14T11:00,21.3,14.6,216.0,26.6,13.6,34.0
2023-08-14T12:00,19.0,13.3,255.0,29.2,14.0,37.0
2023-08-14T13:00,20.3,14.1,256.0,26.1,13.6,55.0
2023-08-14T14:00,25.6,17.7,258.0,21.8,13.0,79.0
2023-08-14T15:00,30.5,21.1,261.0,18.9,12.4,97.0
2023-08-14T16:00,33.3,23.0,266.0,18.0,11.8,103.0
2023-08-14T17:00,34.8,23.9,272.0,18.5,11.2,101.0
2023-08-14T18:00,34.2,23.4,277.0,20.7,11.0,94.0
2023-08-14T19:00,31.7,21.6,282.0,25.9,11.4,78.0
2023-08-14T20:00,28.6,19.4,286.0,32.7,12.0,55.0
2023-08-14T21:00,24.9,16.9,286.0,37.7,12.6,37.0
2023-08-14T22:00,21.6,14.8,277.0,38.9,12.8,27.0
2023-08-14T23:00,17.0,11.6,264.0,38.2,12.8,22.0
2023-08-15T00:00,13.1,9.0,241.0,34.1,12.3,24.0
2023-08-15T01:00,13.1,9.0,247.0,34.8,12.5,21.0
2023-08-15T02:00,15.1,10.4,254.0,35.6,12.8,17.0
2023-08-15T03:00,17.8,12.3,256.0,35.9,13.0,14.0
2023-08-15T04:00,20.4,14.1,249.0,34.9,13.1,13.0
2023-08-15T05:00,21.8,15.1,237.0,33.4,13.2,12.0
2023-08-15T06:00,21.8,15.1,226.0,32.2,13.5,12.0
2023-08-15T07:00,21.1,14.6,215.0,31.8,14.0,10.0
2023-08-15T08:00,20.8,14.5,206.0,31.8,14.7,9.0
2023-08-15T09:00,22.2,15.5,209.0,32.0,15.4,11.0
2023-08-15T10:00,25.3,17.7,236.0,32.9,16.2,18.0
2023-08-15T11:00,28.5,19.9,276.0,34.0,17.1,29.0
2023-08-15T12:00,35.7,24.9,324.0,36.6,18.0,46.0
2023-08-15T13:00,35.0,24.3,313.0,30.9,16.9,66.0
2023-08-15T14:00,37.0,25.6,299.0,23.0,15.4,94.0
2023-08-15T15:00,38.9,26.9,290.0,16.8,14.2,118.0
2023-08-15T16:00,41.0,28.2,291.0,13.2,13.5,138.0
2023-08-15T17:00,43.2,29.7,297.0,11.3,13.1,155.0
2023-08-15T18:00,45.1,30.6,308.0,12.4,13.0,158.0
2023-08-15T19:00,44.2,29.8,324.0,18.5,13.3,139.0
2023-08-15T20:00,41.2,28.1,345.0,27.8,13.9,106.0
2023-08-15T21:00,41.6,28.4,361.0,35.6,14.4,77.0
2023-08-15T22:00,41.2,28.3,368.0,40.6,14.8,56.0
2023-08-15T23:00,37.3,25.5,372.0,44.1,15.2,37.0
2023-08-16T00:00,37.1,25.6,434.0,50.7,16.2,19.0
2023-08-16T01:00,36.6,25.3,440.0,50.2,16.3,17.0
2023-08-16T02:00,36.2,25.0,448.0,49.5,16.4,14.0
2023-08-16T03:00,35.4,24.4,452.0,48.7,16.7,12.0
2023-08-16T04:00,35.0,24.2,446.0,47.5,17.1,11.0
2023-08-16T05:00,35.5,24.5,436.0,46.1,17.6,11.0
2023-08-16T06:00,35.9,24.8,430.0,45.4,18.3,10.0
2023-08-16T07:00,35.6,24.7,433.0,46.0,19.3,5.0
2023-08-16T08:00,35.7,24.7,440.0,47.3,20.5,0.0
2023-08-16T09:00,36.6,25.4,448.0,48.1,21.4,4.0
2023-08-16T10:00,40.4,28.1,459.0,49.0,22.2,22.0
2023-08-16T11:00,52.6,36.6,471.0,49.3,22.8,50.0
2023-08-16T12:00,48.3,33.8,469.0,42.7,21.3,85.0
2023-08-16T13:00,44.1,30.7,435.0,32.9,19.5,117.0
2023-08-16T14:00,42.6,29.7,387.0,19.4,16.9,162.0
2023-08-16T15:00,42.5,29.6,348.0,9.7,14.5,191.0
2023-08-16T16:00,42.0,29.2,317.0,6.1,12.2,193.0
2023-08-16T17:00,36.2,25.1,294.0,6.2,10.0,179.0
2023-08-16T18:00,35.6,24.7,302.0,10.3,9.2,163.0
2023-08-16T19:00,41.9,29.0,351.0,19.5,10.6,148.0
2023-08-16T20:00,45.5,31.5,430.0,32.7,13.4,130.0
2023-08-16T21:00,54.1,37.6,531.0,46.4,16.5,108.0
2023-08-16T22:00,66.1,46.0,663.0,61.1,19.9,79.0
2023-08-16T23:00,79.2,55.1,817.0,76.2,23.6,47.0
2023-08-17T00:00,103.1,71.9,1375.0,121.8,30.1,6.0
2023-08-17T01:00,112.2,78.5,1414.0,120.0,31.0,6.0
2023-08-17T02:00,118.3,82.4,1463.0,117.1,32.1,5.0
2023-08-17T03:00,121.1,84.8,1475.0,112.1,32.4,5.0
2023-08-17T04:00,121.5,84.8,1425.0,104.0,31.1,6.0
2023-08-17T05:00,118.5,82.9,1336.0,93.7,29.0,7.0
2023-08-17T06:00,110.6,77.3,1232.0,83.1,26.8,8.0
2023-08-17T07:00,100.8,70.5,1114.0,72.4,24.7,5.0
2023-08-17T08:00,90.1,62.9,981.0,61.3,22.5,3.0
2023-08-17T09:00,78.5,54.7,850.0,51.4,20.5,12.0
2023-08-17T10:00,71.2,49.7,724.0,43.4,19.2,45.0
2023-08-17T11:00,68.0,47.4,601.0,36.6,18.1,89.0
2023-08-17T12:00,29.3,20.5,442.0,26.5,14.5,119.0
2023-08-17T13:00,13.7,9.5,365.0,20.1,11.7,116.0
2023-08-17T14:00,11.7,8.1,258.0,11.4,7.8,111.0
2023-08-17T15:00,11.0,7.6,181.0,5.1,4.9,108.0
2023-08-17T16:00,11.4,7.8,143.0,1.2,3.9,110.0
2023-08-17T17:00,12.2,8.4,134.0,0.0,3.9,114.0
2023-08-17T18:00,14.4,9.9,182.0,6.2,4.8,111.0
2023-08-17T19:00,16.9,11.7,309.0,25.2,6.4,95.0
2023-08-17T20:00,21.9,15.2,493.0,51.9,8.9,72.0
2023-08-17T21:00,39.5,27.5,689.0,76.3,12.3,50.0
2023-08-17T22:00,55.9,39.0,905.0,96.8,17.6,31.0
2023-08-17T23:00,64.3,44.8,1133.0,115.1,23.9,14.0
2023-08-18T00:00,63.3,44.1,1222.0,113.8,25.8,2.0
2023-08-18T01:00,62.6,43.8,1251.0,106.8,25.4,1.0
2023-08-18T02:00,61.0,42.6,1285.0,96.9,24.8,1.0
2023-08-18T03:00,58.0,40.5,1274.0,87.1,23.5,0.0
2023-08-18T04:00,52.4,36.6,1189.0,78.5,20.8,0.0
2023-08-18T05:00,45.1,31.4,1057.0,70.0,17.4,0.0
2023-08-18T06:00,36.8,25.7,912.0,61.7,14.6,0.0
2023-08-18T07:00,29.1,20.3,745.0,53.4,13.0,2.0
2023-08-18T08:00,23.2,16.1,564.0,45.4,11.9,6.0
2023-08-18T09:00,19.7,13.6,424.0,37.9,11.1,16.0
2023-08-18T10:00,20.4,14.1,359.0,31.4,10.7,36.0
2023-08-18T11:00,22.1,15.3,335.0,25.5,10.5,62.0
2023-08-18T12:00,14.1,9.8,264.0,18.4,9.1,73.0
2023-08-18T13:00,11.5,8.0,230.0,14.0,7.3,78.0
2023-08-18T14:00,8.0,5.6,182.0,8.0,4.9,84.0
2023-08-18T15:00,6.0,4.2,149.0,3.7,3.1,89.0
2023-08-18T16:00,6.2,4.3,134.0,1.6,2.5,94.0
2023-08-18T17:00,6.6,4.6,133.0,1.2,2.5,97.0
2023-08-18T18:00,6.9,4.8,157.0,4.8,3.0,94.0
2023-08-18T19:00,7.2,5.1,218.0,15.3,3.9,80.0
2023-08-18T20:00,8.5,5.9,305.0,29.6,5.3,60.0
2023-08-18T21:00,14.1,9.8,394.0,41.0,6.9,43.0
2023-08-18T22:00,20.1,14.1,495.0,47.0,9.1,31.0
2023-08-18T23:00,22.9,16.0,599.0,50.0,11.4,21.0
2023-08-19T00:00,19.4,13.5,435.0,39.3,10.8,28.0
2023-08-19T01:00,19.0,13.2,394.0,37.1,10.2,28.0
2023-08-19T02:00,17.1,11.9,337.0,33.8,9.3,29.0
2023-08-19T03:00,14.8,10.3,285.0,29.9,8.4,31.0
2023-08-19T04:00,12.7,8.8,242.0,24.6,7.6,35.0
2023-08-19T05:00,11.1,7.7,204.0,18.7,6.9,41.0
2023-08-19T06:00,10.1,7.0,179.0,14.7,6.4,44.0
2023-08-19T07:00,9.5,6.6,171.0,14.1,6.5,42.0
2023-08-19T08:00,9.6,6.6,175.0,15.4,7.0,37.0
2023-08-19T09:00,9.9,6.9,186.0,16.5,7.1,35.0
2023-08-19T10:00,11.4,7.9,208.0,17.1,6.6,37.0
2023-08-19T11:00,14.3,9.9,237.0,17.5,5.9,41.0
2023-08-19T12:00,14.7,10.2,260.0,14.3,6.2,61.0
2023-08-19T13:00,18.6,12.9,254.0,11.3,5.5,75.0
2023-08-19T14:00,20.0,13.9,247.0,7.2,4.5,93.0
2023-08-19T15:00,18.0,12.5,239.0,4.4,3.7,104.0
2023-08-19T16:00,16.6,11.3,228.0,3.4,3.1,102.0
2023-08-19T17:00,15.8,10.8,216.0,3.8,2.7,93.0
2023-08-19T18:00,16.5,11.2,221.0,6.6,2.9,81.0
2023-08-19T19:00,18.1,12.4,247.0,12.7,3.7,68.0
2023-08-19T20:00,19.3,13.2,289.0,21.1,5.2,52.0
2023-08-19T21:00,21.2,14.6,345.0,30.1,7.1,37.0
2023-08-19T22:00,26.8,18.5,424.0,40.3,10.1,23.0
2023-08-19T23:00,29.0,20.1,517.0,50.9,13.5,11.0
2023-08-20T00:00,32.0,22.1,606.0,50.4,15.6,7.0
2023-08-20T01:00,36.3,25.2,666.0,50.7,16.9,6.0
2023-08-20T02:00,39.1,27.3,748.0,50.9,18.5,6.0
2023-08-20T03:00,41.2,28.8,797.0,50.4,19.3,5.0
2023-08-20T04:00,40.0,28.0,784.0,48.4,18.3,5.0
2023-08-20T05:00,38.3,26.8,737.0,45.6,16.4,6.0
2023-08-20T06:00,35.9,25.1,692.0,43.5,14.8,6.0
2023-08-20T07:00,33.1,23.1,656.0,43.4,13.8,0.0
2023-08-20T08:00,31.5,22.1,621.0,44.0,13.0,0.0
2023-08-20T09:00,32.1,22.5,596.0,43.4,12.7,3.0
2023-08-20T10:00,36.4,25.5,596.0,41.2,13.2,40.0
2023-08-20T11:00,46.1,32.2,606.0,37.8,14.0,91.0
2023-08-20T12:00,41.7,29.1,590.0,35.6,16.2,142.0
2023-08-20T13:00,31.1,21.7,515.0,26.9,14.3,150.0
2023-08-20T14:00,27.2,19.0,411.0,14.9,11.6,160.0
2023-08-20T15:00,23.7,16.4,329.0,6.2,9.2,165.0
2023-08-20T16:00,20.5,14.2,280.0,2.3,7.2,161.0
2023-08-20T17:00,18.6,12.7,252.0,1.6,5.6,151.0
2023-08-20T18:00,17.2,11.7,261.0,5.7,4.8,137.0
2023-08-20T19:00,16.7,11.4,327.0,17.9,5.5,117.0
2023-08-20T20:00,18.6,12.8,430.0,35.0,7.0,92.0
2023-08-20T21:00,25.8,17.9,525.0,48.3,8.7,71.0
2023-08-20T22:00,31.2,21.8,607.0,54.7,10.5,57.0
2023-08-20T23:00,32.6,22.7,681.0,57.4,12.3,46.0
2023-08-21T00:00,18.5,12.8,413.0,38.7,10.5,48.0
2023-08-21T01:00,18.3,12.7,387.0,35.7,10.2,49.0
2023-08-21T02:00,16.6,11.6,349.0,31.5,9.8,51.0
2023-08-21T03:00,14.3,9.9,312.0,27.1,9.3,53.0
2023-08-21T04:00,12.2,8.5,276.0,22.4,8.5,55.0
2023-08-21T05:00,10.9,7.6,241.0,17.6,7.5,56.0
2023-08-21T06:00,10.4,7.2,218.0,14.3,6.9,56.0
2023-08-21T07:00,10.4,7.3,211.0,13.7,6.8,52.0
2023-08-21T08:00,10.7,7.5,215.0,14.6,7.1,46.0
2023-08-21T09:00,11.3,7.9,227.0,15.4,7.4,44.0
2023-08-21T10:00,13.2,9.2,252.0,16.0,8.0,49.0
2023-08-21T11:00,16.6,11.6,285.0,16.5,8.7,59.0
2023-08-21T12:00,16.2,11.3,301.0,15.5,8.7,73.0
2023-08-21T13:00,12.9,9.0,281.0,12.2,7.2,82.0
2023-08-21T14:00,9.8,6.8,253.0,7.6,5.2,94.0
2023-08-21T15:00,8.4,5.8,231.0,4.3,3.6,102.0
2023-08-21T16:00,7.9,5.5,211.0,2.2,2.9,105.0
2023-08-21T17:00,7.6,5.3,197.0,1.5,2.6,105.0
2023-08-21T18:00,7.5,5.2,211.0,4.8,2.9,99.0
2023-08-21T19:00,7.5,5.2,266.0,14.7,3.5,84.0
2023-08-21T20:00,9.3,6.4,349.0,28.7,4.6,62.0
2023-08-21T21:00,18.0,12.6,447.0,42.4,6.6,43.0
2023-08-21T22:00,28.1,19.6,567.0,55.5,10.4,28.0
2023-08-21T23:00,35.3,24.6,702.0,68.4,15.2,16.0
2023-08-22T00:00,51.1,35.6,1077.0,87.0,21.8,0.0
2023-08-22T01:00,54.9,38.4,1064.0,87.3,22.5,0.0
2023-08-22T02:00,54.0,37.7,1044.0,87.5,23.4,0.0
2023-08-22T03:00,52.9,36.9,1016.0,86.5,23.7,0.0
2023-08-22T04:00,50.6,35.4,980.0,83.4,22.7,0.0
2023-08-22T05:00,47.1,32.9,936.0,79.1,21.1,0.0
2023-08-22T06:00,42.6,29.8,888.0,74.7,19.6,0.0
2023-08-22T07:00,38.1,26.6,834.0,71.5,18.6,0.0
2023-08-22T08:00,34.0,23.7,774.0,68.3,17.7,0.0
2023-08-22T09:00,31.4,21.9,715.0,62.8,16.9,3.0
2023-08-22T10:00,33.9,23.7,663.0,53.4,16.5,47.0
2023-08-22T11:00,39.5,27.6,612.0,41.8,16.2,108.0
2023-08-22T12:00,26.3,18.4,484.0,28.7,13.3,140.0
2023-08-22T13:00,12.8,9.0,399.0,21.6,10.7,134.0
2023-08-22T14:00,8.5,5.9,283.0,11.8,7.1,127.0
2023-08-22T15:00,7.7,5.4,197.0,4.7,4.4,121.0
2023-08-22T16:00,8.3,5.8,163.0,1.6,3.5,122.0
2023-08-22T17:00,9.4,6.6,161.0,1.2,3.5,125.0
2023-08-22T18:00,10.2,7.1,187.0,5.2,4.0,121.0
2023-08-22T19:00,10.9,7.6,258.0,17.3,5.0,103.0
2023-08-22T20:00,13.3,9.3,358.0,33.7,6.4,78.0
2023-08-22T21:00,18.9,13.2,441.0,45.4,7.8,58.0
2023-08-22T22:00,22.7,15.9,496.0,47.9,9.2,47.0
2023-08-22T23:00,22.6,15.8,532.0,45.6,10.6,41.0
2023-08-23T00:00,21.5,15.1,540.0,43.4,11.1,39.0
2023-08-23T01:00,18.6,13.1,466.0,38.8,10.4,42.0
2023-08-23T02:00,15.9,11.2,363.0,32.3,9.3,47.0
2023-08-23T03:00,13.5,9.5,282.0,26.4,8.4,51.0
2023-08-23T04:00,11.7,8.2,242.0,21.6,7.7,54.0
2023-08-23T05:00,10.7,7.4,223.0,17.3,7.1,55.0
2023-08-23T06:00,10.0,7.0,214.0,14.4,6.8,56.0
2023-08-23T07:00,9.6,6.7,210.0,13.5,6.8,54.0
2023-08-23T08:00,9.6,6.7,216.0,14.1,7.0,50.0
2023-08-23T09:00,9.9,6.9,232.0,15.1,7.3,51.0
2023-08-23T10:00,11.6,8.1,270.0,17.1,8.1,59.0
2023-08-23T11:00,14.3,10.0,319.0,19.6,8.9,71.0
2023-08-23T12:00,16.9,11.8,307.0,18.9,8.2,79.0
2023-08-23T13:00,17.5,12.2,286.0,14.3,6.6,89.0
2023-08-23T14:00,16.1,11.1,256.0,8.0,4.4,103.0
2023-08-23T15:00,14.7,10.2,234.0,3.5,2.8,112.0
2023-08-23T16:00,13.7,9.5,222.0,1.8,2.1,114.0
2023-08-23T17:00,12.8,8.8,218.0,1.9,2.0,111.0
2023-08-23T18:00,12.2,8.4,226.0,4.2,2.2,105.0
2023-08-23T19:00,12.0,8.3,253.0,9.8,2.7,94.0
2023-08-23T20:00,12.3,8.5,292.0,17.7,3.5,79.0
2023-08-23T21:00,14.1,9.8,329.0,24.5,4.6,66.0
2023-08-23T22:00,16.2,11.3,362.0,29.5,6.1,55.0
2023-08-23T23:00,17.3,12.0,393.0,33.6,7.9,45.0
2023-08-24T00:00,20.1,14.0,410.0,35.1,8.9,41.0
2023-08-24T01:00,19.6,13.6,392.0,32.9,8.6,42.0
2023-08-24T02:00,18.6,13.0,365.0,29.8,8.3,44.0
2023-08-24T03:00,16.4,11.5,336.0,26.2,7.8,47.0
2023-08-24T04:00,13.4,9.4,301.0,21.6,7.2,51.0
2023-08-24T05:00,11.2,7.8,264.0,16.6,6.5,55.0
2023-08-24T06:00,9.8,6.9,237.0,13.1,6.1,58.0
2023-08-24T07:00,9.1,6.3,225.0,12.1,6.1,57.0
2023-08-24T08:00,8.9,6.2,223.0,12.6,6.3,54.0
2023-08-24T09:00,9.4,6.5,235.0,13.8,6.7,54.0
2023-08-24T10:00,11.6,8.1,274.0,16.3,7.7,60.0
2023-08-24T11:00,15.1,10.5,326.0,19.5,8.8,69.0
2023-08-24T12:00,24.6,17.2,375.0,21.2,8.9,79.0
2023-08-24T13:00,25.9,18.0,356.0,16.3,7.3,88.0
2023-08-24T14:00,28.6,19.8,329.0,9.6,5.2,101.0
2023-08-24T15:00,30.0,20.8,311.0,4.8,3.5,108.0
2023-08-24T16:00,28.1,19.4,304.0,3.1,2.7,106.0
2023-08-24T17:00,27.5,19.0,305.0,3.3,2.4,98.0
2023-08-24T18:00,30.7,21.3,319.0,5.8,2.5,88.0
2023-08-24T19:00,31.8,22.0,353.0,11.7,2.8,76.0
2023-08-24T20:00,32.1,22.2,401.0,19.9,3.5,63.0
2023-08-24T21:00,33.4,23.1,449.0,26.9,4.6,51.0
2023-08-24T22:00,34.7,23.9,496.0,31.2,6.3,42.0
2023-08-24T23:00,37.5,25.9,544.0,34.4,8.4,34.0
2023-08-25T00:00,38.8,27.0,619.0,43.7,11.5,22.0
2023-08-25T01:00,40.7,28.3,582.0,41.7,11.0,23.0
2023-08-25T02:00,39.0,27.0,529.0,38.7,10.3,24.0
2023-08-25T03:00,33.8,23.3,468.0,35.1,9.7,26.0
2023-08-25T04:00,29.2,20.3,395.0,30.4,9.2,28.0
2023-08-25T05:00,23.5,16.3,314.0,25.0,8.9,29.0
2023-08-25T06:00,17.9,12.4,252.0,20.7,8.5,31.0
2023-08-25T07:00,14.7,10.1,219.0,18.2,8.1,32.0
2023-08-25T08:00,12.5,8.6,204.0,16.8,7.8,34.0
2023-08-25T09:00,11.6,7.9,202.0,16.1,7.5,36.0
2023-08-25T10:00,11.0,7.4,213.0,16.1,7.2,39.0
2023-08-25T11:00,9.7,6.6,235.0,16.8,7.0,42.0
2023-08-25T12:00,13.6,9.0,265.0,17.6,7.5,51.0
2023-08-25T13:00,18.5,12.5,300.0,16.9,8.4,73.0
2023-08-25T14:00,25.8,17.7,347.0,16.0,9.7,103.0
2023-08-25T15:00,37.4,25.8,378.0,15.7,10.5,122.0
2023-08-25T16:00,44.6,30.6,380.0,16.1,10.3,121.0
2023-08-25T17:00,43.7,29.8,366.0,17.1,9.6,109.0
2023-08-25T18:00,34.9,23.9,348.0,19.2,9.2,93.0
2023-08-25T19:00,28.6,19.7,330.0,24.1,9.5,69.0
2023-08-25T20:00,20.1,13.9,308.0,30.1,10.0,41.0
2023-08-25T21:00,13.7,9.4,286.0,33.0,10.1,23.0
2023-08-25T22:00,9.7,6.7,263.0,29.9,9.2,23.0
2023-08-25T23:00,6.4,4.5,238.0,23.5,7.8,34.0
2023-08-26T00:00,6.6,4.4,250.0,18.5,6.2,47.0
2023-08-26T01:00,7.1,4.8,242.0,18.5,6.7,46.0
2023-08-26T02:00,8.2,5.5,229.0,18.3,7.4,45.0
2023-08-26T03:00,8.1,5.4,213.0,17.3,7.6,45.0
2023-08-26T04:00,6.5,4.3,190.0,14.6,6.8,49.0
2023-08-26T05:00,4.6,3.1,164.0,11.0,5.6,55.0
2023-08-26T06:00,3.6,2.3,146.0,8.5,4.7,59.0
2023-08-26T07:00,3.4,2.2,140.0,7.9,4.5,60.0
2023-08-26T08:00,3.9,2.5,141.0,8.5,4.7,59.0
2023-08-26T09:00,4.3,2.8,149.0,9.8,5.0,57.0
2023-08-26T10:00,5.3,3.5,167.0,12.3,5.5,54.0
2023-08-26T11:00,6.7,4.4,190.0,15.5,6.2,49.0
2023-08-26T12:00,10.4,6.8,209.0,19.5,7.3,45.0
2023-08-26T13:00,10.1,6.5,191.0,17.7,7.0,47.0
2023-08-26T14:00,9.3,5.9,166.0,15.3,6.6,50.0
2023-08-26T15:00,9.3,5.9,148.0,13.6,6.2,52.0
2023-08-26T16:00,10.4,6.6,141.0,13.1,5.8,52.0
2023-08-26T17:00,11.4,7.1,140.0,13.3,5.5,52.0
2023-08-26T18:00,10.6,6.6,143.0,14.0,5.3,51.0
2023-08-26T19:00,12.2,7.5,151.0,15.7,5.4,49.0
2023-08-26T20:00,13.6,8.3,161.0,17.8,5.8,47.0
2023-08-26T21:00,14.7,8.8,167.0,19.0,6.0,46.0
2023-08-26T22:00,15.0,9.0,163.0,18.4,6.1,46.0
2023-08-26T23:00,13.9,8.3,154.0,16.9,6.2,48.0
2023-08-27T00:00,9.5,5.8,132.0,12.4,5.1,55.0
2023-08-27T01:00,9.1,5.4,129.0,11.5,4.8,57.0
2023-08-27T02:00,9.5,5.6,125.0,10.2,4.4,59.0
2023-08-27T03:00,10.0,5.7,120.0,9.1,4.1,61.0
2023-08-27T04:00,9.3,5.4,114.0,8.3,4.0,62.0
2023-08-27T05:00,10.2,5.9,108.0,7.6,4.1,63.0
2023-08-27T06:00,11.0,6.2,104.0,7.4,4.2,63.0
2023-08-27T07:00,10.1,5.7,102.0,7.6,4.4,63.0
2023-08-27T08:00,10.3,5.8,101.0,8.3,4.7,61.0
2023-08-27T09:00,10.6,6.1,107.0,9.5,5.0,60.0
2023-08-27T10:00,12.1,7.1,124.0,11.8,5.5,58.0
2023-08-27T11:00,12.6,7.5,147.0,14.6,6.0,55.0
2023-08-27T12:00,12.2,7.3,152.0,15.2,5.9,55.0
2023-08-27T13:00,13.7,8.2,152.0,15.1,6.2,56.0
2023-08-27T14:00,14.7,8.8,153.0,14.9,6.6,56.0
2023-08-27T15:00,16.8,10.2,156.0,15.1,7.0,57.0
2023-08-27T16:00,18.9,11.4,161.0,15.6,7.2,58.0
2023-08-27T17:00,19.1,11.7,168.0,16.5,7.4,58.0
2023-08-27T18:00,21.9,13.1,175.0,17.8,7.6,57.0
2023-08-27T19:00,22.1,13.3,184.0,20.3,7.8,53.0
2023-08-27T20:00,19.5,11.8,192.0,23.3,8.0,48.0
2023-08-27T21:00,17.2,10.6,195.0,25.0,8.1,45.0
2023-08-27T22:00,16.2,10.1,188.0,24.1,8.2,45.0
2023-08-27T23:00,13.8,8.7,175.0,21.9,8.2,46.0
2023-08-28T00:00,8.8,5.7,176.0,22.1,8.5,44.0
2023-08-28T01:00,8.2,5.3,165.0,20.2,8.1,46.0
2023-08-28T02:00,8.1,5.2,150.0,17.6,7.5,49.0
2023-08-28T03:00,7.5,4.8,136.0,15.3,7.0,51.0
2023-08-28T04:00,7.7,4.9,125.0,13.4,6.6,53.0
2023-08-28T05:00,7.5,4.8,115.0,11.8,6.3,54.0
2023-08-28T06:00,6.8,4.3,108.0,10.9,6.2,55.0
2023-08-28T07:00,5.8,3.7,104.0,10.8,6.3,55.0
2023-08-28T08:00,5.8,3.7,104.0,11.4,6.5,53.0
2023-08-28T09:00,6.3,4.1,111.0,12.6,6.8,52.0
2023-08-28T10:00,7.4,4.9,131.0,15.1,7.4,49.0
2023-08-28T11:00,7.8,5.2,158.0,18.2,8.1,47.0
2023-08-28T12:00,7.6,5.1,167.0,18.5,8.0,48.0
2023-08-28T13:00,11.2,7.5,168.0,17.8,8.0,51.0
2023-08-28T14:00,14.1,9.6,168.0,17.0,8.1,55.0
2023-08-28T15:00,14.1,9.4,170.0,16.6,8.1,58.0
2023-08-28T16:00,14.6,9.7,171.0,16.8,8.1,59.0
2023-08-28T17:00,15.3,10.1,174.0,17.5,8.2,58.0
2023-08-28T18:00,15.4,10.2,179.0,19.0,8.3,55.0
2023-08-28T19:00,14.7,9.7,193.0,22.4,8.6,49.0
2023-08-28T20:00,13.3,8.8,210.0,26.6,9.0,42.0
2023-08-28T21:00,9.3,6.3,218.0,28.9,9.2,37.0
2023-08-28T22:00,7.1,4.9,209.0,27.7,9.0,37.0
2023-08-28T23:00,6.2,4.2,192.0,24.6,8.6,38.0
2023-08-29T00:00,8.5,5.8,183.0,23.7,9.1,37.0
2023-08-29T01:00,8.1,5.5,178.0,23.1,9.0,37.0
2023-08-29T02:00,8.5,5.7,171.0,22.1,8.9,36.0
2023-08-29T03:00,9.0,6.1,163.0,21.2,9.0,36.0
2023-08-29T04:00,10.2,7.0,154.0,20.0,9.2,36.0
2023-08-29T05:00,11.1,7.7,145.0,18.7,9.6,36.0
2023-08-29T06:00,12.0,8.4,141.0,18.5,10.2,35.0
2023-08-29T07:00,13.5,9.5,141.0,20.2,10.9,30.0
2023-08-29T08:00,15.2,10.7,145.0,22.9,11.9,23.0
2023-08-29T09:00,16.6,11.6,160.0,25.2,13.2,22.0
2023-08-29T10:00,20.3,14.1,194.0,27.3,15.5,30.0
2023-08-29T11:00,24.5,17.1,238.0,28.9,18.2,45.0
2023-08-29T12:00,27.5,19.2,268.0,31.3,19.3,46.0
2023-08-29T13:00,32.6,22.6,269.0,25.5,18.3,76.0
2023-08-29T14:00,38.2,26.4,270.0,17.4,16.8,118.0
2023-08-29T15:00,37.6,25.8,268.0,11.4,15.3,147.0
2023-08-29T16:00,36.0,24.6,260.0,8.8,13.6,154.0
2023-08-29T17:00,34.0,23.2,250.0,8.1,11.8,150.0
2023-08-29T18:00,32.2,22.1,246.0,9.8,10.5,137.0
2023-08-29T19:00,29.6,20.3,252.0,14.9,9.9,114.0
2023-08-29T20:00,25.6,17.6,264.0,22.3,9.8,84.0
2023-08-29T21:00,23.1,15.9,276.0,28.7,9.8,57.0
2023-08-29T22:00,20.2,13.9,289.0,33.2,10.0,36.0
2023-08-29T23:00,18.0,12.5,302.0,36.8,10.4,19.0
2023-08-30T00:00,28.8,20.0,437.0,47.8,13.6,8.0
2023-08-30T01:00,28.9,20.1,432.0,46.6,13.2,6.0
2023-08-30T02:00,28.5,19.8,425.0,44.9,12.7,4.0
2023-08-30T03:00,27.4,19.0,409.0,42.8,12.2,3.0
2023-08-30T04:00,26.1,18.2,378.0,40.2,11.5,3.0
2023-08-30T05:00,25.0,17.4,339.0,37.2,10.8,5.0
2023-08-30T06:00,24.0,16.7,307.0,34.8,10.5,6.0
2023-08-30T07:00,23.5,16.4,285.0,33.1,10.7,3.0
2023-08-30T08:00,24.4,17.0,269.0,31.9,11.2,0.0
2023-08-30T09:00,26.4,18.4,272.0,31.4,12.5,7.0
2023-08-30T10:00,32.1,22.4,309.0,32.8,15.4,35.0
2023-08-30T11:00,45.4,31.5,364.0,34.8,18.9,75.0
2023-08-30T12:00,48.1,33.4,366.0,33.7,22.3,109.0
2023-08-30T13:00,50.6,35.3,342.0,25.8,19.4,130.0
2023-08-30T14:00,47.4,32.9,308.0,14.9,15.2,159.0
2023-08-30T15:00,36.2,25.1,274.0,6.8,11.5,173.0
2023-08-30T16:00,25.7,17.8,235.0,3.5,8.5,160.0
2023-08-30T17:00,19.3,13.2,196.0,2.9,5.9,133.0
2023-08-30T18:00,15.5,10.6,178.0,5.1,4.3,107.0
2023-08-30T19:00,13.0,8.9,192.0,10.9,4.2,87.0
2023-08-30T20:00,12.6,8.6,228.0,19.4,5.2,68.0
2023-08-30T21:00,15.0,10.3,271.0,27.9,6.7,50.0
2023-08-30T22:00,19.0,13.1,326.0,36.1,8.8,33.0
2023-08-30T23:00,27.1,18.8,390.0,44.3,11.5,19.0
2023-08-31T00:00,26.8,18.5,378.0,46.0,12.2,10.0
2023-08-31T01:00,31.8,21.9,401.0,46.6,13.2,8.0
2023-08-31T02:00,34.9,24.2,432.0,47.5,14.7,5.0
2023-08-31T03:00,36.6,25.4,447.0,47.6,15.7,3.0
2023-08-31T04:00,37.7,26.2,432.0,46.4,15.9,3.0
2023-08-31T05:00,38.3,26.5,401.0,44.5,15.7,3.0
2023-08-31T06:00,38.4,26.7,373.0,43.0,15.7,4.0
2023-08-31T07:00,38.4,26.7,347.0,42.4,15.9,0.0
2023-08-31T08:00,38.2,26.5,324.0,42.2,16.3,0.0
2023-08-31T09:00,38.5,26.7,319.0,41.5,17.1,4.0
2023-08-31T10:00,41.6,28.9,353.0,40.7,18.9,38.0
2023-08-31T11:00,51.1,35.5,405.0,39.3,21.0,86.0
2023-08-31T12:00,51.8,35.7,447.0,36.0,21.0,132.0
2023-08-31T13:00,44.6,30.7,394.0,27.6,18.6,149.0
2023-08-31T14:00,43.0,29.5,321.0,16.0,15.1,171.0
2023-08-31T15:00,39.5,27.2,262.0,7.4,12.1,184.0
2023-08-31T16:00,34.5,23.6,227.0,3.7,9.7,179.0
2023-08-31T17:00,29.3,20.1,207.0,3.0,7.8,163.0
2023-08-31T18:00,26.3,18.0,212.0,6.0,6.9,146.0
2023-08-31T19:00,25.7,17.6,251.0,14.3,7.6,128.0
2023-08-31T20:00,27.2,18.6,316.0,26.4,9.4,109.0
2023-08-31T21:00,34.0,23.4,391.0,38.3,11.5,89.0
2023-08-31T22:00,44.4,30.9,485.0,50.2,14.0,68.0
2023-08-31T23:00,58.8,40.9,589.0,61.9,16.9,48.0
2023-09-01T00:00,65.0,45.3,738.0,76.3,19.5,25.0
2023-09-01T01:00,70.8,49.1,738.0,73.9,20.5,25.0
2023-09-01T02:00,74.7,51.9,737.0,70.5,21.9,25.0
2023-09-01T03:00,77.3,53.8,723.0,66.1,22.9,25.0
2023-09-01T04:00,78.7,54.7,687.0,60.2,23.2,26.0
2023-09-01T05:00,77.5,53.9,637.0,53.4,23.1,28.0
2023-09-01T06:00,74.3,51.7,591.0,48.0,22.9,28.0
2023-09-01T07:00,71.7,49.9,552.0,45.7,22.5,21.0
2023-09-01T08:00,69.4,48.2,515.0,44.8,22.0,13.0
2023-09-01T09:00,68.5,47.6,488.0,42.9,21.4,21.0
2023-09-01T10:00,73.3,51.0,476.0,39.1,20.9,57.0
2023-09-01T11:00,74.7,52.2,472.0,34.2,20.4,110.0
2023-09-01T12:00,61.0,42.3,440.0,26.6,18.6,165.0
2023-09-01T13:00,58.1,40.3,424.0,20.9,18.0,196.0
2023-09-01T14:00,55.9,38.8,402.0,13.0,17.1,238.0
2023-09-01T15:00,53.8,37.5,382.0,7.4,16.0,266.0
2023-09-01T16:00,50.8,35.4,364.0,5.4,14.6,270.0
2023-09-01T17:00,44.4,31.0,348.0,5.5,13.0,260.0
2023-09-01T18:00,41.6,28.9,340.0,8.3,12.0,240.0
2023-09-01T19:00,40.5,27.9,345.0,15.3,11.9,207.0
2023-09-01T20:00,38.0,25.6,358.0,24.9,12.5,165.0
2023-09-01T21:00,39.3,26.5,374.0,32.4,13.2,129.0
2023-09-01T22:00,42.6,28.9,391.0,35.5,14.2,105.0
2023-09-01T23:00,44.5,30.0,411.0,36.5,15.5,86.0
2023-09-02T00:00,54.0,37.0,627.0,53.5,17.5,53.0
2023-09-02T01:00,56.3,38.3,628.0,53.0,18.6,49.0
2023-09-02T02:00,58.4,39.7,628.0,52.0,20.1,43.0
2023-09-02T03:00,60.1,41.0,616.0,50.1,21.1,39.0
2023-09-02T04:00,60.3,41.2,588.0,46.8,21.4,39.0
2023-09-02T05:00,59.8,41.1,549.0,42.4,21.2,41.0
2023-09-02T06:00,57.7,39.7,503.0,37.7,20.1,43.0
2023-09-02T07:00,50.3,34.9,440.0,32.2,17.5,43.0
2023-09-02T08:00,40.2,28.0,371.0,26.2,14.0,42.0
2023-09-02T09:00,31.5,22.0,327.0,21.9,11.3,47.0
2023-09-02T10:00,28.1,19.6,336.0,20.7,10.3,62.0
2023-09-02T11:00,27.9,19.4,370.0,21.2,10.1,82.0
2023-09-02T12:00,28.8,19.9,370.0,18.8,9.0,96.0
2023-09-02T13:00,26.4,18.3,336.0,14.8,7.8,102.0
2023-09-02T14:00,23.1,15.9,289.0,9.4,6.0,111.0
2023-09-02T15:00,18.5,12.8,253.0,5.4,4.6,116.0
2023-09-02T16:00,15.1,10.4,231.0,3.1,3.7,117.0
2023-09-02T17:00,13.5,9.3,220.0,2.2,3.2,115.0
2023-09-02T18:00,13.0,8.9,236.0,5.0,3.1,110.0
2023-09-02T19:00,16.8,11.6,296.0,14.3,3.6,102.0
2023-09-02T20:00,26.0,17.9,384.0,27.3,4.6,91.0
2023-09-02T21:00,31.7,21.9,463.0,38.3,6.0,79.0
2023-09-02T22:00,39.1,27.2,528.0,45.5,8.3,63.0
2023-09-02T23:00,46.1,32.1,584.0,50.6,11.1,45.0
2023-09-03T00:00,46.1,32.2,629.0,59.1,15.4,30.0
2023-09-03T01:00,44.2,31.0,650.0,59.8,16.4,26.0
2023-09-03T02:00,42.5,29.7,678.0,60.5,17.7,21.0
2023-09-03T03:00,48.9,34.2,689.0,59.6,19.0,17.0
2023-09-03T04:00,56.6,39.6,675.0,56.5,20.6,16.0
2023-09-03T05:00,60.8,42.5,643.0,51.9,22.2,17.0
2023-09-03T06:00,58.1,40.6,591.0,45.8,22.0,20.0
2023-09-03T07:00,45.5,31.8,499.0,37.0,18.3,27.0
2023-09-03T08:00,31.4,21.9,387.0,26.7,12.9,36.0
2023-09-03T09:00,23.7,16.4,312.0,19.4,8.9,47.0
2023-09-03T10:00,22.5,15.5,314.0,18.0,8.0,60.0
2023-09-03T11:00,27.0,18.6,354.0,19.6,8.6,75.0
2023-09-03T12:00,14.1,9.7,293.0,14.5,7.1,70.0
2023-09-03T13:00,15.4,10.7,273.0,11.6,6.2,83.0
2023-09-03T14:00,14.7,10.2,247.0,7.6,4.9,101.0
2023-09-03T15:00,13.7,9.5,228.0,4.8,4.0,115.0
2023-09-03T16:00,13.2,9.2,215.0,2.6,3.6,123.0
2023-09-03T17:00,13.6,9.5,210.0,1.6,3.4,128.0
2023-09-03T18:00,13.8,9.6,237.0,5.4,3.8,123.0
2023-09-03T19:00,14.3,10.0,323.0,18.3,4.6,104.0
2023-09-03T20:00,18.2,12.7,441.0,36.1,5.9,75.0
2023-09-03T21:00,25.7,17.9,536.0,50.1,7.8,52.0
2023-09-03T22:00,32.2,22.5,593.0,57.7,11.1,38.0
2023-09-03T23:00,35.6,24.9,628.0,61.6,14.9,29.0
2023-09-04T00:00,36.4,25.5,868.0,73.9,14.5,9.0
2023-09-04T01:00,28.6,20.0,763.0,66.1,13.2,12.0
2023-09-04T02:00,25.3,17.7,617.0,55.0,11.4,15.0
2023-09-04T03:00,21.9,15.3,492.0,44.7,9.9,20.0
2023-09-04T04:00,19.2,13.4,411.0,35.9,9.2,26.0
2023-09-04T05:00,17.5,12.3,351.0,27.9,8.8,32.0
2023-09-04T06:00,16.2,11.3,307.0,22.2,8.6,37.0
2023-09-04T07:00,14.8,10.4,280.0,20.1,8.5,38.0
2023-09-04T08:00,13.6,9.5,269.0,20.3,8.5,37.0
2023-09-04T09:00,12.5,8.8,269.0,20.3,8.5,42.0
2023-09-04T10:00,14.0,9.7,287.0,19.7,8.8,57.0
2023-09-04T11:00,16.7,11.7,316.0,18.9,9.1,78.0
2023-09-04T12:00,14.1,9.8,294.0,15.8,7.2,73.0
2023-09-04T13:00,15.0,10.4,273.0,12.3,6.1,84.0
2023-09-04T14:00,14.1,9.8,243.0,7.5,4.6,100.0
2023-09-04T15:00,12.9,8.9,222.0,4.1,3.4,111.0
2023-09-04T16:00,12.4,8.6,213.0,2.6,2.9,116.0
2023-09-04T17:00,12.0,8.4,213.0,2.6,2.7,117.0
2023-09-04T18:00,12.1,8.4,226.0,4.8,2.8,113.0
2023-09-04T19:00,12.6,8.8,260.0,10.8,3.3,103.0
2023-09-04T20:00,13.4,9.3,307.0,19.2,4.1,88.0
2023-09-04T21:00,15.1,10.5,347.0,26.2,5.1,74.0
2023-09-04T22:00,17.9,12.5,374.0,30.9,6.5,62.0
2023-09-04T23:00,18.9,13.2,394.0,34.2,8.0,50.0
2023-09-05T00:00,12.1,8.3,311.0,20.8,6.0,61.0
2023-09-05T01:00,12.6,8.8,326.0,22.7,6.2,54.0
2023-09-05T02:00,12.8,8.9,346.0,25.1,6.3,45.0
2023-09-05T03:00,12.4,8.6,348.0,25.1,6.2,41.0
2023-09-05T04:00,10.6,7.4,316.0,20.1,5.4,47.0
2023-09-05T05:00,7.7,5.4,267.0,12.7,4.2,57.0
2023-09-05T06:00,6.4,4.5,233.0,7.7,3.5,64.0
2023-09-05T07:00,6.1,4.2,224.0,7.1,3.6,62.0
2023-09-05T08:00,6.2,4.4,230.0,8.8,4.2,57.0
2023-09-05T09:00,7.1,4.9,247.0,11.4,5.1,52.0
2023-09-05T10:00,10.0,7.0,285.0,15.7,6.5,49.0
2023-09-05T11:00,13.4,9.3,335.0,20.9,8.2,48.0
2023-09-05T12:00,19.0,13.3,460.0,31.5,9.1,40.0
2023-09-05T13:00,20.5,14.3,415.0,25.0,7.6,49.0
2023-09-05T14:00,19.9,13.8,351.0,16.2,5.6,60.0
2023-09-05T15:00,20.4,13.9,294.0,10.0,4.3,69.0
2023-09-05T16:00,15.5,10.5,251.0,8.9,4.6,72.0
2023-09-05T17:00,13.2,9.0,216.0,10.6,5.7,71.0
2023-09-05T18:00,12.9,8.8,192.0,12.9,6.4,68.0
2023-09-05T19:00,14.0,9.5,186.0,16.0,6.2,60.0
2023-09-05T20:00,15.4,10.3,191.0,19.8,5.7,49.0
2023-09-05T21:00,14.0,9.2,193.0,21.9,5.3,42.0
2023-09-05T22:00,11.3,7.3,184.0,20.7,5.2,42.0
2023-09-05T23:00,9.2,6.0,171.0,17.8,5.2,45.0
2023-09-06T00:00,9.6,6.0,163.0,14.5,5.4,48.0
2023-09-06T01:00,7.4,4.7,157.0,13.7,5.2,49.0
2023-09-06T02:00,9.3,5.7,149.0,12.7,4.9,51.0
2023-09-06T03:00,8.0,5.0,142.0,11.6,4.7,52.0
2023-09-06T04:00,6.0,3.8,135.0,10.5,4.6,54.0
2023-09-06T05:00,6.1,3.8,129.0,9.5,4.7,55.0
2023-09-06T06:00,6.7,4.1,125.0,9.0,4.8,56.0
2023-09-06T07:00,7.5,4.6,123.0,9.2,5.1,56.0
2023-09-06T08:00,8.5,5.3,125.0,9.9,5.5,55.0
2023-09-06T09:00,7.8,4.9,132.0,11.0,5.9,55.0
2023-09-06T10:00,8.8,5.5,152.0,12.9,6.3,55.0
2023-09-06T11:00,10.0,6.3,178.0,15.3,6.6,55.0
2023-09-06T12:00,13.0,8.3,195.0,15.9,6.4,57.0
2023-09-06T13:00,16.2,10.0,187.0,14.4,6.4,63.0
2023-09-06T14:00,16.4,10.2,176.0,12.3,6.5,71.0
2023-09-06T15:00,17.2,10.6,168.0,11.0,6.5,76.0
2023-09-06T16:00,17.6,10.8,164.0,10.7,6.4,77.0
2023-09-06T17:00,17.9,10.9,163.0,11.1,6.3,75.0
2023-09-06T18:00,19.0,11.4,166.0,12.4,6.2,71.0
2023-09-06T19:00,17.2,10.4,178.0,15.5,6.1,63.0
2023-09-06T20:00,16.7,10.4,194.0,19.6,5.9,53.0
2023-09-06T21:00,14.1,8.9,202.0,22.0,5.8,46.0
2023-09-06T22:00,11.7,7.5,195.0,21.4,5.9,44.0
2023-09-06T23:00,10.4,6.6,180.0,19.1,6.0,45.0
2023-09-07T00:00,11.9,7.5,165.0,16.9,6.1,49.0
2023-09-07T01:00,11.5,7.2,158.0,15.3,5.8,52.0
2023-09-07T02:00,10.5,6.5,148.0,13.1,5.4,55.0
2023-09-07T03:00,12.2,7.5,139.0,11.3,5.1,58.0
2023-09-07T04:00,11.6,7.3,131.0,10.2,5.0,59.0
2023-09-07T05:00,10.9,6.8,124.0,9.5,5.1,59.0
2023-09-07T06:00,10.4,6.6,120.0,9.7,5.4,58.0
2023-09-07T07:00,10.1,6.5,119.0,11.5,6.2,53.0
2023-09-07T08:00,10.1,6.7,122.0,14.1,7.4,47.0
2023-09-07T09:00,10.7,7.1,132.0,16.0,8.3,45.0
2023-09-07T10:00,11.8,8.0,155.0,16.7,8.9,49.0
2023-09-07T11:00,12.3,8.5,185.0,16.6,9.4,58.0
2023-09-07T12:00,14.8,10.2,209.0,15.2,9.3,71.0
2023-09-07T13:00,18.9,13.1,217.0,12.8,9.3,92.0
2023-09-07T14:00,22.8,15.8,227.0,9.6,9.2,121.0
2023-09-07T15:00,25.5,17.6,234.0,7.4,9.2,141.0
2023-09-07T16:00,26.9,18.6,232.0,6.5,9.2,147.0
2023-09-07T17:00,28.1,18.9,226.0,6.5,9.1,144.0
2023-09-07T18:00,27.9,18.3,226.0,8.8,9.2,134.0
2023-09-07T19:00,27.6,17.8,238.0,14.7,9.3,114.0
2023-09-07T20:00,25.3,16.4,256.0,22.7,9.4,88.0
2023-09-07T21:00,25.4,16.8,277.0,30.0,9.9,64.0
2023-09-07T22:00,27.8,18.6,300.0,35.4,11.0,47.0
2023-09-07T23:00,31.7,21.0,327.0,39.9,12.4,34.0
2023-09-08T00:00,35.0,23.9,419.0,49.9,13.8,12.0
2023-09-08T01:00,38.2,26.0,452.0,52.4,15.1,8.0
2023-09-08T02:00,40.7,28.0,495.0,55.6,16.9,4.0
2023-09-08T03:00,42.0,29.0,509.0,55.8,17.7,2.0
2023-09-08T04:00,39.9,27.6,468.0,50.7,16.7,6.0
2023-09-08T05:00,34.7,24.0,398.0,42.7,14.6,12.0
2023-09-08T06:00,27.5,19.1,335.0,35.1,12.5,19.0
2023-09-08T07:00,20.2,14.1,286.0,28.6,10.4,24.0
2023-09-08T08:00,14.3,9.9,243.0,22.6,8.3,30.0
2023-09-08T09:00,10.8,7.5,219.0,18.1,7.0,39.0
2023-09-08T10:00,11.6,7.9,231.0,16.5,7.1,54.0
2023-09-08T11:00,13.3,9.1,261.0,16.5,8.0,71.0
2023-09-08T12:00,14.3,9.8,280.0,15.4,8.0,86.0
2023-09-08T13:00,10.6,7.3,241.0,12.0,6.6,89.0
2023-09-08T14:00,6.8,4.7,187.0,7.3,4.8,92.0
2023-09-08T15:00,5.3,3.7,148.0,4.0,3.4,96.0
2023-09-08T16:00,5.4,3.8,124.0,1.2,2.8,101.0
2023-09-08T17:00,5.8,4.0,115.0,0.0,2.7,106.0
2023-09-08T18:00,6.2,4.3,151.0,4.4,3.2,105.0
2023-09-08T19:00,6.9,4.8,252.0,19.5,4.3,94.0
2023-09-08T20:00,12.0,8.3,398.0,40.9,5.9,77.0
2023-09-08T21:00,26.4,18.3,559.0,60.8,8.4,59.0
2023-09-08T22:00,42.6,29.6,752.0,79.1,12.8,40.0
2023-09-08T23:00,49.7,34.5,961.0,95.9,18.1,20.0
2023-09-09T00:00,69.4,48.1,886.0,72.0,18.1,51.0
2023-09-09T01:00,82.4,57.2,983.0,77.0,18.1,38.0
2023-09-09T02:00,88.0,61.2,1111.0,83.3,18.1,21.0
2023-09-09T03:00,89.2,62.2,1165.0,84.2,17.8,11.0
2023-09-09T04:00,84.1,58.6,1081.0,74.9,17.2,15.0
2023-09-09T05:00,73.8,51.5,923.0,60.2,16.4,25.0
2023-09-09T06:00,63.3,44.2,782.0,47.8,15.3,32.0
2023-09-09T07:00,55.6,38.9,690.0,41.0,13.6,28.0
2023-09-09T08:00,48.9,34.2,616.0,36.5,11.5,20.0
2023-09-09T09:00,43.1,30.2,556.0,32.7,10.2,24.0
2023-09-09T10:00,41.8,29.3,520.0,29.3,10.4,52.0
2023-09-09T11:00,39.7,27.8,499.0,26.6,11.3,91.0
2023-09-09T12:00,28.1,19.6,362.0,19.9,10.0,92.0
2023-09-09T13:00,22.5,15.7,306.0,15.2,8.2,98.0
2023-09-09T14:00,19.6,13.7,231.0,8.9,5.8,105.0
2023-09-09T15:00,15.1,10.5,182.0,5.1,4.1,109.0
2023-09-09T16:00,13.1,9.2,181.0,5.6,4.0,107.0
2023-09-09T17:00,15.4,10.7,206.0,8.7,4.6,101.0
2023-09-09T18:00,21.7,15.1,242.0,13.6,5.3,91.0
2023-09-09T19:00,20.5,14.2,293.0,21.6,5.7,74.0
2023-09-09T20:00,19.0,13.3,354.0,31.4,6.1,52.0
2023-09-09T21:00,19.4,13.5,401.0,37.7,6.6,36.0
2023-09-09T22:00,18.6,13.0,417.0,37.2,7.4,31.0
2023-09-09T23:00,18.2,12.7,417.0,33.2,8.4,30.0
2023-09-10T00:00,20.0,14.0,565.0,41.6,10.8,20.0
2023-09-10T01:00,19.2,13.4,555.0,39.4,10.1,19.0
2023-09-10T02:00,19.2,13.4,541.0,36.3,9.2,18.0
2023-09-10T03:00,19.4,13.6,522.0,33.6,8.5,17.0
2023-09-10T04:00,19.0,13.3,497.0,31.5,8.1,16.0
2023-09-10T05:00,18.8,13.2,467.0,29.9,8.0,14.0
2023-09-10T06:00,18.9,13.2,441.0,29.6,8.5,13.0
2023-09-10T07:00,18.7,13.1,416.0,32.2,9.9,8.0
2023-09-10T08:00,17.9,12.5,394.0,36.2,11.8,3.0
2023-09-10T09:00,20.3,14.1,387.0,38.2,13.5,10.0
2023-09-10T10:00,30.0,21.0,409.0,36.6,14.9,36.0
2023-09-10T11:00,51.7,36.1,445.0,32.9,16.1,73.0
2023-09-10T12:00,56.2,39.1,450.0,33.9,16.0,71.0
2023-09-10T13:00,55.1,38.3,433.0,27.4,15.2,101.0
2023-09-10T14:00,53.4,37.1,409.0,18.5,14.2,142.0
2023-09-10T15:00,53.9,37.5,387.0,11.8,13.2,174.0
2023-09-10T16:00,53.1,36.9,368.0,8.8,12.4,191.0
2023-09-10T17:00,53.7,37.3,350.0,8.1,11.7,198.0
2023-09-10T18:00,50.3,34.9,342.0,10.1,11.1,192.0
2023-09-10T19:00,47.5,32.9,347.0,16.1,10.7,166.0
2023-09-10T20:00,42.5,29.6,361.0,24.8,10.4,126.0
2023-09-10T21:00,40.0,27.9,379.0,32.5,10.2,90.0
2023-09-10T22:00,37.6,26.2,403.0,38.5,10.2,62.0
2023-09-10T23:00,33.4,23.2,431.0,43.5,10.3,37.0
2023-09-11T00:00,24.1,16.8,384.0,39.9,10.0,29.0
2023-09-11T01:00,22.9,15.9,366.0,38.5,9.7,28.0
2023-09-11T02:00,24.0,16.7,342.0,36.6,9.4,27.0
2023-09-11T03:00,25.2,17.6,322.0,34.8,9.2,25.0
2023-09-11T04:00,26.3,18.3,312.0,33.5,9.3,22.0
2023-09-11T05:00,27.4,19.1,306.0,32.3,9.6,19.0
2023-09-11T06:00,28.9,20.2,301.0,31.4,10.0,18.0
2023-09-11T07:00,30.6,21.4,293.0,31.0,10.3,14.0
2023-09-11T08:00,31.7,22.1,286.0,30.7,10.6,12.0
2023-09-11T09:00,33.9,23.7,291.0,29.7,11.3,24.0
2023-09-11T10:00,39.2,27.4,320.0,27.5,12.8,60.0
2023-09-11T11:00,43.7,30.6,362.0,24.6,14.7,109.0
2023-09-11T12:00,32.6,22.8,353.0,19.6,14.3,147.0
2023-09-11T13:00,33.4,23.4,341.0,15.7,14.0,172.0
2023-09-11T14:00,32.8,22.9,324.0,10.3,13.6,208.0
2023-09-11T15:00,35.4,24.7,314.0,6.6,13.4,236.0
2023-09-11T16:00,37.3,26.0,309.0,4.9,13.3,253.0
2023-09-11T17:00,38.3,26.8,309.0,4.9,13.4,263.0
2023-09-11T18:00,41.0,28.6,331.0,8.3,13.7,263.0
2023-09-11T19:00,44.5,31.0,379.0,17.3,14.4,249.0
2023-09-11T20:00,47.4,32.9,447.0,29.7,15.4,224.0
2023-09-11T21:00,53.7,37.4,535.0,41.3,16.5,193.0
2023-09-11T22:00,64.7,45.2,667.0,51.9,17.7,151.0
2023-09-11T23:00,72.2,50.4,818.0,61.6,19.0,104.0
2023-09-12T00:00,88.2,61.7,1130.0,95.3,23.8,55.0
2023-09-12T01:00,88.5,61.9,1072.0,86.3,22.1,48.0
2023-09-12T02:00,80.6,56.3,984.0,73.5,19.7,39.0
2023-09-12T03:00,67.1,46.8,863.0,60.3,16.9,33.0
2023-09-12T04:00,49.6,34.7,680.0,46.7,13.5,34.0
2023-09-12T05:00,29.5,20.7,464.0,32.8,9.8,39.0
2023-09-12T06:00,16.4,11.5,297.0,22.4,7.1,43.0
2023-09-12T07:00,9.6,6.7,215.0,17.8,6.1,43.0
2023-09-12T08:00,6.6,4.6,181.0,16.8,6.1,43.0
2023-09-12T09:00,6.8,4.7,172.0,16.4,6.5,47.0
2023-09-12T10:00,10.2,7.1,193.0,16.3,7.5,61.0
2023-09-12T11:00,15.0,10.5,238.0,16.9,9.0,79.0
2023-09-12T12:00,13.0,9.1,254.0,16.2,9.4,98.0
2023-09-12T13:00,13.8,9.7,228.0,12.6,7.8,106.0
2023-09-12T14:00,12.2,8.5,192.0,7.6,5.6,118.0
2023-09-12T15:00,11.3,7.9,167.0,4.1,4.1,128.0
2023-09-12T16:00,12.0,8.4,143.0,1.1,3.6,136.0
2023-09-12T17:00,12.8,9.0,129.0,0.0,3.8,143.0
2023-09-12T18:00,13.3,9.3,173.0,5.1,4.4,142.0
2023-09-12T19:00,13.4,9.4,312.0,22.6,5.3,131.0
2023-09-12T20:00,18.3,12.8,510.0,47.2,6.7,113.0
2023-09-12T21:00,38.5,27.0,702.0,70.4,9.1,92.0
2023-09-12T22:00,55.6,38.9,885.0,91.1,13.5,68.0
2023-09-12T23:00,65.9,46.0,1063.0,110.2,18.9,42.0
2023-09-13T00:00,77.8,54.5,1126.0,91.1,25.4,86.0
2023-09-13T01:00,87.8,61.5,1175.0,95.5,26.5,73.0
2023-09-13T02:00,88.7,62.2,1237.0,100.8,27.9,56.0
2023-09-13T03:00,85.2,59.6,1240.0,99.8,28.0,42.0
2023-09-13T04:00,77.5,54.2,1138.0,86.9,25.5,35.0
2023-09-13T05:00,68.2,47.7,977.0,67.6,21.7,32.0
2023-09-13T06:00,58.7,41.1,819.0,51.6,18.3,30.0
2023-09-13T07:00,48.4,33.9,673.0,43.0,15.9,26.0
2023-09-13T08:00,35.7,25.0,530.0,37.6,13.9,23.0
2023-09-13T09:00,25.9,18.2,425.0,33.0,12.3,34.0
2023-09-13T10:00,25.3,17.7,387.0,28.8,11.5,72.0
2023-09-13T11:00,29.0,20.3,387.0,25.3,11.1,122.0
2023-09-13T12:00,18.0,12.7,260.0,16.8,7.5,109.0
2023-09-13T13:00,11.4,8.0,232.0,12.9,6.2,112.0
2023-09-13T14:00,6.9,4.8,194.0,7.6,4.5,117.0
2023-09-13T15:00,6.0,4.2,167.0,3.8,3.1,120.0
2023-09-13T16:00,6.2,4.3,154.0,1.7,2.5,122.0
2023-09-13T17:00,6.1,4.3,153.0,1.1,2.2,122.0
2023-09-13T18:00,5.8,4.1,174.0,4.1,2.4,117.0
2023-09-13T19:00,6.0,4.2,231.0,13.8,3.0,103.0
2023-09-13T20:00,7.4,5.2,312.0,27.0,4.1,85.0
2023-09-13T21:00,11.9,8.4,385.0,37.0,5.2,68.0
2023-09-13T22:00,15.7,11.0,455.0,41.1,6.7,54.0
2023-09-13T23:00,17.6,12.3,519.0,41.9,8.2,43.0
2023-09-14T00:00,15.8,11.1,536.0,41.3,8.6,49.0
2023-09-14T01:00,13.3,9.3,445.0,32.1,7.0,58.0
2023-09-14T02:00,9.1,6.3,320.0,19.3,4.7,71.0
2023-09-14T03:00,10.0,7.0,231.0,9.6,3.0,79.0
2023-09-14T04:00,12.6,8.8,214.0,5.8,2.4,80.0
2023-09-14T05:00,12.5,8.7,233.0,5.1,2.4,76.0
2023-09-14T06:00,11.2,7.9,253.0,5.1,2.6,73.0
2023-09-14T07:00,10.2,7.1,259.0,5.0,2.8,72.0
2023-09-14T08:00,9.6,6.7,267.0,5.7,3.1,71.0
2023-09-14T09:00,10.1,7.1,281.0,7.5,3.6,69.0
2023-09-14T10:00,16.5,11.5,312.0,11.8,4.4,64.0
2023-09-14T11:00,17.1,11.9,350.0,17.3,5.3,58.0
2023-09-14T12:00,16.1,11.3,352.0,14.7,6.6,75.0
2023-09-14T13:00,15.8,11.1,352.0,14.2,6.0,71.0
2023-09-14T14:00,16.6,11.6,352.0,13.5,5.2,66.0
2023-09-14T15:00,16.1,11.2,347.0,13.0,4.6,61.0
2023-09-14T16:00,14.3,9.9,331.0,12.2,4.3,59.0
2023-09-14T17:00,12.0,8.4,311.0,11.5,4.2,57.0
2023-09-14T18:00,11.0,7.6,303.0,12.9,4.4,55.0
2023-09-14T19:00,11.6,8.0,321.0,18.1,5.1,51.0
2023-09-14T20:00,13.0,9.0,352.0,25.2,6.2,45.0
2023-09-14T21:00,15.6,10.6,369.0,30.9,7.3,40.0
2023-09-14T22:00,17.6,11.7,363.0,34.0,8.7,35.0
2023-09-14T23:00,19.9,13.1,343.0,35.6,10.1,30.0
2023-09-15T00:00,19.3,12.9,327.0,29.7,9.2,31.0
2023-09-15T01:00,20.8,13.7,316.0,30.0,9.4,29.0
2023-09-15T02:00,21.8,14.4,299.0,30.3,9.6,27.0
2023-09-15T03:00,19.5,12.9,273.0,29.4,9.7,27.0
2023-09-15T04:00,16.6,11.0,231.0,26.3,9.6,31.0
2023-09-15T05:00,14.9,9.8,181.0,22.0,9.4,37.0
2023-09-15T06:00,11.5,7.5,142.0,18.6,9.2,42.0
2023-09-15T07:00,9.6,6.2,120.0,16.5,9.0,45.0
2023-09-15T08:00,9.0,5.9,111.0,15.3,8.7,47.0
2023-09-15T09:00,9.4,6.1,116.0,15.2,8.6,49.0
2023-09-15T10:00,11.0,7.2,148.0,17.5,8.7,47.0
2023-09-15T11:00,11.6,7.5,196.0,21.1,9.0,45.0
2023-09-15T12:00,13.4,8.8,195.0,17.8,9.5,61.0
2023-09-15T13:00,15.8,10.3,193.0,15.0,9.2,76.0
2023-09-15T14:00,20.2,13.3,191.0,11.0,8.8,98.0
2023-09-15T15:00,22.8,15.1,192.0,8.2,8.5,116.0
2023-09-15T16:00,26.1,17.3,200.0,6.9,8.5,132.0
2023-09-15T17:00,29.3,19.4,212.0,6.6,8.7,144.0
2023-09-15T18:00,31.5,20.5,220.0,8.3,8.7,143.0
2023-09-15T19:00,31.7,20.1,223.0,13.6,8.3,118.0
2023-09-15T20:00,26.4,16.8,224.0,20.8,7.8,79.0
2023-09-15T21:00,22.3,14.2,219.0,25.7,7.5,49.0
2023-09-15T22:00,18.0,11.5,206.0,25.7,7.5,39.0
2023-09-15T23:00,17.6,11.3,188.0,23.4,7.7,38.0
2023-09-16T00:00,19.3,12.8,213.0,26.1,9.9,34.0
2023-09-16T01:00,18.5,12.5,221.0,27.6,10.0,30.0
2023-09-16T02:00,18.3,12.6,231.0,29.5,10.2,25.0
2023-09-16T03:00,19.1,13.2,234.0,30.4,10.4,21.0
2023-09-16T04:00,18.8,13.1,222.0,29.0,10.5,20.0
2023-09-16T05:00,19.1,13.3,203.0,26.5,10.6,21.0
2023-09-16T06:00,19.3,13.5,193.0,25.4,10.9,21.0
2023-09-16T07:00,19.8,13.9,198.0,27.6,11.6,12.0
2023-09-16T08:00,21.0,14.8,212.0,31.2,12.4,2.0
2023-09-16T09:00,22.9,16.1,234.0,32.8,13.5,9.0
2023-09-16T10:00,29.1,20.4,271.0,30.8,15.1,45.0
2023-09-16T11:00,35.4,24.7,317.0,26.7,16.9,98.0
2023-09-16T12:00,27.1,19.0,334.0,21.4,15.8,134.0
2023-09-16T13:00,30.6,21.5,333.0,16.8,14.4,156.0
2023-09-16T14:00,32.6,22.8,331.0,10.6,12.3,186.0
2023-09-16T15:00,28.9,20.2,326.0,6.0,10.4,204.0
2023-09-16T16:00,21.5,15.0,304.0,3.3,8.5,201.0
2023-09-16T17:00,18.3,12.7,278.0,2.4,6.8,187.0
2023-09-16T18:00,18.9,13.0,286.0,6.1,6.0,169.0
2023-09-16T19:00,19.7,13.4,348.0,16.8,6.6,151.0
2023-09-16T20:00,25.0,16.8,444.0,32.2,8.2,129.0
2023-09-16T21:00,36.6,24.6,554.0,47.8,10.6,106.0
2023-09-16T22:00,47.0,31.9,678.0,63.6,14.1,79.0
2023-09-16T23:00,57.5,39.1,816.0,79.7,18.4,50.0
2023-09-17T00:00,67.1,46.3,1200.0,124.5,23.2,7.0
2023-09-17T01:00,71.2,49.2,1260.0,123.1,23.1,5.0
2023-09-17T02:00,71.5,49.5,1339.0,120.8,23.0,2.0
2023-09-17T03:00,69.2,48.0,1367.0,115.8,22.3,0.0
2023-09-17T04:00,64.0,44.4,1302.0,106.2,20.5,1.0
2023-09-17T05:00,57.4,39.9,1186.0,94.0,18.2,4.0
2023-09-17T06:00,50.6,35.2,1073.0,82.8,16.6,7.0
2023-09-17T07:00,44.9,31.2,984.0,74.8,16.1,4.0
2023-09-17T08:00,41.3,28.8,899.0,67.8,16.2,1.0
2023-09-17T09:00,40.0,27.9,808.0,59.9,16.7,15.0
2023-09-17T10:00,48.8,34.1,702.0,49.6,18.2,62.0
2023-09-17T11:00,64.0,44.8,591.0,38.3,20.1,126.0
2023-09-17T12:00,37.7,26.4,485.0,25.9,17.8,177.0
2023-09-17T13:00,27.1,18.9,420.0,19.5,14.1,172.0
2023-09-17T14:00,21.5,15.1,330.0,10.7,9.0,166.0
2023-09-17T15:00,16.8,11.7,264.0,4.4,5.2,160.0
2023-09-17T16:00,14.1,9.8,226.0,1.1,3.5,155.0
2023-09-17T17:00,13.4,9.4,210.0,0.3,3.1,150.0
2023-09-17T18:00,14.9,10.4,252.0,5.0,3.7,148.0
2023-09-17T19:00,22.3,15.5,384.0,18.9,5.1,152.0
2023-09-17T20:00,34.8,24.2,573.0,38.3,7.5,160.0
2023-09-17T21:00,58.7,40.9,752.0,55.0,11.2,162.0
2023-09-17T22:00,77.8,54.2,908.0,66.4,17.3,157.0
2023-09-17T23:00,93.4,65.2,1054.0,75.3,24.6,147.0
2023-09-18T00:00,99.9,69.8,1294.0,89.6,29.5,110.0
2023-09-18T01:00,106.2,74.0,1294.0,87.4,30.5,103.0
2023-09-18T02:00,107.6,75.2,1288.0,83.8,31.7,94.0
2023-09-18T03:00,105.7,73.8,1250.0,77.3,32.3,87.0
2023-09-18T04:00,101.5,70.8,1153.0,65.1,31.7,87.0
2023-09-18T05:00,95.7,66.8,1023.0,49.9,30.4,91.0
2023-09-18T06:00,89.6,62.6,911.0,38.2,28.7,91.0
2023-09-18T07:00,83.8,58.6,847.0,33.7,26.9,82.0
2023-09-18T08:00,78.5,54.9,800.0,32.7,24.8,69.0
2023-09-18T09:00,70.5,49.4,730.0,30.7,22.0,67.0
2023-09-18T10:00,56.8,39.7,605.0,25.8,17.8,84.0
2023-09-18T11:00,32.2,22.5,456.0,19.9,12.8,111.0
2023-09-18T12:00,13.8,9.7,327.0,13.7,9.1,130.0
2023-09-18T13:00,13.1,9.1,298.0,10.9,7.9,135.0
2023-09-18T14:00,12.6,8.8,258.0,7.1,6.1,142.0
2023-09-18T15:00,11.4,7.9,228.0,4.3,4.8,147.0
2023-09-18T16:00,10.9,7.6,204.0,2.2,4.0,150.0
2023-09-18T17:00,11.2,7.8,190.0,1.2,3.6,150.0
2023-09-18T18:00,11.9,8.4,213.0,4.5,3.8,146.0
2023-09-18T19:00,15.5,10.9,302.0,15.4,4.9,135.0
2023-09-18T20:00,23.2,16.2,429.0,30.5,6.7,119.0
2023-09-18T21:00,32.6,22.8,536.0,43.3,8.6,100.0
2023-09-18T22:00,35.4,24.7,599.0,50.9,10.7,78.0
2023-09-18T23:00,40.7,28.5,642.0,56.1,12.8,53.0
2023-09-19T00:00,35.2,24.5,559.0,51.2,11.3,27.0
2023-09-19T01:00,37.5,26.1,586.0,54.2,11.4,21.0
2023-09-19T02:00,36.7,25.7,622.0,58.2,11.5,14.0
2023-09-19T03:00,35.3,24.6,638.0,59.8,11.5,9.0
2023-09-19T04:00,34.2,23.9,615.0,56.5,11.3,10.0
2023-09-19T05:00,32.7,22.9,572.0,50.7,11.0,14.0
2023-09-19T06:00,31.0,21.6,540.0,46.5,11.1,18.0
2023-09-19T07:00,29.6,20.7,534.0,46.3,11.5,15.0
2023-09-19T08:00,29.9,21.0,539.0,47.5,12.2,12.0
2023-09-19T09:00,32.6,22.8,533.0,46.8,13.8,24.0
2023-09-19T10:00,44.5,31.1,505.0,42.3,17.4,65.0
2023-09-19T11:00,63.6,44.5,466.0,35.9,21.9,122.0
2023-09-19T12:00,42.3,29.6,422.0,30.1,22.2,157.0
2023-09-19T13:00,44.4,31.0,402.0,23.3,20.8,187.0
2023-09-19T14:00,48.9,34.1,374.0,14.0,18.8,229.0
2023-09-19T15:00,51.7,36.1,354.0,7.5,17.1,258.0
2023-09-19T16:00,52.6,36.7,345.0,5.7,16.0,266.0
2023-09-19T17:00,51.6,36.0,344.0,6.8,15.3,262.0
2023-09-19T18:00,51.2,35.7,357.0,10.1,14.8,249.0
2023-09-19T19:00,50.9,35.4,393.0,17.1,14.8,225.0
2023-09-19T20:00,49.9,34.8,443.0,26.5,15.2,191.0
2023-09-19T21:00,51.0,35.6,482.0,33.5,15.2,159.0
2023-09-19T22:00,53.9,37.7,500.0,36.0,14.7,130.0
2023-09-19T23:00,56.0,39.1,506.0,36.2,13.9,102.0
2023-09-20T00:00,47.3,32.8,469.0,30.2,14.5,103.0
2023-09-20T01:00,43.1,29.9,430.0,27.3,12.8,98.0
2023-09-20T02:00,37.7,26.1,376.0,23.3,10.4,92.0
2023-09-20T03:00,35.5,24.6,335.0,20.4,8.8,85.0
2023-09-20T04:00,36.0,24.9,319.0,19.5,8.7,79.0
2023-09-20T05:00,38.4,26.7,317.0,19.7,9.5,72.0
2023-09-20T06:00,41.9,29.1,317.0,20.3,10.1,67.0
2023-09-20T07:00,44.2,30.7,315.0,21.6,10.1,58.0
2023-09-20T08:00,45.4,31.5,316.0,23.3,10.1,49.0
2023-09-20T09:00,46.8,32.5,325.0,24.3,10.8,56.0
2023-09-20T10:00,52.2,36.2,349.0,24.2,13.2,88.0
2023-09-20T11:00,56.5,39.1,382.0,23.2,16.3,136.0
2023-09-20T12:00,46.6,32.6,391.0,23.2,18.3,157.0
2023-09-20T13:00,48.3,33.8,382.0,18.4,17.7,191.0
2023-09-20T14:00,47.0,32.8,369.0,11.9,16.9,237.0
2023-09-20T15:00,48.1,33.5,359.0,7.3,15.9,269.0
2023-09-20T16:00,49.4,34.3,354.0,5.8,14.8,277.0
2023-09-20T17:00,48.4,33.5,352.0,6.2,13.7,270.0
2023-09-20T18:00,45.8,31.7,353.0,8.4,12.6,254.0
2023-09-20T19:00,47.5,32.7,358.0,13.1,11.5,226.0
2023-09-20T20:00,41.1,28.2,367.0,19.7,10.6,189.0
2023-09-20T21:00,43.1,29.7,378.0,25.6,10.4,154.0
2023-09-20T22:00,45.4,31.3,397.0,30.6,11.5,124.0
2023-09-20T23:00,45.8,31.8,418.0,34.9,13.4,96.0
2023-09-21T00:00,51.6,35.7,465.0,40.6,15.2,70.0
2023-09-21T01:00,53.3,37.0,447.0,39.4,15.3,65.0
2023-09-21T02:00,52.5,36.4,421.0,37.6,15.4,57.0
2023-09-21T03:00,49.9,34.6,393.0,35.5,15.3,52.0
2023-09-21T04:00,44.9,31.1,363.0,32.6,14.8,50.0
2023-09-21T05:00,44.1,30.6,331.0,29.3,14.2,51.0
2023-09-21T06:00,44.4,30.6,306.0,27.1,13.8,50.0
2023-09-21T07:00,43.2,29.8,291.0,27.1,13.8,43.0
2023-09-21T08:00,42.7,29.6,284.0,28.2,14.1,35.0
2023-09-21T09:00,44.8,31.0,286.0,28.3,14.4,40.0
2023-09-21T10:00,48.0,33.2,302.0,26.6,14.9,69.0
2023-09-21T11:00,47.3,32.7,326.0,23.9,15.6,111.0
2023-09-21T12:00,36.3,25.4,345.0,20.4,16.4,153.0
2023-09-21T13:00,39.0,27.2,345.0,16.3,15.8,183.0
2023-09-21T14:00,39.1,27.3,344.0,10.6,14.8,225.0
2023-09-21T15:00,39.0,27.2,340.0,6.7,13.8,253.0
2023-09-21T16:00,36.6,25.5,328.0,5.4,12.6,257.0
2023-09-21T17:00,35.3,24.5,314.0,5.8,11.3,248.0
2023-09-21T18:00,35.2,24.2,310.0,8.3,10.3,233.0
2023-09-21T19:00,35.0,23.9,321.0,14.0,9.6,211.0
2023-09-21T20:00,35.7,24.2,342.0,21.8,9.2,183.0
2023-09-21T21:00,40.2,27.5,376.0,29.0,9.5,154.0
2023-09-21T22:00,48.2,33.2,433.0,35.0,11.0,124.0
2023-09-21T23:00,55.9,38.6,503.0,40.3,13.3,94.0
2023-09-22T00:00,67.8,46.8,635.0,53.9,16.1,56.0
2023-09-22T01:00,76.1,52.5,676.0,56.0,17.1,46.0
2023-09-22T02:00,82.4,57.2,731.0,58.7,18.5,32.0
2023-09-22T03:00,84.8,58.8,756.0,58.5,19.5,25.0
2023-09-22T04:00,85.2,59.1,724.0,52.8,19.9,30.0
2023-09-22T05:00,84.3,58.6,662.0,44.4,20.0,41.0
2023-09-22T06:00,81.7,56.9,614.0,38.0,19.8,48.0
2023-09-22T07:00,79.9,55.8,600.0,36.3,18.8,39.0
2023-09-22T08:00,77.3,54.0,599.0,36.6,17.6,26.0
2023-09-22T09:00,76.1,53.2,592.0,36.0,17.4,34.0
2023-09-22T10:00,77.8,54.2,576.0,33.3,19.9,85.0
2023-09-22T11:00,84.8,59.1,554.0,29.7,23.6,156.0
2023-09-22T12:00,60.5,42.4,525.0,23.4,23.5,215.0
2023-09-22T13:00,45.6,31.9,461.0,18.0,19.2,214.0
2023-09-22T14:00,33.9,23.7,373.0,10.6,13.2,212.0
2023-09-22T15:00,28.7,20.1,310.0,5.4,8.6,211.0
2023-09-22T16:00,26.9,18.8,284.0,3.3,6.5,211.0
2023-09-22T17:00,26.2,18.3,284.0,3.5,5.9,211.0
2023-09-22T18:00,31.4,21.9,326.0,7.7,6.2,211.0
2023-09-22T19:00,40.5,28.3,430.0,19.2,7.8,212.0
2023-09-22T20:00,50.1,35.0,576.0,34.7,10.4,211.0
2023-09-22T21:00,67.3,47.0,723.0,46.6,12.8,205.0
2023-09-22T22:00,86.4,60.3,880.0,52.4,14.9,185.0
2023-09-22T23:00,102.2,71.5,1037.0,54.6,16.8,159.0
2023-09-23T00:00,59.8,41.4,516.0,16.8,11.1,211.0
2023-09-23T01:00,61.2,42.6,576.0,23.1,10.5,174.0
2023-09-23T02:00,71.0,49.4,658.0,31.7,9.8,123.0
2023-09-23T03:00,74.5,51.9,704.0,36.6,9.3,83.0
2023-09-23T04:00,71.7,49.9,680.0,34.0,9.3,67.0
2023-09-23T05:00,71.9,50.1,620.0,27.8,9.6,63.0
2023-09-23T06:00,67.3,46.8,576.0,23.8,10.3,59.0
2023-09-23T07:00,66.4,46.1,573.0,25.2,11.3,44.0
2023-09-23T08:00,66.8,46.6,584.0,28.8,12.5,28.0
2023-09-23T09:00,70.3,49.0,583.0,30.9,14.2,33.0
2023-09-23T10:00,78.5,54.7,552.0,30.2,16.9,73.0
2023-09-23T11:00,77.5,53.9,508.0,28.1,19.9,134.0
2023-09-23T12:00,58.2,40.6,484.0,26.0,22.3,199.0
2023-09-23T13:00,60.1,41.9,480.0,20.9,21.1,238.0
2023-09-23T14:00,58.1,40.5,474.0,13.8,19.4,291.0
2023-09-23T15:00,59.4,41.3,470.0,8.8,18.0,330.0
2023-09-23T16:00,61.5,42.6,463.0,7.0,17.0,345.0
2023-09-23T17:00,62.6,43.3,457.0,7.2,16.3,346.0
2023-09-23T18:00,62.4,43.0,467.0,10.1,16.0,336.0
2023-09-23T19:00,61.5,42.3,496.0,17.2,16.3,315.0
2023-09-23T20:00,62.4,42.8,541.0,26.9,17.1,283.0
2023-09-23T21:00,70.8,48.7,606.0,35.8,18.1,248.0
2023-09-23T22:00,83.8,58.1,711.0,42.9,19.6,211.0
2023-09-23T23:00,95.9,66.6,837.0,49.1,21.3,171.0
2023-09-24T00:00,64.7,44.7,506.0,33.5,18.5,125.0
2023-09-24T01:00,74.0,51.2,580.0,41.3,19.2,103.0
2023-09-24T02:00,82.0,56.9,681.0,51.7,20.1,73.0
2023-09-24T03:00,84.3,58.6,746.0,57.2,20.3,49.0
2023-09-24T04:00,82.7,57.5,742.0,53.1,19.2,39.0
2023-09-24T05:00,79.9,55.6,702.0,44.1,17.4,35.0
2023-09-24T06:00,77.1,53.7,662.0,37.2,16.1,32.0
2023-09-24T07:00,74.0,51.5,635.0,35.7,15.8,21.0
2023-09-24T08:00,71.7,49.9,609.0,36.3,16.0,11.0
2023-09-24T09:00,71.2,49.5,580.0,35.7,16.2,23.0
2023-09-24T10:00,75.2,52.2,551.0,32.6,16.9,78.0
2023-09-24T11:00,68.7,47.6,519.0,28.2,17.6,154.0
2023-09-24T12:00,39.6,27.6,458.0,22.2,15.0,203.0
2023-09-24T13:00,24.3,17.0,403.0,16.9,11.9,193.0
2023-09-24T14:00,17.1,11.9,328.0,9.5,7.7,180.0
2023-09-24T15:00,16.3,11.3,273.0,4.3,4.6,170.0
2023-09-24T16:00,16.2,11.2,244.0,1.8,3.4,167.0
2023-09-24T17:00,16.9,11.7,236.0,1.3,3.3,168.0
2023-09-24T18:00,18.1,12.6,272.0,5.1,4.1,170.0
2023-09-24T19:00,24.2,16.9,377.0,15.7,5.6,175.0
2023-09-24T20:00,34.1,23.8,527.0,30.5,8.0,180.0
2023-09-24T21:00,51.1,35.7,671.0,43.7,11.2,179.0
2023-09-24T22:00,68.9,48.3,820.0,55.4,16.1,164.0
2023-09-24T23:00,79.4,55.5,963.0,65.6,21.8,142.0
2023-09-25T00:00,85.4,59.8,1104.0,56.8,14.8,120.0
2023-09-25T01:00,88.5,61.7,948.0,44.1,12.7,140.0
2023-09-25T02:00,78.0,54.2,729.0,26.5,9.8,166.0
2023-09-25T03:00,65.0,44.7,541.0,13.4,7.3,175.0
2023-09-25T04:00,48.3,32.6,414.0,9.1,5.6,153.0
2023-09-25T05:00,35.7,23.6,317.0,9.3,4.3,114.0
2023-09-25T06:00,31.0,20.6,253.0,10.4,3.7,82.0
2023-09-25T07:00,25.5,17.1,231.0,11.8,4.2,66.0
2023-09-25T08:00,23.1,15.7,241.0,14.0,5.3,57.0
2023-09-25T09:00,20.7,14.3,262.0,15.9,6.3,54.0
2023-09-25T10:00,18.0,12.5,290.0,17.1,6.6,56.0
2023-09-25T11:00,17.1,11.9,329.0,17.8,6.7,64.0
2023-09-25T12:00,31.0,21.5,371.0,19.4,10.1,103.0
2023-09-25T13:00,38.6,26.8,382.0,16.0,11.0,148.0
2023-09-25T14:00,43.7,30.3,396.0,11.4,12.1,209.0
2023-09-25T15:00,45.4,31.4,402.0,8.3,12.5,248.0
2023-09-25T16:00,44.6,30.9,389.0,7.1,11.5,247.0
2023-09-25T17:00,42.4,29.2,368.0,7.4,9.8,224.0
2023-09-25T18:00,36.4,25.1,363.0,10.2,8.4,196.0
2023-09-25T19:00,34.2,23.5,393.0,17.7,7.5,163.0
2023-09-25T20:00,37.1,25.6,440.0,27.7,6.7,125.0
2023-09-25T21:00,38.3,26.5,468.0,34.8,6.5,92.0
2023-09-25T22:00,29.2,20.2,461.0,36.3,7.0,69.0
2023-09-25T23:00,21.7,15.0,436.0,34.9,8.0,53.0
2023-09-26T00:00,16.2,11.0,338.0,22.8,5.8,55.0
2023-09-26T01:00,12.2,8.4,330.0,22.4,6.1,53.0
2023-09-26T02:00,12.2,8.5,318.0,21.7,6.6,51.0
2023-09-26T03:00,14.4,10.0,307.0,21.2,7.2,49.0
2023-09-26T04:00,17.3,12.0,299.0,20.7,8.1,48.0
2023-09-26T05:00,19.6,13.6,293.0,20.2,9.1,47.0
2023-09-26T06:00,21.2,14.8,287.0,20.3,10.1,45.0
2023-09-26T07:00,22.9,15.9,278.0,21.7,11.1,38.0
2023-09-26T08:00,23.5,16.3,270.0,23.6,12.1,30.0
2023-09-26T09:00,22.6,15.8,275.0,24.7,12.9,34.0
2023-09-26T10:00,24.5,17.1,303.0,24.5,13.3,55.0
2023-09-26T11:00,29.7,20.8,344.0,23.5,13.5,88.0
2023-09-26T12:00,40.6,28.0,414.0,21.8,17.4,160.0
2023-09-26T13:00,47.7,33.1,422.0,17.9,17.3,203.0
2023-09-26T14:00,55.5,38.5,431.0,12.5,17.2,261.0
2023-09-26T15:00,57.2,39.7,432.0,8.6,16.4,297.0
2023-09-26T16:00,52.9,36.7,409.0,6.5,14.5,292.0
2023-09-26T17:00,48.2,33.3,378.0,6.0,12.0,265.0
2023-09-26T18:00,43.0,29.6,372.0,8.8,10.2,233.0
2023-09-26T19:00,38.9,26.7,406.0,16.7,9.7,202.0
2023-09-26T20:00,36.8,25.2,464.0,28.1,9.8,166.0
2023-09-26T21:00,42.6,29.2,541.0,39.7,10.4,131.0
2023-09-26T22:00,48.9,33.8,665.0,53.5,11.8,93.0
2023-09-26T23:00,52.5,36.3,807.0,67.6,13.6,55.0
2023-09-27T00:00,52.6,36.7,1022.0,94.7,16.7,27.0
2023-09-27T01:00,43.7,30.4,914.0,79.9,13.7,33.0
2023-09-27T02:00,34.8,24.2,764.0,59.2,9.6,42.0
2023-09-27T03:00,28.5,19.8,635.0,42.1,6.5,49.0
2023-09-27T04:00,23.7,16.5,554.0,32.3,5.4,53.0
2023-09-27T05:00,20.4,14.2,496.0,26.1,5.4,55.0
2023-09-27T06:00,18.0,12.6,447.0,21.6,5.7,57.0
2023-09-27T07:00,16.3,11.4,401.0,18.8,6.4,58.0
2023-09-27T08:00,15.2,10.6,365.0,17.6,7.4,58.0
2023-09-27T09:00,14.3,10.0,346.0,16.7,8.0,63.0
2023-09-27T10:00,15.6,10.9,358.0,15.7,8.1,77.0
2023-09-27T11:00,18.2,12.7,388.0,15.0,7.8,96.0
2023-09-27T12:00,23.6,16.5,375.0,13.3,5.7,80.0
2023-09-27T13:00,23.4,16.4,378.0,10.3,5.0,98.0
2023-09-27T14:00,24.4,17.1,381.0,6.4,4.1,123.0
2023-09-27T15:00,24.7,17.3,385.0,4.0,3.3,137.0
2023-09-27T16:00,23.2,16.2,390.0,4.6,2.8,130.0
2023-09-27T17:00,21.5,15.0,396.0,6.7,2.6,113.0
2023-09-27T18:00,21.8,15.2,396.0,9.4,2.6,98.0
2023-09-27T19:00,22.9,15.9,392.0,12.9,3.1,90.0
2023-09-27T20:00,26.5,18.5,383.0,16.8,3.9,83.0
2023-09-27T21:00,13.4,9.3,362.0,19.1,4.6,78.0
2023-09-27T22:00,6.2,4.3,320.0,18.4,5.1,73.0
2023-09-27T23:00,5.1,3.4,265.0,16.0,5.4,68.0
2023-09-28T00:00,10.3,7.0,259.0,12.9,4.8,75.0
2023-09-28T01:00,7.4,5.0,222.0,11.0,4.1,72.0
2023-09-28T02:00,5.5,3.6,171.0,8.5,3.2,67.0
2023-09-28T03:00,6.0,3.8,131.0,6.4,2.5,64.0
2023-09-28T04:00,6.5,4.0,115.0,5.3,2.3,63.0
2023-09-28T05:00,6.1,3.8,110.0,4.8,2.3,63.0
2023-09-28T06:00,6.4,4.0,108.0,4.6,2.5,63.0
2023-09-28T07:00,7.4,4.5,106.0,4.7,2.7,62.0
2023-09-28T08:00,8.4,5.0,107.0,5.1,3.0,59.0
2023-09-28T09:00,9.5,5.5,113.0,6.2,3.4,57.0
2023-09-28T10:00,11.0,6.4,130.0,8.7,3.8,53.0
2023-09-28T11:00,13.1,7.7,152.0,11.9,4.3,49.0
2023-09-28T12:00,9.8,5.9,152.0,13.7,4.9,48.0
2023-09-28T13:00,13.3,7.9,152.0,13.0,5.2,53.0
2023-09-28T14:00,14.2,8.6,153.0,11.9,5.5,60.0
2023-09-28T15:00,14.9,9.2,153.0,11.2,5.8,65.0
2023-09-28T16:00,15.3,9.4,152.0,10.7,5.8,67.0
2023-09-28T17:00,15.5,9.5,152.0,10.6,5.7,67.0
2023-09-28T18:00,15.3,9.3,154.0,11.2,5.6,65.0
2023-09-28T19:00,14.9,9.0,163.0,13.5,5.7,61.0
2023-09-28T20:00,15.4,9.3,175.0,16.5,5.9,55.0
2023-09-28T21:00,14.9,9.0,181.0,18.4,6.1,50.0
2023-09-28T22:00,13.9,8.5,175.0,17.8,6.2,48.0
2023-09-28T23:00,14.0,8.6,162.0,15.9,6.3,48.0
2023-09-29T00:00,13.1,8.1,155.0,17.0,7.1,46.0
2023-09-29T01:00,13.3,8.3,153.0,16.8,7.2,46.0
2023-09-29T02:00,13.6,8.5,150.0,16.4,7.2,45.0
2023-09-29T03:00,13.3,8.3,145.0,15.9,7.3,45.0
2023-09-29T04:00,12.2,7.7,137.0,14.8,7.2,46.0
2023-09-29T05:00,11.8,7.5,127.0,13.5,7.1,47.0
2023-09-29T06:00,11.4,7.3,121.0,12.9,7.2,47.0
2023-09-29T07:00,10.9,7.1,119.0,13.9,7.7,44.0
2023-09-29T08:00,10.5,6.9,120.0,15.6,8.5,40.0
2023-09-29T09:00,10.6,7.1,129.0,16.7,9.1,41.0
2023-09-29T10:00,11.9,8.1,151.0,16.4,9.5,49.0
2023-09-29T11:00,13.4,9.2,182.0,15.5,9.8,61.0
2023-09-29T12:00,18.6,12.8,227.0,15.7,10.0,72.0
2023-09-29T13:00,25.6,17.7,242.0,14.0,9.4,89.0
2023-09-29T14:00,32.4,22.4,262.0,11.6,8.6,112.0
2023-09-29T15:00,36.7,25.0,276.0,10.3,8.1,128.0
2023-09-29T16:00,40.2,27.1,280.0,10.4,8.0,130.0
2023-09-29T17:00,40.0,26.9,279.0,11.6,8.1,125.0
2023-09-29T18:00,38.2,25.4,275.0,13.9,8.3,114.0
2023-09-29T19:00,35.0,23.2,270.0,18.4,8.6,94.0
2023-09-29T20:00,30.6,20.3,262.0,24.2,8.9,68.0
2023-09-29T21:00,25.8,17.0,253.0,28.2,9.3,49.0
2023-09-29T22:00,23.4,15.3,242.0,28.9,9.7,41.0
2023-09-29T23:00,22.4,14.5,229.0,27.8,10.1,40.0
2023-09-30T00:00,23.2,15.4,235.0,28.6,10.6,38.0
2023-09-30T01:00,24.1,16.1,239.0,29.4,11.2,36.0
2023-09-30T02:00,25.3,17.1,244.0,30.5,12.0,33.0
2023-09-30T03:00,25.7,17.5,246.0,30.9,12.6,31.0
2023-09-30T04:00,26.4,18.1,241.0,30.0,12.7,29.0
2023-09-30T05:00,27.7,19.1,233.0,28.5,12.6,28.0
2023-09-30T06:00,29.3,20.1,229.0,27.7,12.8,26.0
2023-09-30T07:00,30.3,20.8,228.0,28.8,13.6,18.0
2023-09-30T08:00,31.9,21.9,231.0,30.7,14.8,11.0
2023-09-30T09:00,34.0,23.4,243.0,31.1,16.2,17.0
2023-09-30T10:00,38.4,26.4,273.0,28.8,18.1,50.0
2023-09-30T11:00,43.0,29.2,313.0,25.0,20.2,97.0
2023-09-30T12:00,43.3,29.7,334.0,19.5,18.9,139.0
2023-09-30T13:00,43.0,29.8,333.0,16.1,16.8,156.0
2023-09-30T14:00,40.5,28.2,331.0,11.5,13.8,178.0
2023-09-30T15:00,39.3,27.2,326.0,8.5,11.4,190.0
2023-09-30T16:00,39.1,26.8,314.0,8.1,10.1,183.0
2023-09-30T17:00,41.4,28.1,299.0,9.3,9.5,166.0
2023-09-30T18:00,41.0,27.2,295.0,12.4,9.3,148.0
2023-09-30T19:00,39.5,26.3,307.0,18.4,9.6,134.0
2023-09-30T20:00,38.1,25.4,330.0,26.3,10.4,120.0
2023-09-30T21:00,39.3,26.4,356.0,33.3,11.4,104.0
2023-09-30T22:00,41.8,28.3,384.0,38.5,12.9,85.0
2023-09-30T23:00,44.9,30.6,416.0,42.7,14.6,64.0
2023-10-01T00:00,42.4,28.5,331.0,33.6,14.3,67.0
2023-10-01T01:00,48.4,32.7,349.0,34.8,14.4,60.0
2023-10-01T02:00,46.4,31.7,374.0,36.4,14.6,52.0
2023-10-01T03:00,35.6,24.3,386.0,36.4,14.6,46.0
2023-10-01T04:00,28.7,19.6,374.0,33.4,14.4,47.0
2023-10-01T05:00,24.6,16.9,350.0,28.8,14.1,51.0
2023-10-01T06:00,30.4,21.0,333.0,25.1,13.6,55.0
2023-10-01T07:00,30.0,20.9,329.0,23.4,12.6,54.0
2023-10-01T08:00,22.8,15.9,333.0,22.7,11.4,53.0
2023-10-01T09:00,25.0,17.5,340.0,21.9,10.4,56.0
2023-10-01T10:00,27.4,19.2,356.0,21.0,9.8,69.0
2023-10-01T11:00,28.6,20.0,377.0,20.0,9.5,88.0
2023-10-01T12:00,21.1,14.8,407.0,20.9,9.6,114.0
2023-10-01T13:00,18.6,13.0,385.0,17.4,8.1,115.0
2023-10-01T14:00,16.8,11.7,355.0,12.6,6.0,116.0
2023-10-01T15:00,15.9,11.1,324.0,9.3,4.5,114.0
2023-10-01T16:00,19.0,13.3,295.0,8.5,4.1,107.0
2023-10-01T17:00,18.6,13.0,266.0,9.3,4.3,97.0
2023-10-01T18:00,14.3,9.9,243.0,11.2,4.6,85.0
2023-10-01T19:00,13.2,9.1,231.0,15.1,4.9,70.0
2023-10-01T20:00,11.1,7.6,226.0,20.1,5.3,54.0
2023-10-01T21:00,10.4,7.2,220.0,23.5,5.6,42.0
2023-10-01T22:00,10.0,6.9,208.0,23.5,5.8,38.0
2023-10-01T23:00,10.0,6.9,195.0,21.9,6.0,38.0
2023-10-02T00:00,14.8,10.0,184.0,21.5,6.3,38.0
2023-10-02T01:00,15.3,10.3,186.0,21.7,6.6,37.0
2023-10-02T02:00,15.2,10.3,188.0,21.9,7.1,36.0
2023-10-02T03:00,13.8,9.4,190.0,22.1,7.7,35.0
2023-10-02T04:00,14.3,9.7,190.0,22.1,8.6,33.0
2023-10-02T05:00,15.7,10.7,188.0,22.1,9.6,31.0
2023-10-02T06:00,16.5,11.3,187.0,22.5,10.5,28.0
2023-10-02T07:00,16.9,11.5,181.0,23.2,11.2,24.0
2023-10-02T08:00,17.1,11.7,175.0,24.4,11.9,20.0
2023-10-02T09:00,17.1,11.7,186.0,26.1,12.5,20.0
2023-10-02T10:00,19.5,13.4,230.0,29.5,13.4,25.0
2023-10-02T11:00,23.8,16.4,292.0,33.5,14.2,33.0
2023-10-02T12:00,28.3,19.6,297.0,34.5,14.7,37.0
2023-10-02T13:00,32.8,22.7,311.0,33.0,14.5,54.0
2023-10-02T14:00,37.8,26.1,330.0,30.8,14.1,79.0
2023-10-02T15:00,34.0,23.5,343.0,28.5,13.5,99.0
2023-10-02T16:00,30.9,21.2,344.0,25.1,12.4,114.0
2023-10-02T17:00,30.5,20.8,338.0,21.5,11.1,125.0
2023-10-02T18:00,29.9,20.4,335.0,20.8,10.3,125.0
2023-10-02T19:00,29.2,19.7,340.0,25.4,10.5,107.0
2023-10-02T20:00,27.1,18.3,346.0,32.8,11.2,78.0
2023-10-02T21:00,25.6,17.4,346.0,38.7,11.9,53.0
2023-10-02T22:00,25.0,17.1,333.0,41.4,12.6,37.0
2023-10-02T23:00,22.3,15.3,313.0,42.5,13.4,24.0
2023-10-03T00:00,27.2,18.6,287.0,39.0,14.0,19.0
2023-10-03T01:00,26.6,18.2,277.0,38.8,13.8,17.0
2023-10-03T02:00,25.1,17.2,262.0,38.5,13.5,13.0
2023-10-03T03:00,22.2,15.3,248.0,37.8,13.4,11.0
2023-10-03T04:00,19.9,13.6,234.0,36.5,13.7,11.0
2023-10-03T05:00,18.6,12.8,221.0,34.9,14.1,12.0
2023-10-03T06:00,19.0,13.1,212.0,33.7,14.6,13.0
2023-10-03T07:00,19.9,13.7,204.0,33.5,15.2,10.0
2023-10-03T08:00,21.0,14.5,199.0,33.7,15.8,7.0
2023-10-03T09:00,19.4,13.5,211.0,33.4,16.2,14.0
2023-10-03T10:00,18.7,13.0,254.0,32.5,16.6,36.0
2023-10-03T11:00,25.2,17.6,313.0,31.0,16.8,69.0
2023-10-03T12:00,41.4,28.9,370.0,30.0,18.1,114.0
2023-10-03T13:00,49.4,34.5,383.0,24.7,16.0,143.0
2023-10-03T14:00,53.7,37.5,400.0,17.3,13.0,184.0
2023-10-03T15:00,54.7,38.3,408.0,11.6,10.6,212.0
2023-10-03T16:00,54.4,38.0,393.0,8.2,9.1,218.0
2023-10-03T17:00,54.2,37.6,369.0,6.4,8.2,212.0
2023-10-03T18:00,50.5,34.9,360.0,8.0,7.8,200.0
2023-10-03T19:00,48.0,32.9,376.0,14.5,8.2,182.0
2023-10-03T20:00,49.2,33.6,408.0,24.4,9.2,157.0
2023-10-03T21:00,52.9,36.2,456.0,34.3,10.4,129.0
2023-10-03T22:00,57.6,39.7,532.0,44.0,11.6,96.0
2023-10-03T23:00,61.7,42.5,625.0,53.6,13.0,60.0
2023-10-04T00:00,58.3,40.2,528.0,42.7,14.3,54.0
2023-10-04T01:00,61.0,42.1,545.0,44.9,15.5,44.0
2023-10-04T02:00,64.7,44.9,567.0,47.8,17.0,30.0
2023-10-04T03:00,68.9,48.0,580.0,49.2,18.1,20.0
2023-10-04T04:00,72.2,50.3,575.0,47.9,18.3,16.0
2023-10-04T05:00,73.1,51.0,560.0,45.0,17.9,16.0
2023-10-04T06:00,72.6,50.8,543.0,41.6,17.1,18.0
2023-10-04T07:00,71.0,49.7,525.0,37.9,15.7,21.0
2023-10-04T08:00,65.9,46.1,504.0,33.7,13.8,27.0
2023-10-04T09:00,58.9,41.2,484.0,29.4,12.1,41.0
2023-10-04T10:00,46.9,32.8,468.0,25.0,11.0,71.0
2023-10-04T11:00,38.8,27.1,452.0,20.5,10.0,108.0
2023-10-04T12:00,18.9,13.2,416.0,19.6,8.0,103.0
2023-10-04T13:00,12.1,8.5,373.0,15.5,6.8,105.0
2023-10-04T14:00,9.7,6.8,314.0,9.9,5.1,108.0
2023-10-04T15:00,7.9,5.5,271.0,5.8,3.8,110.0
2023-10-04T16:00,6.9,4.8,254.0,3.9,3.1,111.0
2023-10-04T17:00,6.6,4.6,252.0,3.4,2.9,112.0
2023-10-04T18:00,6.2,4.4,265.0,5.5,2.9,107.0
2023-10-04T19:00,5.9,4.1,302.0,12.1,3.4,93.0
2023-10-04T20:00,7.4,5.2,353.0,21.2,4.1,73.0
2023-10-04T21:00,9.6,6.7,394.0,28.0,5.0,58.0
2023-10-04T22:00,11.8,8.3,417.0,30.4,6.0,50.0
2023-10-04T23:00,12.8,9.0,430.0,30.4,7.1,47.0
2023-10-05T00:00,15.0,10.4,443.0,33.7,9.1,43.0
2023-10-05T01:00,12.3,8.6,412.0,30.1,8.5,46.0
2023-10-05T02:00,10.6,7.4,368.0,25.1,7.5,50.0
2023-10-05T03:00,9.7,6.8,331.0,20.5,6.8,54.0
2023-10-05T04:00,9.3,6.5,306.0,16.9,6.4,58.0
2023-10-05T05:00,9.1,6.3,286.0,13.7,6.1,61.0
2023-10-05T06:00,8.1,5.7,273.0,11.4,5.9,64.0
2023-10-05T07:00,8.2,5.7,265.0,9.9,5.5,66.0
2023-10-05T08:00,9.3,6.5,264.0,9.3,5.1,67.0
2023-10-05T09:00,10.5,7.3,272.0,9.6,5.0,68.0
2023-10-05T10:00,12.4,8.6,297.0,11.9,5.5,67.0
2023-10-05T11:00,14.4,10.1,332.0,15.2,6.2,66.0
2023-10-05T12:00,27.4,19.1,383.0,15.4,9.0,121.0
2023-10-05T13:00,29.1,20.3,366.0,12.4,8.3,129.0
2023-10-05T14:00,29.9,20.8,344.0,8.3,7.3,140.0
2023-10-05T15:00,30.3,21.1,330.0,5.9,6.4,145.0
2023-10-05T16:00,30.9,21.5,333.0,6.3,5.8,140.0
2023-10-05T17:00,30.4,21.2,344.0,8.4,5.3,129.0
2023-10-05T18:00,28.9,20.1,357.0,11.6,5.2,115.0
2023-10-05T19:00,25.3,17.6,372.0,16.8,5.5,97.0
2023-10-05T20:00,21.8,15.3,388.0,23.1,6.2,75.0
2023-10-05T21:00,20.1,14.1,394.0,27.9,7.0,58.0
2023-10-05T22:00,13.4,9.4,380.0,29.7,7.9,48.0
2023-10-05T23:00,11.4,8.0,355.0,30.0,8.9,41.0
2023-10-06T00:00,12.5,8.7,255.0,26.4,9.8,41.0
2023-10-06T01:00,15.4,10.7,258.0,27.4,10.4,38.0
2023-10-06T02:00,17.1,11.9,262.0,28.7,11.4,33.0
2023-10-06T03:00,17.6,12.3,265.0,29.9,12.5,29.0
2023-10-06T04:00,18.9,13.2,265.0,30.7,13.9,25.0
2023-10-06T05:00,21.8,15.2,265.0,31.4,15.4,21.0
2023-10-06T06:00,24.7,17.3,271.0,32.2,16.9,17.0
2023-10-06T07:00,27.2,19.1,283.0,34.1,18.6,7.0
2023-10-06T08:00,29.5,20.7,300.0,36.1,20.3,0.0
2023-10-06T09:00,31.5,22.1,332.0,35.8,21.0,11.0
2023-10-06T10:00,37.4,26.1,393.0,31.2,20.2,64.0
2023-10-06T11:00,44.5,31.2,468.0,24.2,18.4,139.0
2023-10-06T12:00,42.0,29.5,461.0,17.7,12.0,135.0
2023-10-06T13:00,34.2,23.9,449.0,13.9,10.0,145.0
2023-10-06T14:00,30.5,21.3,432.0,8.6,7.4,159.0
2023-10-06T15:00,28.0,19.6,419.0,5.1,5.4,168.0
2023-10-06T16:00,27.6,19.3,404.0,3.5,4.7,168.0
2023-10-06T17:00,26.9,18.7,394.0,3.6,4.8,163.0
2023-10-06T18:00,27.4,19.0,415.0,8.0,5.3,154.0
2023-10-06T19:00,26.8,18.6,486.0,19.0,6.3,142.0
2023-10-06T20:00,29.5,20.5,588.0,34.2,7.9,126.0
2023-10-06T21:00,38.8,27.0,693.0,48.9,9.8,106.0
2023-10-06T22:00,49.6,34.6,811.0,63.9,12.6,77.0
2023-10-06T23:00,55.1,38.4,932.0,78.5,15.8,43.0
2023-10-07T00:00,67.3,47.0,1036.0,86.0,19.1,28.0
2023-10-07T01:00,62.9,44.0,1015.0,80.2,17.5,24.0
2023-10-07T02:00,57.9,40.4,980.0,71.7,15.3,18.0
2023-10-07T03:00,53.3,37.3,912.0,61.9,13.2,16.0
2023-10-07T04:00,45.9,32.1,786.0,50.0,11.6,20.0
2023-10-07T05:00,36.1,25.3,627.0,36.8,10.1,28.0
2023-10-07T06:00,27.8,19.4,496.0,25.9,8.8,37.0
2023-10-07T07:00,22.9,16.0,414.0,19.0,7.8,45.0
2023-10-07T08:00,19.7,13.8,360.0,14.5,7.0,53.0
2023-10-07T09:00,17.4,12.2,326.0,11.3,6.3,63.0
2023-10-07T10:00,16.4,11.4,320.0,9.6,5.9,77.0
2023-10-07T11:00,17.6,12.3,336.0,9.2,5.6,94.0
2023-10-07T12:00,32.0,22.5,439.0,11.2,8.0,146.0
2023-10-07T13:00,26.0,18.2,399.0,9.3,6.6,140.0
2023-10-07T14:00,23.7,16.6,346.0,6.7,4.7,130.0
2023-10-07T15:00,23.2,16.2,312.0,5.5,3.5,123.0
2023-10-07T16:00,25.7,18.0,311.0,6.0,3.8,120.0
2023-10-07T17:00,28.3,19.8,331.0,7.9,4.8,119.0
2023-10-07T18:00,29.8,20.8,364.0,12.0,5.8,114.0
2023-10-07T19:00,31.0,21.7,417.0,19.8,6.6,103.0
2023-10-07T20:00,32.8,23.0,484.0,29.8,7.3,90.0
2023-10-07T21:00,36.2,25.4,540.0,37.9,8.3,76.0
2023-10-07T22:00,39.1,27.4,577.0,42.6,9.7,63.0
2023-10-07T23:00,41.7,29.2,602.0,45.3,11.3,49.0
2023-10-08T00:00,16.9,11.7,488.0,47.2,15.9,30.0
2023-10-08T01:00,12.5,8.7,464.0,42.5,15.6,35.0
2023-10-08T02:00,7.9,5.5,431.0,36.1,15.1,41.0
2023-10-08T03:00,5.7,4.0,405.0,31.2,14.8,45.0
2023-10-08T04:00,6.1,4.3,396.0,29.5,14.8,44.0
2023-10-08T05:00,8.0,5.6,394.0,29.4,14.9,41.0
2023-10-08T06:00,8.5,5.9,391.0,29.3,14.9,38.0
2023-10-08T07:00,5.8,4.0,378.0,28.4,14.5,36.0
2023-10-08T08:00,5.1,3.6,363.0,27.6,14.0,35.0
2023-10-08T09:00,4.6,3.2,360.0,27.7,14.0,37.0
2023-10-08T10:00,5.5,3.9,382.0,30.5,15.1,41.0
2023-10-08T11:00,7.2,5.0,415.0,34.3,16.7,47.0
2023-10-08T12:00,15.8,11.0,468.0,31.0,16.3,84.0
2023-10-08T13:00,21.5,15.1,461.0,27.2,15.5,102.0
2023-10-08T14:00,26.2,18.3,451.0,22.0,14.4,128.0
2023-10-08T15:00,31.9,22.4,443.0,18.4,13.5,146.0
2023-10-08T16:00,36.3,25.4,437.0,17.2,12.9,153.0
2023-10-08T17:00,37.8,26.5,432.0,17.7,12.5,153.0
2023-10-08T18:00,36.7,25.7,438.0,20.4,12.1,144.0
2023-10-08T19:00,34.8,24.3,464.0,27.5,11.7,120.0
2023-10-08T20:00,32.1,22.5,500.0,36.9,11.3,86.0
2023-10-08T21:00,26.7,18.7,521.0,43.0,11.0,61.0
2023-10-08T22:00,22.8,16.0,517.0,43.6,10.8,50.0
2023-10-08T23:00,19.2,13.4,498.0,40.9,10.7,47.0
2023-10-09T00:00,13.6,9.5,541.0,47.6,16.2,29.0
2023-10-09T01:00,14.0,9.8,475.0,38.5,13.0,41.0
2023-10-09T02:00,11.5,8.1,384.0,26.0,8.7,58.0
2023-10-09T03:00,10.0,7.0,319.0,16.1,5.4,69.0
2023-10-09T04:00,8.4,5.8,302.0,11.5,4.1,71.0
2023-10-09T05:00,6.6,4.6,310.0,9.7,3.9,68.0
2023-10-09T06:00,6.4,4.5,323.0,9.1,4.1,64.0
2023-10-09T07:00,7.7,5.4,335.0,9.6,4.5,60.0
2023-10-09T08:00,10.1,7.1,351.0,11.4,5.3,56.0
2023-10-09T09:00,11.4,8.0,371.0,13.5,6.0,53.0
2023-10-09T10:00,13.8,9.7,401.0,16.3,6.6,51.0
2023-10-09T11:00,14.5,10.2,434.0,19.5,7.1,49.0
2023-10-09T12:00,24.8,17.3,476.0,18.1,10.0,108.0
2023-10-09T13:00,24.2,16.9,448.0,14.9,8.9,114.0
2023-10-09T14:00,22.1,15.4,408.0,10.6,7.3,122.0
2023-10-09T15:00,21.9,15.3,376.0,7.5,6.1,127.0
2023-10-09T16:00,22.2,15.5,359.0,6.3,5.5,128.0
2023-10-09T17:00,19.7,13.7,349.0,6.3,5.3,125.0
2023-10-09T18:00,17.5,12.1,344.0,8.5,5.4,117.0
2023-10-09T19:00,14.2,9.8,350.0,14.9,6.0,98.0
2023-10-09T20:00,13.6,9.3,361.0,23.4,6.9,72.0
2023-10-09T21:00,14.0,9.5,360.0,28.5,7.3,54.0
2023-10-09T22:00,10.6,7.2,333.0,26.9,6.7,50.0
2023-10-09T23:00,11.2,7.7,294.0,21.8,5.7,53.0
2023-10-10T00:00,14.7,10.0,278.0,19.8,6.1,54.0
2023-10-10T01:00,15.1,10.3,274.0,19.2,5.9,54.0
2023-10-10T02:00,15.7,10.7,268.0,18.3,5.7,55.0
2023-10-10T03:00,16.4,11.2,262.0,17.4,5.7,55.0
2023-10-10T04:00,16.1,11.0,254.0,16.5,6.1,55.0
2023-10-10T05:00,16.1,11.1,245.0,15.7,6.7,55.0
2023-10-10T06:00,16.5,11.3,239.0,15.5,7.4,54.0
2023-10-10T07:00,17.8,12.2,236.0,16.4,8.2,51.0
2023-10-10T08:00,18.2,12.5,235.0,17.9,9.2,48.0
2023-10-10T09:00,18.8,13.0,241.0,18.8,9.8,50.0
2023-10-10T10:00,17.6,12.0,259.0,18.6,10.1,59.0
2023-10-10T11:00,18.0,12.4,282.0,17.8,10.0,74.0
2023-10-10T12:00,15.8,10.9,282.0,12.9,9.4,101.0
2023-10-10T13:00,18.3,12.6,275.0,11.0,8.9,114.0
2023-10-10T14:00,19.5,13.5,266.0,8.5,8.3,131.0
2023-10-10T15:00,20.8,14.3,259.0,6.8,7.8,143.0
2023-10-10T16:00,21.4,14.6,254.0,6.2,7.7,148.0
2023-10-10T17:00,22.6,15.4,250.0,6.5,7.9,149.0
2023-10-10T18:00,23.3,15.8,251.0,8.6,8.0,141.0
2023-10-10T19:00,21.8,14.8,261.0,14.0,8.0,118.0
2023-10-10T20:00,19.6,13.4,275.0,21.3,8.0,86.0
2023-10-10T21:00,17.5,12.0,281.0,26.3,7.9,61.0
2023-10-10T22:00,17.9,12.3,270.0,27.2,7.4,48.0
2023-10-10T23:00,15.8,10.9,251.0,25.9,6.8,41.0
2023-10-11T00:00,12.1,8.4,225.0,21.3,5.9,41.0
2023-10-11T01:00,12.3,8.5,219.0,20.4,6.1,43.0
2023-10-11T02:00,12.7,8.8,211.0,19.0,6.5,44.0
2023-10-11T03:00,12.5,8.7,205.0,18.0,6.8,45.0
2023-10-11T04:00,12.7,8.9,201.0,17.4,7.0,43.0
2023-10-11T05:00,13.1,9.2,200.0,17.0,7.3,39.0
2023-10-11T06:00,13.1,9.2,202.0,17.2,7.6,36.0
2023-10-11T07:00,12.5,8.8,207.0,18.5,8.1,29.0
2023-10-11T08:00,12.3,8.6,216.0,20.3,8.8,22.0
2023-10-11T09:00,13.0,9.1,237.0,20.9,9.5,30.0
2023-10-11T10:00,18.4,12.9,283.0,19.4,10.5,65.0
2023-10-11T11:00,24.2,16.9,340.0,16.7,11.5,114.0
2023-10-11T12:00,23.7,16.6,366.0,14.2,12.1,155.0
2023-10-11T13:00,26.9,18.9,357.0,11.3,10.3,159.0
2023-10-11T14:00,23.3,16.4,344.0,7.3,7.8,165.0
2023-10-11T15:00,18.6,13.0,331.0,4.5,5.9,169.0
2023-10-11T16:00,16.6,11.6,307.0,2.4,4.9,170.0
2023-10-11T17:00,16.2,11.3,283.0,1.4,4.5,168.0
2023-10-11T18:00,16.4,11.5,292.0,5.1,4.5,161.0
2023-10-11T19:00,18.0,12.5,352.0,16.0,5.0,146.0
2023-10-11T20:00,21.8,15.0,447.0,31.5,6.0,124.0
2023-10-11T21:00,32.7,22.4,557.0,47.4,7.6,100.0
2023-10-11T22:00,48.3,33.3,691.0,63.7,10.3,70.0
2023-10-11T23:00,55.4,38.1,841.0,80.4,13.6,38.0
2023-10-12T00:00,59.6,41.6,1274.0,128.6,23.1,14.0
2023-10-12T01:00,63.3,44.2,1318.0,127.4,23.0,14.0
2023-10-12T02:00,63.6,44.4,1372.0,124.9,22.8,15.0
2023-10-12T03:00,61.0,42.6,1359.0,117.1,21.7,18.0
2023-10-12T04:00,55.5,38.9,1222.0,99.8,19.2,24.0
2023-10-12T05:00,47.0,32.9,1018.0,77.1,15.8,31.0
2023-10-12T06:00,38.1,26.7,838.0,58.1,13.1,37.0
2023-10-12T07:00,31.3,21.9,712.0,46.3,11.4,37.0
2023-10-12T08:00,26.7,18.7,611.0,38.1,10.4,36.0
2023-10-12T09:00,24.6,17.3,539.0,31.4,10.1,48.0
2023-10-12T10:00,29.6,20.7,512.0,25.8,11.2,88.0
2023-10-12T11:00,35.0,24.6,515.0,21.7,13.1,141.0
2023-10-12T12:00,55.6,38.8,630.0,28.9,18.1,154.0
2023-10-12T13:00,54.8,38.3,558.0,23.2,16.1,162.0
2023-10-12T14:00,50.3,35.3,457.0,15.4,13.2,173.0
2023-10-12T15:00,42.5,29.7,377.0,9.6,10.6,177.0
2023-10-12T16:00,35.0,24.6,332.0,6.9,8.5,171.0
2023-10-12T17:00,29.4,20.6,308.0,6.1,6.8,159.0
2023-10-12T18:00,25.6,17.9,303.0,8.1,5.7,143.0
2023-10-12T19:00,23.5,16.4,334.0,15.0,5.8,123.0
2023-10-12T20:00,23.6,16.4,385.0,24.5,6.6,100.0
2023-10-12T21:00,25.3,17.5,410.0,30.8,7.3,80.0
2023-10-12T22:00,21.6,15.0,386.0,30.9,7.9,65.0
2023-10-12T23:00,14.6,10.1,336.0,27.7,8.4,54.0
2023-10-13T00:00,6.6,4.7,262.0,22.0,7.7,47.0
2023-10-13T01:00,4.9,3.4,233.0,19.4,7.0,48.0
2023-10-13T02:00,3.9,2.7,192.0,15.8,6.0,49.0
2023-10-13T03:00,3.8,2.6,159.0,12.8,5.1,50.0
2023-10-13T04:00,3.9,2.6,142.0,10.7,4.1,52.0
2023-10-13T05:00,4.2,2.7,133.0,9.2,3.2,54.0
2023-10-13T06:00,3.7,2.5,128.0,8.5,2.8,55.0
2023-10-13T07:00,5.2,3.3,125.0,9.0,3.2,56.0
2023-10-13T08:00,5.9,3.8,125.0,10.4,4.0,56.0
2023-10-13T09:00,6.9,4.5,132.0,12.1,4.9,56.0
2023-10-13T10:00,7.0,4.6,151.0,14.6,5.8,55.0
2023-10-13T11:00,9.4,6.0,176.0,17.5,6.6,53.0
2023-10-13T12:00,9.7,6.3,185.0,19.1,6.2,51.0
2023-10-13T13:00,11.6,7.5,179.0,17.8,6.4,54.0
2023-10-13T14:00,13.4,8.7,170.0,16.0,6.7,59.0
2023-10-13T15:00,16.9,10.6,164.0,14.8,6.8,62.0
2023-10-13T16:00,16.5,10.3,161.0,14.3,6.7,62.0
2023-10-13T17:00,16.5,10.2,161.0,14.4,6.5,60.0
2023-10-13T18:00,15.9,9.9,164.0,15.4,6.4,56.0
2023-10-13T19:00,15.8,9.8,176.0,18.4,6.6,50.0
2023-10-13T20:00,16.4,10.2,191.0,22.4,6.9,43.0
2023-10-13T21:00,15.5,9.6,198.0,24.5,7.1,38.0
2023-10-13T22:00,12.7,7.9,188.0,23.2,7.0,38.0
2023-10-13T23:00,10.9,6.9,169.0,20.0,6.7,40.0
2023-10-14T00:00,9.3,5.9,145.0,16.0,5.7,44.0
2023-10-14T01:00,8.4,5.4,143.0,15.1,5.3,45.0
2023-10-14T02:00,8.1,5.3,139.0,13.8,4.8,47.0
2023-10-14T03:00,7.5,4.8,136.0,12.7,4.5,49.0
2023-10-14T04:00,7.5,4.8,134.0,11.9,4.5,50.0
2023-10-14T05:00,7.3,4.7,131.0,11.2,4.7,52.0
2023-10-14T06:00,7.2,4.7,131.0,11.1,5.0,52.0
2023-10-14T07:00,7.3,4.7,130.0,11.6,5.4,51.0
2023-10-14T08:00,7.7,5.0,131.0,12.6,5.8,50.0
2023-10-14T09:00,8.8,5.7,140.0,13.9,6.2,49.0
2023-10-14T10:00,11.0,7.2,169.0,16.1,6.6,48.0
2023-10-14T11:00,15.0,10.0,206.0,18.7,7.0,48.0
2023-10-14T12:00,12.1,8.0,214.0,20.2,8.3,46.0
2023-10-14T13:00,14.8,9.7,203.0,17.4,7.7,56.0
2023-10-14T14:00,15.4,10.2,187.0,13.5,7.0,70.0
2023-10-14T15:00,17.5,11.7,175.0,11.0,6.4,78.0
2023-10-14T16:00,19.2,12.7,168.0,10.6,6.2,77.0
2023-10-14T17:00,19.2,12.5,164.0,11.6,6.2,70.0
2023-10-14T18:00,17.8,11.4,165.0,13.4,6.2,62.0
2023-10-14T19:00,16.9,10.8,174.0,16.8,6.2,52.0
2023-10-14T20:00,15.3,9.8,188.0,21.1,6.3,42.0
2023-10-14T21:00,14.8,9.7,195.0,23.8,6.4,34.0
2023-10-14T22:00,12.7,8.4,189.0,23.6,6.5,32.0
2023-10-14T23:00,11.4,7.5,176.0,21.8,6.7,34.0
2023-10-15T00:00,12.3,8.0,150.0,17.4,5.2,38.0
2023-10-15T01:00,12.7,8.4,148.0,17.0,5.2,38.0
2023-10-15T02:00,13.2,8.9,145.0,16.4,5.2,39.0
2023-10-15T03:00,13.5,9.1,141.0,15.9,5.4,39.0
2023-10-15T04:00,13.7,9.3,135.0,15.5,5.8,38.0
2023-10-15T05:00,13.6,9.3,129.0,15.2,6.3,37.0
2023-10-15T06:00,13.8,9.5,127.0,15.6,7.0,35.0
2023-10-15T07:00,14.1,9.7,130.0,17.5,8.0,31.0
2023-10-15T08:00,15.2,10.5,137.0,20.1,9.3,26.0
2023-10-15T09:00,16.7,11.6,151.0,22.1,10.5,26.0
2023-10-15T10:00,18.9,13.2,177.0,23.0,11.8,32.0
2023-10-15T11:00,20.2,14.0,210.0,23.1,13.2,42.0
2023-10-15T12:00,23.5,16.3,232.0,18.1,12.1,72.0
2023-10-15T13:00,28.3,19.7,241.0,17.3,12.3,86.0
2023-10-15T14:00,34.5,23.6,252.0,16.2,12.4,105.0
2023-10-15T15:00,36.7,24.9,261.0,15.3,12.3,120.0
2023-10-15T16:00,37.0,24.7,261.0,14.3,11.5,128.0
2023-10-15T17:00,35.4,23.3,258.0,13.5,10.3,132.0
2023-10-15T18:00,34.3,22.5,260.0,14.7,9.5,128.0
2023-10-15T19:00,34.1,22.3,272.0,19.3,9.2,113.0
2023-10-15T20:00,33.6,22.2,289.0,25.8,9.2,92.0
2023-10-15T21:00,33.6,22.4,302.0,31.4,9.5,71.0
2023-10-15T22:00,33.2,22.2,308.0,35.0,10.1,54.0
2023-10-15T23:00,30.5,20.6,311.0,37.7,10.9,38.0
2023-10-16T00:00,28.1,19.0,283.0,34.7,10.7,29.0
2023-10-16T01:00,28.5,19.3,282.0,34.3,10.9,27.0
2023-10-16T02:00,30.2,20.5,280.0,33.8,11.1,25.0
2023-10-16T03:00,31.5,21.7,277.0,33.1,11.4,23.0
2023-10-16T04:00,33.3,23.1,272.0,32.1,11.8,22.0
2023-10-16T05:00,34.9,24.2,267.0,30.9,12.2,21.0
2023-10-16T06:00,36.6,25.3,266.0,30.3,12.8,20.0
2023-10-16T07:00,37.8,26.3,270.0,31.3,13.6,13.0
2023-10-16T08:00,39.0,27.1,279.0,33.0,14.6,5.0
2023-10-16T09:00,33.6,23.3,294.0,33.0,15.6,14.0
2023-10-16T10:00,36.4,25.3,321.0,30.3,17.1,55.0
2023-10-16T11:00,45.4,31.5,355.0,26.1,18.8,112.0
2023-10-16T12:00,50.2,34.9,393.0,17.4,18.8,195.0
2023-10-16T13:00,48.3,33.8,372.0,13.8,16.2,202.0
2023-10-16T14:00,40.4,28.2,343.0,8.9,12.6,210.0
2023-10-16T15:00,30.5,21.3,317.0,5.5,9.6,211.0
2023-10-16T16:00,25.6,17.9,291.0,3.9,7.6,198.0
2023-10-16T17:00,24.2,16.8,268.0,3.8,6.3,176.0
2023-10-16T18:00,22.5,15.6,275.0,7.4,5.8,155.0
2023-10-16T19:00,22.6,15.7,338.0,18.3,6.7,134.0
2023-10-16T20:00,29.4,20.3,430.0,33.0,8.5,112.0
2023-10-16T21:00,42.1,29.2,500.0,43.0,10.0,97.0
2023-10-16T22:00,49.2,34.1,526.0,44.2,10.6,92.0
2023-10-16T23:00,49.8,34.5,529.0,40.8,11.0,92.0
2023-10-17T00:00,11.5,7.8,305.0,20.5,8.5,106.0
2023-10-17T01:00,13.8,9.6,338.0,24.2,9.6,96.0
2023-10-17T02:00,17.6,12.3,384.0,29.3,11.1,81.0
2023-10-17T03:00,20.4,14.3,415.0,32.4,12.5,69.0
2023-10-17T04:00,21.8,15.2,415.0,31.6,13.7,62.0
2023-10-17T05:00,26.5,18.5,400.0,28.8,14.9,58.0
2023-10-17T06:00,30.3,21.2,392.0,27.2,15.7,53.0
2023-10-17T07:00,30.4,21.2,402.0,28.6,16.0,40.0
2023-10-17T08:00,32.6,22.8,419.0,31.1,16.1,26.0
2023-10-17T09:00,33.1,23.2,435.0,31.8,16.0,31.0
2023-10-17T10:00,38.8,27.1,454.0,29.2,16.3,72.0
2023-10-17T11:00,46.9,32.8,471.0,24.8,16.6,131.0
2023-10-17T12:00,20.9,14.6,385.0,25.6,12.9,88.0
2023-10-17T13:00,22.1,15.4,348.0,20.6,10.7,94.0
2023-10-17T14:00,17.3,12.1,296.0,13.7,7.6,101.0
2023-10-17T15:00,15.5,10.9,258.0,8.9,5.4,105.0
2023-10-17T16:00,15.0,10.5,241.0,7.4,4.8,103.0
2023-10-17T17:00,15.0,10.5,237.0,7.9,5.0,99.0
2023-10-17T18:00,14.5,10.1,253.0,11.2,5.4,91.0
2023-10-17T19:00,15.8,11.0,308.0,19.5,6.0,79.0
2023-10-17T20:00,17.9,12.5,383.0,30.5,6.9,65.0
2023-10-17T21:00,22.8,15.9,430.0,37.7,7.7,54.0
2023-10-17T22:00,26.0,18.2,419.0,37.3,8.2,49.0
2023-10-17T23:00,21.7,15.1,378.0,33.2,8.6,47.0
2023-10-18T00:00,10.2,7.1,257.0,15.2,5.4,62.0
2023-10-18T01:00,12.8,8.8,270.0,17.3,6.5,59.0
2023-10-18T02:00,15.5,10.8,288.0,20.3,8.0,54.0
2023-10-18T03:00,17.8,12.3,301.0,22.5,9.2,50.0
2023-10-18T04:00,19.2,13.4,307.0,23.4,10.0,46.0
2023-10-18T05:00,21.5,15.0,309.0,23.6,10.6,42.0
2023-10-18T06:00,24.2,16.9,307.0,23.4,10.8,40.0
2023-10-18T07:00,25.2,17.6,299.0,22.6,10.3,41.0
2023-10-18T08:00,27.8,19.4,288.0,21.4,9.4,45.0
2023-10-18T09:00,29.3,20.3,284.0,20.1,8.5,50.0
2023-10-18T10:00,26.9,18.6,295.0,18.8,7.6,57.0
2023-10-18T11:00,22.6,15.7,313.0,17.4,6.8,65.0
2023-10-18T12:00,28.2,19.5,364.0,20.3,7.3,75.0
2023-10-18T13:00,25.5,17.5,342.0,17.3,7.4,84.0
2023-10-18T14:00,24.3,16.7,311.0,13.2,7.6,97.0
2023-10-18T15:00,23.8,16.4,285.0,10.3,7.7,107.0
2023-10-18T16:00,23.8,16.2,269.0,9.2,7.6,112.0
2023-10-18T17:00,23.2,15.7,258.0,9.3,7.5,113.0
2023-10-18T18:00,22.6,15.2,251.0,11.1,7.4,108.0
2023-10-18T19:00,20.7,13.9,251.0,16.0,7.5,90.0
2023-10-18T20:00,19.0,12.7,254.0,22.5,7.6,66.0
2023-10-18T21:00,19.6,13.2,250.0,26.6,7.6,47.0
2023-10-18T22:00,13.2,9.0,231.0,26.0,7.3,41.0
2023-10-18T23:00,9.9,6.6,204.0,22.9,6.8,40.0
2023-10-19T00:00,9.4,6.2,173.0,17.5,5.5,45.0
2023-10-19T01:00,9.9,6.4,169.0,16.6,5.4,46.0
2023-10-19T02:00,11.0,7.1,163.0,15.4,5.2,47.0
2023-10-19T03:00,10.9,7.0,157.0,14.3,5.1,48.0
2023-10-19T04:00,10.8,6.9,150.0,13.4,5.1,48.0
2023-10-19T05:00,10.4,6.7,143.0,12.7,5.2,48.0
2023-10-19T06:00,10.2,6.5,138.0,12.4,5.3,48.0
2023-10-19T07:00,10.5,6.6,136.0,12.6,5.5,48.0
2023-10-19T08:00,10.5,6.7,137.0,13.2,5.9,47.0
2023-10-19T09:00,10.8,6.8,145.0,14.0,6.2,48.0
2023-10-19T10:00,10.7,6.8,167.0,15.3,6.6,50.0
2023-10-19T11:00,12.1,7.8,196.0,16.8,7.0,53.0
2023-10-19T12:00,14.0,9.1,211.0,17.7,7.2,56.0
2023-10-19T13:00,18.6,12.1,210.0,16.0,7.5,67.0
2023-10-19T14:00,19.6,12.7,208.0,13.6,8.0,82.0
2023-10-19T15:00,21.8,14.3,206.0,12.0,8.2,92.0
2023-10-19T16:00,22.5,14.7,202.0,11.5,7.9,93.0
2023-10-19T17:00,22.2,14.4,197.0,11.7,7.4,88.0
2023-10-19T18:00,19.6,12.8,197.0,13.1,6.9,81.0
2023-10-19T19:00,18.0,11.8,207.0,16.6,6.6,71.0
2023-10-19T20:00,18.1,11.9,221.0,21.2,6.4,58.0
2023-10-19T21:00,18.3,12.2,229.0,24.3,6.3,48.0
2023-10-19T22:00,17.9,11.8,225.0,24.5,6.4,43.0
2023-10-19T23:00,17.5,11.5,215.0,23.3,6.5,42.0
2023-10-20T00:00,17.8,11.9,207.0,21.8,7.1,41.0
2023-10-20T01:00,17.8,11.9,203.0,21.1,7.2,41.0
2023-10-20T02:00,17.2,11.6,198.0,20.2,7.3,41.0
2023-10-20T03:00,17.0,11.5,192.0,19.1,7.4,41.0
2023-10-20T04:00,17.3,11.7,184.0,17.7,7.2,42.0
2023-10-20T05:00,17.6,11.8,175.0,16.3,7.0,44.0
2023-10-20T06:00,16.8,11.3,170.0,15.6,6.9,45.0
2023-10-20T07:00,15.3,10.3,169.0,16.3,7.2,43.0
2023-10-20T08:00,14.0,9.4,173.0,17.7,7.6,41.0
2023-10-20T09:00,14.6,9.9,183.0,18.7,8.1,43.0
2023-10-20T10:00,15.8,10.8,206.0,19.0,8.6,51.0
2023-10-20T11:00,19.3,13.2,237.0,19.1,9.1,64.0
2023-10-20T12:00,18.9,13.0,256.0,19.7,9.4,68.0
2023-10-20T13:00,24.2,16.7,260.0,18.4,9.2,80.0
2023-10-20T14:00,28.8,19.8,265.0,16.7,8.9,95.0
2023-10-20T15:00,30.6,20.8,265.0,15.6,8.5,103.0
2023-10-20T16:00,31.0,20.8,253.0,15.3,8.1,98.0
2023-10-20T17:00,26.0,17.3,236.0,15.6,7.6,85.0
2023-10-20T18:00,19.4,12.9,225.0,16.7,7.2,72.0
2023-10-20T19:00,16.2,10.8,227.0,19.3,7.0,60.0
2023-10-20T20:00,14.7,9.8,235.0,22.7,6.8,48.0
2023-10-20T21:00,15.7,10.5,239.0,25.2,6.9,39.0
2023-10-20T22:00,17.3,11.6,236.0,26.0,7.3,34.0
2023-10-20T23:00,18.0,12.0,230.0,25.8,7.8,31.0
2023-10-21T00:00,14.7,9.9,216.0,24.1,8.1,32.0
2023-10-21T01:00,13.6,9.1,209.0,23.0,7.9,33.0
2023-10-21T02:00,13.2,8.8,200.0,21.5,7.6,33.0
2023-10-21T03:00,13.3,9.0,191.0,20.1,7.4,34.0
2023-10-21T04:00,13.7,9.3,183.0,18.9,7.4,34.0
2023-10-21T05:00,14.4,9.8,176.0,17.9,7.5,34.0
2023-10-21T06:00,15.5,10.5,173.0,17.6,7.7,34.0
2023-10-21T07:00,16.7,11.4,176.0,18.8,8.0,32.0
2023-10-21T08:00,18.0,12.3,184.0,20.7,8.3,29.0
2023-10-21T09:00,20.0,13.8,196.0,21.8,8.6,30.0
2023-10-21T10:00,21.2,14.6,215.0,21.5,8.7,38.0
2023-10-21T11:00,23.1,15.9,238.0,20.5,8.7,51.0
2023-10-21T12:00,21.3,14.7,246.0,16.4,8.5,76.0
2023-10-21T13:00,24.6,16.9,248.0,15.1,8.6,87.0
2023-10-21T14:00,26.9,18.3,249.0,13.2,8.7,103.0
2023-10-21T15:00,28.5,19.3,248.0,12.0,8.7,112.0
2023-10-21T16:00,28.3,18.9,241.0,11.6,8.3,111.0
2023-10-21T17:00,28.1,18.4,230.0,11.9,7.8,105.0
2023-10-21T18:00,25.2,16.4,222.0,13.2,7.3,94.0
2023-10-21T19:00,21.7,14.1,221.0,16.6,6.9,77.0
2023-10-21T20:00,20.1,13.1,222.0,21.2,6.5,57.0
2023-10-21T21:00,18.9,12.4,220.0,24.3,6.3,41.0
2023-10-21T22:00,16.8,11.0,212.0,24.7,6.3,35.0
2023-10-21T23:00,16.1,10.6,200.0,23.7,6.5,33.0
2023-10-22T00:00,14.8,9.7,181.0,19.6,5.7,36.0
2023-10-22T01:00,14.7,9.7,178.0,18.7,5.5,36.0
2023-10-22T02:00,15.4,10.3,173.0,17.5,5.4,37.0
2023-10-22T03:00,16.0,10.8,169.0,16.8,5.5,37.0
2023-10-22T04:00,17.3,11.8,164.0,16.7,6.2,36.0
2023-10-22T05:00,17.8,12.3,160.0,17.0,7.2,35.0
2023-10-22T06:00,17.9,12.5,163.0,18.0,8.2,32.0
2023-10-22T07:00,18.0,12.7,176.0,20.6,9.2,24.0
2023-10-22T08:00,19.0,13.5,195.0,24.0,10.2,14.0
2023-10-22T09:00,21.2,15.0,215.0,25.3,11.0,18.0
2023-10-22T10:00,22.2,15.7,236.0,23.0,11.5,44.0
2023-10-22T11:00,23.5,16.4,259.0,18.8,11.9,82.0
2023-10-22T12:00,22.8,15.9,243.0,13.2,10.9,120.0
2023-10-22T13:00,29.0,20.3,248.0,10.9,10.8,143.0
2023-10-22T14:00,31.8,22.2,255.0,7.8,10.6,175.0
2023-10-22T15:00,32.4,22.2,258.0,5.9,10.4,194.0
2023-10-22T16:00,33.2,22.4,250.0,5.7,10.1,192.0
2023-10-22T17:00,34.0,22.5,238.0,6.7,9.7,179.0
2023-10-22T18:00,34.7,22.8,233.0,9.2,9.4,160.0
2023-10-22T19:00,33.8,22.0,243.0,14.5,9.2,136.0
2023-10-22T20:00,31.7,20.8,261.0,21.3,9.0,106.0
2023-10-22T21:00,30.4,20.3,271.0,26.5,8.9,81.0
2023-10-22T22:00,28.6,19.2,265.0,28.1,8.6,62.0
2023-10-22T23:00,26.4,17.6,251.0,28.1,8.4,48.0
2023-10-23T00:00,27.7,18.9,281.0,32.7,9.6,32.0
2023-10-23T01:00,30.0,20.5,288.0,33.7,10.0,29.0
2023-10-23T02:00,32.5,22.4,298.0,35.0,10.6,25.0
2023-10-23T03:00,35.0,24.2,303.0,35.9,11.3,22.0
2023-10-23T04:00,36.2,25.1,299.0,35.8,12.0,21.0
2023-10-23T05:00,38.3,26.6,290.0,35.2,12.8,22.0
2023-10-23T06:00,40.6,28.3,288.0,35.0,13.8,22.0
2023-10-23T07:00,43.4,30.2,297.0,36.4,15.0,13.0
2023-10-23T08:00,46.4,32.4,313.0,38.1,16.3,5.0
2023-10-23T09:00,50.5,35.3,333.0,37.3,17.6,20.0
2023-10-23T10:00,58.9,41.1,361.0,31.6,19.1,82.0
2023-10-23T11:00,62.9,43.8,393.0,23.3,20.4,169.0
2023-10-23T12:00,63.1,44.0,382.0,17.7,21.0,224.0
2023-10-23T13:00,60.5,42.1,359.0,14.1,18.1,229.0
2023-10-23T14:00,50.6,35.4,327.0,9.1,14.1,235.0
2023-10-23T15:00,39.2,27.4,298.0,5.6,10.7,235.0
2023-10-23T16:00,30.7,21.5,269.0,4.0,8.5,222.0
2023-10-23T17:00,27.5,19.0,243.0,3.8,7.0,202.0
2023-10-23T18:00,27.3,18.6,239.0,6.1,6.4,185.0
2023-10-23T19:00,30.3,20.5,271.0,12.8,7.0,174.0
2023-10-23T20:00,38.5,26.0,326.0,21.9,8.4,165.0
2023-10-23T21:00,45.2,30.4,381.0,28.8,9.7,155.0
2023-10-23T22:00,55.1,37.8,432.0,31.3,10.7,143.0
2023-10-23T23:00,61.0,42.1,484.0,31.5,11.7,131.0
2023-10-24T00:00,68.7,47.3,645.0,44.4,15.7,82.0
2023-10-24T01:00,77.8,53.3,677.0,43.1,16.1,79.0
2023-10-24T02:00,84.3,58.0,719.0,41.2,16.7,75.0
2023-10-24T03:00,86.6,59.8,732.0,38.2,17.1,72.0
2023-10-24T04:00,84.8,58.8,686.0,32.6,17.4,74.0
2023-10-24T05:00,80.3,55.9,612.0,26.0,17.5,78.0
2023-10-24T06:00,75.9,52.9,565.0,22.4,17.4,78.0
2023-10-24T07:00,74.5,51.9,584.0,25.2,16.8,64.0
2023-10-24T08:00,75.0,52.2,629.0,31.1,15.9,46.0
2023-10-24T09:00,77.5,54.1,641.0,33.7,15.5,51.0
2023-10-24T10:00,83.1,57.9,583.0,29.7,16.6,105.0
2023-10-24T11:00,72.2,50.2,491.0,22.4,18.2,182.0
2023-10-24T12:00,47.6,33.3,421.0,14.6,15.6,222.0
2023-10-24T13:00,39.7,27.8,377.0,11.6,12.9,214.0
2023-10-24T14:00,31.4,21.9,316.0,7.5,9.2,202.0
2023-10-24T15:00,28.2,19.7,269.0,4.7,6.3,188.0
2023-10-24T16:00,24.4,17.0,245.0,3.7,4.8,171.0
2023-10-24T17:00,21.5,15.0,235.0,4.0,4.0,151.0
2023-10-24T18:00,20.8,14.5,246.0,6.7,3.8,132.0
2023-10-24T19:00,22.1,15.4,287.0,13.0,4.1,116.0
2023-10-24T20:00,24.8,17.3,348.0,21.7,4.9,100.0
2023-10-24T21:00,28.1,19.6,412.0,29.9,6.0,85.0
2023-10-24T22:00,32.6,22.8,482.0,37.8,7.8,68.0
2023-10-24T23:00,36.3,25.4,555.0,45.2,10.0,50.0
2023-10-25T00:00,35.5,24.8,413.0,28.3,8.0,59.0
2023-10-25T01:00,37.4,26.1,429.0,30.1,8.1,52.0
2023-10-25T02:00,38.9,27.2,450.0,32.4,8.3,41.0
2023-10-25T03:00,39.1,27.4,455.0,32.8,8.4,35.0
2023-10-25T04:00,37.1,25.9,427.0,29.2,8.3,36.0
2023-10-25T05:00,34.1,23.8,383.0,23.6,8.2,42.0
2023-10-25T06:00,32.1,22.5,350.0,19.8,8.2,45.0
2023-10-25T07:00,27.9,19.5,343.0,20.1,8.5,42.0
2023-10-25T08:00,25.1,17.6,348.0,22.2,9.0,38.0
2023-10-25T09:00,22.9,16.0,350.0,23.3,9.1,40.0
2023-10-25T10:00,20.7,14.5,344.0,21.8,8.5,54.0
2023-10-25T11:00,18.7,13.1,336.0,19.3,7.5,74.0
2023-10-25T12:00,20.7,14.3,312.0,16.1,5.6,79.0
2023-10-25T13:00,20.1,14.0,306.0,14.0,4.8,87.0
2023-10-25T14:00,23.8,16.5,297.0,11.1,3.7,99.0
2023-10-25T15:00,26.1,18.0,288.0,9.2,3.1,108.0
2023-10-25T16:00,28.1,19.4,279.0,8.5,3.5,114.0
2023-10-25T17:00,29.0,20.0,270.0,8.7,4.3,118.0
2023-10-25T18:00,25.0,17.2,269.0,10.8,5.2,116.0
2023-10-25T19:00,25.7,17.8,281.0,16.0,5.8,105.0
2023-10-25T20:00,28.1,19.4,301.0,23.1,6.4,87.0
2023-10-25T21:00,29.8,20.5,317.0,29.3,7.2,70.0
2023-10-25T22:00,31.9,21.9,325.0,33.6,8.4,54.0
2023-10-25T23:00,34.5,23.7,329.0,37.0,9.9,37.0
2023-10-26T00:00,37.7,26.1,322.0,35.8,11.2,32.0
2023-10-26T01:00,39.8,27.6,329.0,37.0,11.7,26.0
2023-10-26T02:00,40.0,27.9,337.0,38.6,12.5,19.0
2023-10-26T03:00,39.3,27.5,338.0,39.0,13.0,14.0
2023-10-26T04:00,38.1,26.6,321.0,37.0,13.1,15.0
2023-10-26T05:00,37.4,26.1,296.0,33.7,13.1,18.0
2023-10-26T06:00,35.6,24.9,281.0,31.3,13.1,22.0
2023-10-26T07:00,26.0,18.2,282.0,30.8,13.5,23.0
2023-10-26T08:00,18.2,12.7,292.0,31.1,14.1,24.0
2023-10-26T09:00,16.5,11.5,309.0,31.1,14.1,29.0
2023-10-26T10:00,21.9,15.3,338.0,30.3,13.3,42.0
2023-10-26T11:00,27.8,19.4,373.0,29.2,11.9,58.0
2023-10-26T12:00,32.7,22.8,401.0,32.0,13.8,76.0
2023-10-26T13:00,37.6,26.2,397.0,27.9,13.6,96.0
2023-10-26T14:00,41.4,28.9,391.0,22.3,13.2,123.0
2023-10-26T15:00,42.3,29.3,378.0,17.9,12.5,140.0
2023-10-26T16:00,40.4,28.0,353.0,15.5,11.2,140.0
2023-10-26T17:00,34.0,23.5,323.0,14.4,9.7,131.0
2023-10-26T18:00,25.8,17.8,299.0,15.5,8.6,116.0
2023-10-26T19:00,22.7,15.5,291.0,20.7,8.3,94.0
2023-10-26T20:00,19.0,13.0,290.0,28.1,8.5,66.0
2023-10-26T21:00,16.3,11.0,286.0,33.4,8.7,44.0
2023-10-26T22:00,16.4,11.0,276.0,34.6,8.7,33.0
2023-10-26T23:00,17.1,11.6,263.0,33.7,8.7,27.0
2023-10-27T00:00,19.4,12.9,245.0,31.3,9.1,25.0
2023-10-27T01:00,17.9,12.0,237.0,30.0,8.9,26.0
2023-10-27T02:00,18.0,12.1,226.0,28.2,8.6,27.0
2023-10-27T03:00,18.0,12.1,214.0,26.1,8.3,28.0
2023-10-27T04:00,17.5,11.7,199.0,23.5,8.0,31.0
2023-10-27T05:00,16.7,11.2,183.0,20.7,7.8,34.0
2023-10-27T06:00,15.8,10.6,174.0,19.1,7.7,36.0
2023-10-27T07:00,15.7,10.6,173.0,19.9,7.9,34.0
2023-10-27T08:00,16.2,10.9,179.0,21.9,8.3,30.0
2023-10-27T09:00,18.0,12.3,193.0,23.1,8.7,32.0
2023-10-27T10:00,20.4,14.0,222.0,22.7,9.1,42.0
2023-10-27T11:00,21.5,14.9,260.0,21.6,9.5,58.0
2023-10-27T12:00,25.4,17.8,312.0,21.1,10.9,83.0
2023-10-27T13:00,33.4,23.4,338.0,18.2,10.6,104.0
2023-10-27T14:00,41.0,28.6,373.0,14.3,10.1,133.0
2023-10-27T15:00,43.2,30.2,396.0,11.6,9.6,151.0
2023-10-27T16:00,44.2,30.9,394.0,11.0,9.1,151.0
2023-10-27T17:00,46.0,31.9,378.0,11.6,8.5,141.0
2023-10-27T18:00,39.9,27.5,364.0,13.5,7.9,127.0
2023-10-27T19:00,32.7,22.5,353.0,17.1,6.9,110.0
2023-10-27T20:00,29.0,20.0,343.0,22.0,5.9,89.0
2023-10-27T21:00,18.0,12.5,341.0,27.1,5.9,70.0
2023-10-27T22:00,13.3,9.3,356.0,33.1,7.7,52.0
2023-10-27T23:00,14.8,10.4,379.0,39.3,10.4,36.0
2023-10-28T00:00,11.1,7.7,316.0,35.3,10.2,28.0
2023-10-28T01:00,12.7,8.9,319.0,35.6,10.7,26.0
2023-10-28T02:00,14.7,10.3,324.0,35.9,11.4,24.0
2023-10-28T03:00,15.3,10.7,330.0,34.9,11.7,24.0
2023-10-28T04:00,17.0,11.9,337.0,31.4,11.1,26.0
2023-10-28T05:00,19.4,13.6,347.0,26.7,10.1,30.0
2023-10-28T06:00,21.0,14.7,360.0,23.1,9.3,34.0
2023-10-28T07:00,21.2,14.8,384.0,22.1,8.9,36.0
2023-10-28T08:00,20.0,14.0,411.0,22.2,8.7,39.0
2023-10-28T09:00,18.7,13.1,428.0,21.2,8.3,48.0
2023-10-28T10:00,15.5,10.8,427.0,17.8,7.5,69.0
2023-10-28T11:00,14.8,10.3,414.0,13.2,6.5,95.0
2023-10-28T12:00,13.3,9.3,377.0,10.0,5.2,102.0
2023-10-28T13:00,12.7,8.9,354.0,8.2,4.7,106.0
2023-10-28T14:00,11.2,7.9,322.0,5.7,3.9,111.0
2023-10-28T15:00,11.2,7.9,297.0,4.3,3.4,113.0
2023-10-28T16:00,10.5,7.4,284.0,4.3,3.3,109.0
2023-10-28T17:00,9.9,6.9,279.0,5.2,3.5,101.0
2023-10-28T18:00,8.6,6.0,286.0,7.7,3.8,92.0
2023-10-28T19:00,8.7,6.1,311.0,12.6,4.4,80.0
2023-10-28T20:00,10.6,7.4,347.0,19.1,5.1,67.0
2023-10-28T21:00,13.4,9.4,379.0,24.5,6.0,55.0
2023-10-28T22:00,17.4,12.2,410.0,28.7,7.4,45.0
2023-10-28T23:00,20.5,14.4,437.0,31.9,8.9,36.0
2023-10-29T00:00,13.5,9.5,328.0,19.3,6.5,45.0
2023-10-29T01:00,13.4,9.4,313.0,17.0,5.9,46.0
2023-10-29T02:00,12.7,8.9,292.0,13.9,5.1,47.0
2023-10-29T03:00,11.8,8.3,274.0,11.2,4.5,49.0
2023-10-29T04:00,11.8,8.3,261.0,9.5,4.1,51.0
2023-10-29T05:00,12.8,9.0,251.0,8.3,4.0,54.0
2023-10-29T06:00,13.2,9.2,245.0,7.7,3.9,56.0
2023-10-29T07:00,13.6,9.5,245.0,8.2,4.0,55.0
2023-10-29T08:00,12.8,9.0,249.0,9.3,4.3,53.0
2023-10-29T09:00,12.3,8.6,257.0,10.1,4.6,56.0
2023-10-29T10:00,12.7,8.9,272.0,10.1,4.9,67.0
2023-10-29T11:00,14.4,10.1,291.0,9.7,5.2,82.0
2023-10-29T12:00,16.6,11.6,305.0,10.9,5.3,78.0
2023-10-29T13:00,20.9,14.6,302.0,8.6,4.7,90.0
2023-10-29T14:00,26.1,18.2,297.0,5.6,3.9,107.0
2023-10-29T15:00,26.7,18.6,296.0,3.7,3.3,116.0
2023-10-29T16:00,25.6,17.8,297.0,3.8,2.9,111.0
2023-10-29T17:00,22.9,15.9,301.0,5.1,2.7,98.0
2023-10-29T18:00,20.9,14.6,313.0,7.5,2.8,85.0
2023-10-29T19:00,21.6,15.1,340.0,11.8,3.4,76.0
2023-10-29T20:00,22.8,15.9,375.0,17.1,4.3,67.0
2023-10-29T21:00,23.4,16.4,399.0,20.9,5.1,59.0
2023-10-29T22:00,24.0,16.8,402.0,22.0,5.6,53.0
2023-10-29T23:00,24.0,16.9,394.0,21.6,6.1,48.0
2023-10-30T00:00,26.2,18.3,462.0,30.2,7.4,31.0
2023-10-30T01:00,27.4,19.2,456.0,29.5,7.3,31.0
2023-10-30T02:00,27.1,19.0,447.0,28.5,7.2,30.0
2023-10-30T03:00,26.1,18.4,434.0,26.9,7.2,30.0
2023-10-30T04:00,25.3,17.9,410.0,23.8,7.3,32.0
2023-10-30T05:00,25.0,17.6,382.0,20.1,7.4,34.0
2023-10-30T06:00,24.4,17.2,369.0,18.3,7.7,35.0
2023-10-30T07:00,24.2,17.1,384.0,20.4,8.3,30.0
2023-10-30T08:00,24.7,17.4,414.0,24.4,9.0,24.0
2023-10-30T09:00,27.1,19.1,434.0,26.9,9.7,24.0
2023-10-30T10:00,30.4,21.4,436.0,26.4,10.5,36.0
2023-10-30T11:00,29.1,20.4,428.0,24.3,11.2,54.0
2023-10-30T12:00,21.3,14.9,380.0,13.6,8.7,96.0
2023-10-30T13:00,21.1,14.8,359.0,11.5,7.4,96.0
2023-10-30T14:00,22.8,15.9,331.0,8.7,5.7,97.0
2023-10-30T15:00,24.7,17.3,313.0,6.5,4.4,102.0
2023-10-30T16:00,26.5,18.6,309.0,4.7,4.0,116.0
2023-10-30T17:00,28.2,19.7,316.0,3.5,4.1,133.0
2023-10-30T18:00,29.1,20.3,339.0,5.5,4.4,139.0
2023-10-30T19:00,29.2,20.4,382.0,12.3,4.9,124.0
2023-10-30T20:00,29.9,20.9,441.0,22.3,5.7,96.0
2023-10-30T21:00,32.1,22.5,510.0,32.9,6.9,70.0
2023-10-30T22:00,36.7,25.7,602.0,45.2,9.0,47.0
2023-10-30T23:00,39.2,27.5,704.0,58.2,11.5,24.0
2023-10-31T00:00,56.3,39.5,931.0,80.6,14.5,9.0
2023-10-31T01:00,50.1,35.0,823.0,67.3,12.3,15.0
2023-10-31T02:00,43.1,30.2,673.0,48.7,9.4,24.0
2023-10-31T03:00,39.7,27.8,547.0,33.6,7.0,31.0
2023-10-31T04:00,36.1,25.3,471.0,25.3,5.9,36.0
2023-10-31T05:00,32.1,22.5,419.0,20.4,5.3,40.0
2023-10-31T06:00,28.2,19.8,383.0,17.7,5.2,42.0
2023-10-31T07:00,24.3,17.1,362.0,17.9,5.5,38.0
2023-10-31T08:00,22.1,15.6,357.0,20.2,6.1,32.0
2023-10-31T09:00,23.0,16.2,355.0,21.4,6.7,33.0
2023-10-31T10:00,25.6,18.0,356.0,20.0,7.3,48.0
2023-10-31T11:00,22.8,16.0,361.0,17.5,7.8,70.0
2023-10-31T12:00,32.0,22.5,376.0,14.1,8.8,101.0
2023-10-31T13:00,33.9,23.7,362.0,11.1,7.2,105.0
2023-10-31T14:00,31.9,22.4,343.0,7.0,5.0,111.0
2023-10-31T15:00,27.8,19.5,330.0,4.5,3.5,112.0
2023-10-31T16:00,25.7,18.0,326.0,4.7,3.1,104.0
2023-10-31T17:00,23.7,16.6,329.0,6.5,3.4,91.0
2023-10-31T18:00,20.3,14.2,337.0,9.2,3.8,79.0
2023-10-31T19:00,18.6,13.1,356.0,13.4,4.4,71.0
2023-10-31T20:00,16.6,11.6,381.0,18.6,5.1,63.0
2023-10-31T21:00,12.2,8.6,396.0,22.2,5.8,58.0
2023-10-31T22:00,9.8,6.9,394.0,23.3,6.5,54.0
2023-10-31T23:00,7.9,5.5,383.0,22.8,7.1,52.0
2023-11-01T00:00,17.4,12.2,440.0,33.4,9.9,27.0
2023-11-01T01:00,16.6,11.7,426.0,32.1,10.0,29.0
2023-11-01T02:00,14.9,10.4,405.0,30.2,10.1,32.0
2023-11-01T03:00,13.0,9.1,385.0,27.9,10.0,35.0
2023-11-01T04:00,10.2,7.1,365.0,24.7,9.7,39.0
2023-11-01T05:00,9.3,6.5,345.0,21.1,9.3,42.0
2023-11-01T06:00,7.9,5.6,329.0,18.4,8.9,46.0
2023-11-01T07:00,5.9,4.1,318.0,17.3,8.6,48.0
2023-11-01T08:00,5.2,3.7,311.0,17.2,8.2,51.0
2023-11-01T09:00,6.4,4.5,307.0,16.9,7.8,54.0
2023-11-01T10:00,7.6,5.3,309.0,16.2,7.1,60.0
2023-11-01T11:00,8.4,5.8,313.0,15.5,6.3,66.0
2023-11-01T12:00,7.9,5.5,265.0,10.7,3.6,71.0
2023-11-01T13:00,10.4,7.3,254.0,9.9,4.2,80.0
2023-11-01T14:00,13.6,9.4,238.0,8.7,5.1,91.0
2023-11-01T15:00,14.3,9.9,221.0,7.9,5.7,97.0
2023-11-01T16:00,14.6,9.9,203.0,7.5,5.7,93.0
2023-11-01T17:00,13.7,9.3,184.0,7.4,5.3,84.0
2023-11-01T18:00,12.4,8.3,173.0,8.3,5.0,73.0
2023-11-01T19:00,12.0,8.1,175.0,11.2,4.7,60.0
2023-11-01T20:00,11.8,7.9,184.0,15.1,4.5,45.0
2023-11-01T21:00,10.3,6.9,189.0,17.6,4.3,35.0
2023-11-01T22:00,9.2,6.1,185.0,17.5,4.3,33.0
2023-11-01T23:00,9.8,6.5,177.0,16.1,4.4,35.0
2023-11-02T00:00,14.7,9.8,178.0,15.9,4.8,37.0
2023-11-02T01:00,14.5,9.6,175.0,15.4,4.8,37.0
2023-11-02T02:00,13.7,9.1,171.0,14.7,4.8,38.0
2023-11-02T03:00,13.2,8.7,167.0,14.3,5.0,38.0
2023-11-02T04:00,13.0,8.6,162.0,14.5,5.4,37.0
2023-11-02T05:00,12.2,8.1,158.0,15.0,6.0,35.0
2023-11-02T06:00,12.7,8.5,157.0,15.7,6.6,33.0
2023-11-02T07:00,13.0,8.8,160.0,17.1,7.3,29.0
2023-11-02T08:00,13.8,9.4,166.0,18.8,8.1,26.0
2023-11-02T09:00,15.1,10.3,177.0,19.4,8.7,30.0
2023-11-02T10:00,16.2,11.1,198.0,17.8,9.0,46.0
2023-11-02T11:00,19.2,13.1,223.0,15.2,9.1,70.0
2023-11-02T12:00,16.5,11.4,228.0,13.4,7.9,76.0
2023-11-02T13:00,19.9,13.6,231.0,12.7,7.9,84.0
2023-11-02T14:00,25.9,17.7,235.0,11.8,7.9,95.0
2023-11-02T15:00,26.7,18.2,238.0,11.3,7.9,103.0
2023-11-02T16:00,24.7,16.7,239.0,10.9,7.7,109.0
2023-11-02T17:00,25.2,17.0,239.0,11.0,7.6,112.0
2023-11-02T18:00,24.3,16.4,243.0,12.5,7.6,109.0
2023-11-02T19:00,23.4,15.8,253.0,16.6,8.0,96.0
2023-11-02T20:00,21.9,14.8,267.0,22.3,8.6,76.0
2023-11-02T21:00,21.8,14.8,279.0,27.5,9.3,57.0
2023-11-02T22:00,21.8,15.0,286.0,32.0,9.9,40.0
2023-11-02T23:00,22.4,15.4,290.0,36.1,10.6,23.0
2023-11-03T00:00,24.0,16.5,290.0,36.0,10.7,14.0
2023-11-03T01:00,23.6,16.3,288.0,36.4,11.0,11.0
2023-11-03T02:00,23.1,16.1,284.0,36.8,11.4,8.0
2023-11-03T03:00,22.8,15.9,281.0,36.3,11.5,6.0
2023-11-03T04:00,22.7,15.9,275.0,34.0,11.1,6.0
2023-11-03T05:00,22.2,15.6,269.0,30.7,10.4,7.0
2023-11-03T06:00,21.7,15.3,270.0,27.9,9.8,10.0
2023-11-03T07:00,21.0,14.8,287.0,26.8,9.5,15.0
2023-11-03T08:00,20.9,14.6,311.0,26.2,9.4,22.0
2023-11-03T09:00,22.4,15.7,329.0,24.3,9.1,36.0
2023-11-03T10:00,26.3,18.4,337.0,19.8,8.5,65.0
2023-11-03T11:00,25.5,17.8,338.0,14.1,7.8,100.0
2023-11-03T12:00,20.5,14.4,355.0,9.8,8.1,144.0
2023-11-03T13:00,18.2,12.7,330.0,7.8,6.6,139.0
2023-11-03T14:00,16.7,11.7,296.0,5.0,4.6,133.0
2023-11-03T15:00,16.1,11.3,271.0,3.2,3.1,127.0
2023-11-03T16:00,15.3,10.7,262.0,2.7,2.5,123.0
2023-11-03T17:00,14.6,10.2,264.0,3.1,2.3,119.0
2023-11-03T18:00,13.9,9.7,276.0,4.8,2.5,113.0
2023-11-03T19:00,15.2,10.7,307.0,8.9,3.1,102.0
2023-11-03T20:00,16.5,11.5,348.0,14.2,3.9,89.0
2023-11-03T21:00,17.1,12.0,378.0,17.6,4.5,79.0
2023-11-03T22:00,16.6,11.6,386.0,17.3,4.6,74.0
2023-11-03T23:00,16.7,11.7,382.0,15.1,4.5,72.0
2023-11-04T00:00,21.5,15.1,390.0,19.6,6.2,60.0
2023-11-04T01:00,21.4,15.0,386.0,17.2,5.5,61.0
2023-11-04T02:00,19.2,13.5,379.0,13.8,4.5,62.0
2023-11-04T03:00,21.0,14.7,372.0,11.1,3.7,62.0
2023-11-04T04:00,23.0,16.1,363.0,9.6,3.4,60.0
2023-11-04T05:00,21.4,15.0,353.0,8.8,3.3,57.0
2023-11-04T06:00,19.3,13.5,343.0,8.6,3.4,52.0
2023-11-04T07:00,19.4,13.6,334.0,9.6,3.8,43.0
2023-11-04T08:00,18.6,13.1,325.0,11.3,4.4,33.0
2023-11-04T09:00,17.9,12.5,313.0,12.0,4.8,31.0
2023-11-04T10:00,16.5,11.6,297.0,10.8,4.9,44.0
2023-11-04T11:00,15.0,10.4,278.0,8.7,4.8,65.0
2023-11-04T12:00,19.0,13.0,258.0,6.1,4.3,84.0
2023-11-04T13:00,18.5,12.5,238.0,5.2,3.9,93.0
2023-11-04T14:00,16.8,11.3,210.0,3.9,3.4,106.0
2023-11-04T15:00,14.2,9.5,187.0,3.1,3.0,115.0
2023-11-04T16:00,11.7,7.9,169.0,2.4,2.7,119.0
2023-11-04T17:00,10.0,6.8,156.0,2.1,2.6,119.0
2023-11-04T18:00,9.4,6.4,160.0,4.0,2.8,115.0
2023-11-04T19:00,9.6,6.5,181.0,8.2,3.4,107.0
2023-11-04T20:00,10.6,7.2,219.0,14.5,4.3,96.0
2023-11-04T21:00,15.7,10.7,282.0,24.1,6.0,80.0
2023-11-04T22:00,23.3,16.0,392.0,40.5,9.1,56.0
2023-11-04T23:00,29.2,20.1,527.0,60.2,12.8,29.0
2023-11-05T00:00,39.6,27.2,747.0,76.2,14.9,6.0
2023-11-05T01:00,42.7,29.5,726.0,74.4,15.2,6.0
2023-11-05T02:00,41.6,28.7,693.0,71.5,15.5,5.0
2023-11-05T03:00,41.1,28.4,641.0,67.1,15.9,7.0
2023-11-05T04:00,41.4,28.7,557.0,60.2,16.5,12.0
2023-11-05T05:00,40.7,28.3,454.0,51.7,17.0,18.0
2023-11-05T06:00,35.6,24.8,365.0,43.6,16.8,25.0
2023-11-05T07:00,27.6,19.3,301.0,36.3,15.2,30.0
2023-11-05T08:00,21.2,14.7,251.0,29.3,12.7,36.0
2023-11-05T09:00,19.0,12.9,214.0,23.1,10.6,44.0
2023-11-05T10:00,17.2,10.7,194.0,17.6,9.1,57.0
2023-11-05T11:00,18.7,11.6,187.0,12.8,8.0,73.0
2023-11-05T12:00,15.1,10.1,201.0,9.0,8.6,112.0
2023-11-05T13:00,19.0,12.5,196.0,7.7,8.1,119.0
2023-11-05T14:00,23.1,15.0,190.0,5.9,7.3,129.0
2023-11-05T15:00,24.9,15.9,185.0,4.7,6.7,135.0
2023-11-05T16:00,26.0,16.2,181.0,4.3,6.2,134.0
2023-11-05T17:00,26.3,16.1,179.0,4.6,5.9,128.0
2023-11-05T18:00,25.9,15.8,180.0,5.9,5.7,119.0
2023-11-05T19:00,25.4,15.5,187.0,8.8,5.8,105.0
2023-11-05T20:00,24.9,15.2,197.0,12.8,6.0,88.0
2023-11-05T21:00,23.8,14.7,206.0,16.5,6.5,73.0
2023-11-05T22:00,22.6,14.0,214.0,20.0,7.4,60.0
2023-11-05T23:00,21.4,13.6,220.0,23.2,8.6,48.0
2023-11-06T00:00,21.4,13.8,252.0,27.7,11.2,40.0
2023-11-06T01:00,22.2,14.5,251.0,28.1,10.9,37.0
2023-11-06T02:00,22.4,14.7,248.0,28.5,10.4,33.0
2023-11-06T03:00,23.3,15.5,242.0,28.3,10.0,30.0
2023-11-06T04:00,24.0,16.1,229.0,26.9,9.7,29.0
2023-11-06T05:00,24.1,16.2,212.0,24.9,9.5,29.0
2023-11-06T06:00,24.2,16.3,201.0,23.6,9.6,29.0
2023-11-06T07:00,24.2,16.4,200.0,24.3,10.3,26.0
2023-11-06T08:00,24.4,16.5,204.0,25.7,11.3,23.0
2023-11-06T09:00,25.3,17.0,210.0,25.3,11.9,31.0
2023-11-06T10:00,24.3,16.2,220.0,21.5,11.8,59.0
2023-11-06T11:00,24.9,16.5,233.0,16.0,11.4,97.0
2023-11-06T12:00,20.7,13.8,220.0,10.1,9.9,118.0
2023-11-06T13:00,24.0,16.1,219.0,8.5,9.8,131.0
2023-11-06T14:00,26.2,17.6,217.0,6.4,9.6,149.0
2023-11-06T15:00,27.6,18.3,215.0,4.9,9.3,162.0
2023-11-06T16:00,28.3,18.5,212.0,4.3,8.9,166.0
2023-11-06T17:00,28.5,18.3,208.0,4.3,8.4,165.0
2023-11-06T18:00,27.8,17.6,205.0,5.4,8.1,157.0
2023-11-06T19:00,26.1,16.4,204.0,8.0,7.9,138.0
2023-11-06T20:00,23.9,14.8,205.0,11.6,7.8,113.0
2023-11-06T21:00,21.0,13.0,208.0,15.4,7.9,89.0
2023-11-06T22:00,18.7,11.7,215.0,19.5,8.5,69.0
2023-11-06T23:00,18.3,11.6,223.0,23.6,9.5,50.0
2023-11-07T00:00,13.6,8.9,219.0,23.9,9.3,38.0
2023-11-07T01:00,14.1,9.2,213.0,23.3,9.2,37.0
2023-11-07T02:00,13.9,9.1,204.0,22.5,9.1,35.0
2023-11-07T03:00,12.9,8.5,195.0,21.6,9.0,34.0
2023-11-07T04:00,11.6,7.7,183.0,20.3,8.8,33.0
2023-11-07T05:00,11.1,7.5,171.0,19.0,8.7,32.0
2023-11-07T06:00,10.8,7.4,165.0,18.4,8.8,32.0
2023-11-07T07:00,11.0,7.4,170.0,19.8,9.5,28.0
2023-11-07T08:00,11.9,8.2,181.0,22.1,10.4,25.0
2023-11-07T09:00,14.3,9.9,194.0,22.6,11.2,33.0
2023-11-07T10:00,17.5,12.1,211.0,19.6,11.6,63.0
2023-11-07T11:00,20.3,14.0,231.0,14.8,11.9,105.0
2023-11-07T12:00,21.8,15.0,229.0,10.5,11.2,132.0
2023-11-07T13:00,26.0,17.9,229.0,8.9,11.0,147.0
2023-11-07T14:00,28.6,19.7,230.0,6.6,10.8,168.0
2023-11-07T15:00,29.6,20.3,229.0,5.1,10.5,182.0
2023-11-07T16:00,29.6,20.3,225.0,4.4,10.1,187.0
2023-11-07T17:00,29.1,19.8,220.0,4.4,9.6,186.0
2023-11-07T18:00,28.4,19.2,217.0,5.8,9.3,177.0
2023-11-07T19:00,27.0,18.2,217.0,8.9,9.2,156.0
2023-11-07T20:00,24.7,16.6,220.0,13.4,9.2,127.0
2023-11-07T21:00,22.1,14.8,231.0,18.9,9.5,98.0
2023-11-07T22:00,21.6,14.6,257.0,26.0,10.2,71.0
2023-11-07T23:00,22.6,15.3,291.0,34.1,11.1,44.0
2023-11-08T00:00,20.3,14.2,374.0,41.3,13.5,26.0
2023-11-08T01:00,24.7,17.2,384.0,44.2,14.1,21.0
2023-11-08T02:00,26.3,18.2,398.0,48.0,15.0,14.0
2023-11-08T03:00,26.7,18.4,400.0,50.0,15.4,10.0
2023-11-08T04:00,26.2,18.1,380.0,48.4,15.1,9.0
2023-11-08T05:00,25.8,17.8,350.0,45.0,14.3,11.0
2023-11-08T06:00,25.2,17.4,329.0,41.6,13.7,14.0
2023-11-08T07:00,24.7,17.1,326.0,39.4,13.3,13.0
2023-11-08T08:00,25.0,17.3,333.0,37.3,13.1,13.0
2023-11-08T09:00,27.2,18.8,341.0,33.7,13.1,31.0
2023-11-08T10:00,35.2,24.5,351.0,27.3,13.9,82.0
2023-11-08T11:00,35.7,24.9,363.0,19.5,15.0,151.0
2023-11-08T12:00,28.5,20.0,364.0,13.5,16.2,204.0
2023-11-08T13:00,30.6,21.5,346.0,11.1,14.5,214.0
2023-11-08T14:00,30.0,21.1,320.0,7.9,12.2,228.0
2023-11-08T15:00,28.1,19.7,298.0,5.6,10.2,235.0
2023-11-08T16:00,26.0,18.2,274.0,4.0,8.8,230.0
2023-11-08T17:00,24.0,16.6,254.0,3.2,7.8,217.0
2023-11-08T18:00,23.9,16.5,265.0,6.0,7.5,204.0
2023-11-08T19:00,24.4,16.8,313.0,13.3,8.0,194.0
2023-11-08T20:00,27.6,18.9,392.0,24.1,9.3,182.0
2023-11-08T21:00,41.8,28.6,509.0,37.8,11.8,164.0
2023-11-08T22:00,57.9,39.7,695.0,57.2,16.5,132.0
2023-11-08T23:00,72.4,49.8,920.0,79.5,22.3,93.0
2023-11-09T00:00,90.6,62.6,1089.0,86.8,22.7,74.0
2023-11-09T01:00,100.8,69.6,1109.0,81.1,23.2,72.0
2023-11-09T02:00,101.0,70.1,1133.0,73.0,23.8,69.0
2023-11-09T03:00,100.1,69.4,1121.0,64.2,23.8,66.0
2023-11-09T04:00,95.9,66.6,1044.0,54.4,22.9,62.0
2023-11-09T05:00,88.0,61.0,931.0,44.0,21.5,58.0
2023-11-09T06:00,78.7,54.6,832.0,36.4,20.0,55.0
2023-11-09T07:00,69.6,48.3,774.0,34.1,18.6,51.0
2023-11-09T08:00,60.1,41.7,731.0,34.6,17.1,48.0
2023-11-09T09:00,52.4,36.4,667.0,33.1,15.5,58.0
2023-11-09T10:00,49.1,34.2,556.0,26.9,13.6,96.0
2023-11-09T11:00,32.5,22.7,425.0,18.8,11.6,147.0
2023-11-09T12:00,20.6,14.4,313.0,11.9,9.1,175.0
2023-11-09T13:00,16.2,11.4,289.0,9.5,7.4,165.0
2023-11-09T14:00,14.0,9.8,256.0,6.1,5.1,151.0
2023-11-09T15:00,13.7,9.5,235.0,3.7,3.4,142.0
2023-11-09T16:00,15.7,10.9,231.0,2.5,2.8,143.0
2023-11-09T17:00,16.8,11.6,239.0,2.3,2.9,147.0
2023-11-09T18:00,18.0,12.5,259.0,4.2,3.4,147.0
2023-11-09T19:00,23.3,16.1,281.0,7.9,4.2,138.0
2023-11-09T20:00,29.5,20.4,316.0,13.7,5.3,124.0
2023-11-09T21:00,28.8,19.8,394.0,23.8,7.2,104.0
2023-11-09T22:00,34.9,24.3,569.0,43.7,10.6,70.0
2023-11-09T23:00,41.7,29.0,787.0,67.9,14.7,30.0
2023-11-10T00:00,45.5,31.5,595.0,37.9,10.4,76.0
2023-11-10T01:00,44.7,31.0,534.0,31.6,9.4,90.0
2023-11-10T02:00,46.4,32.1,449.0,22.9,8.1,109.0
2023-11-10T03:00,44.7,30.7,370.0,16.0,6.9,123.0
2023-11-10T04:00,37.4,25.7,306.0,12.4,6.0,127.0
2023-11-10T05:00,30.9,21.1,249.0,10.5,5.3,125.0
2023-11-10T06:00,27.5,18.6,208.0,9.8,4.9,122.0
2023-11-10T07:00,24.3,16.4,186.0,10.7,4.9,115.0
2023-11-10T08:00,23.5,15.8,181.0,12.7,5.2,107.0
2023-11-10T09:00,25.4,17.1,189.0,14.2,6.0,108.0
2023-11-10T10:00,29.0,19.6,220.0,14.6,7.7,126.0
2023-11-10T11:00,35.2,23.8,264.0,14.5,10.0,155.0
2023-11-10T12:00,36.2,24.9,281.0,14.6,12.9,181.0
2023-11-10T13:00,38.8,26.7,287.0,11.8,12.8,208.0
2023-11-10T14:00,39.2,27.0,296.0,8.0,12.7,243.0
2023-11-10T15:00,41.0,28.2,299.0,5.6,12.4,264.0
2023-11-10T16:00,41.2,28.5,290.0,5.2,11.6,258.0
2023-11-10T17:00,39.0,26.9,276.0,6.2,10.6,236.0
2023-11-10T18:00,36.6,25.0,268.0,8.9,9.8,210.0
2023-11-10T19:00,33.9,23.3,272.0,14.2,9.3,182.0
2023-11-10T20:00,34.0,23.3,282.0,21.2,8.9,150.0
2023-11-10T21:00,29.5,20.3,290.0,27.0,8.9,119.0
2023-11-10T22:00,26.3,18.2,293.0,30.6,9.4,90.0
2023-11-10T23:00,25.1,17.3,293.0,33.1,10.2,63.0
2023-11-11T00:00,20.8,14.1,229.0,27.4,8.5,45.0
2023-11-11T01:00,23.6,16.0,240.0,29.8,9.3,37.0
2023-11-11T02:00,26.4,18.0,255.0,33.2,10.4,27.0
2023-11-11T03:00,28.1,19.4,265.0,35.6,11.5,18.0
2023-11-11T04:00,29.6,20.5,263.0,36.3,12.3,13.0
2023-11-11T05:00,30.3,21.1,256.0,36.1,13.0,9.0
2023-11-11T06:00,30.5,21.3,254.0,35.8,13.9,8.0
2023-11-11T07:00,30.5,21.4,260.0,36.4,15.2,1.0
2023-11-11T08:00,31.1,21.7,272.0,36.8,16.6,0.0
2023-11-11T09:00,34.0,23.8,290.0,34.9,17.5,15.0
2023-11-11T10:00,41.4,29.0,326.0,28.5,17.7,82.0
2023-11-11T11:00,46.9,32.8,369.0,19.8,17.3,172.0
2023-11-11T12:00,40.2,28.1,369.0,12.5,13.2,211.0
2023-11-11T13:00,30.0,21.0,320.0,9.8,10.4,195.0
2023-11-11T14:00,16.6,11.6,253.0,6.2,6.5,173.0
2023-11-11T15:00,11.2,7.8,204.0,3.6,3.6,156.0
2023-11-11T16:00,9.4,6.6,183.0,2.1,2.6,149.0
2023-11-11T17:00,8.5,5.9,179.0,1.7,2.6,146.0
2023-11-11T18:00,8.4,5.9,200.0,4.5,3.0,141.0
2023-11-11T19:00,8.7,6.1,242.0,10.6,3.4,131.0
2023-11-11T20:00,10.9,7.7,308.0,19.7,4.3,119.0
2023-11-11T21:00,18.5,12.9,411.0,33.7,6.2,101.0
2023-11-11T22:00,29.4,20.5,583.0,57.0,10.1,72.0
2023-11-11T23:00,38.2,26.6,792.0,85.1,14.9,38.0
2023-11-12T00:00,47.0,32.9,1017.0,105.5,18.5,11.0
2023-11-12T01:00,47.7,33.4,1015.0,103.3,18.2,9.0
2023-11-12T02:00,46.1,32.2,1008.0,99.8,17.6,6.0
2023-11-12T03:00,42.8,30.0,974.0,93.6,16.9,5.0
2023-11-12T04:00,38.2,26.8,881.0,81.8,15.5,8.0
2023-11-12T05:00,36.3,25.4,762.0,67.4,13.9,12.0
2023-11-12T06:00,35.4,24.3,689.0,57.8,13.5,19.0
2023-11-12T07:00,40.6,27.7,722.0,59.1,15.4,22.0
2023-11-12T08:00,46.2,31.4,802.0,65.3,18.5,26.0
2023-11-12T09:00,53.9,36.9,824.0,65.3,20.7,49.0
2023-11-12T10:00,69.4,47.8,729.0,52.2,21.8,114.0
2023-11-12T11:00,65.2,45.2,576.0,32.9,22.0,197.0
2023-11-12T12:00,65.0,44.8,444.0,16.3,21.3,254.0
2023-11-12T13:00,46.4,32.2,373.0,12.5,16.1,227.0
2023-11-12T14:00,25.1,17.5,275.0,7.3,8.9,189.0
2023-11-12T15:00,17.3,12.1,202.0,3.6,3.6,160.0
2023-11-12T16:00,14.6,10.2,168.0,1.5,1.9,149.0
2023-11-12T17:00,13.6,9.5,159.0,0.9,2.0,146.0
2023-11-12T18:00,12.9,9.0,190.0,4.2,2.9,145.0
2023-11-12T19:00,15.8,11.0,276.0,13.9,4.1,145.0
2023-11-12T20:00,26.1,17.9,402.0,27.6,5.9,145.0
2023-11-12T21:00,42.7,29.3,529.0,40.5,8.5,140.0
2023-11-12T22:00,56.0,38.4,675.0,53.3,12.5,121.0
2023-11-12T23:00,68.2,46.8,824.0,65.4,17.1,96.0
2023-11-13T00:00,79.9,55.1,1043.0,86.4,21.8,63.0
2023-11-13T01:00,87.3,60.3,957.0,73.9,22.2,77.0
2023-11-13T02:00,85.4,58.9,833.0,56.5,22.6,97.0
2023-11-13T03:00,79.2,54.8,712.0,41.6,22.2,110.0
2023-11-13T04:00,69.4,48.1,591.0,31.4,20.1,110.0
2023-11-13T05:00,57.6,39.8,472.0,23.8,17.3,104.0
2023-11-13T06:00,49.4,34.1,397.0,19.7,15.3,97.0
2023-11-13T07:00,46.9,32.4,397.0,21.4,15.0,82.0
2023-11-13T08:00,47.1,32.4,440.0,26.6,15.5,65.0
2023-11-13T09:00,50.4,34.6,473.0,29.2,16.3,74.0
2023-11-13T10:00,55.3,37.8,482.0,26.1,17.7,135.0
2023-11-13T11:00,58.3,40.0,481.0,20.3,19.3,222.0
2023-11-13T12:00,33.3,23.2,391.0,13.5,16.7,265.0
2023-11-13T13:00,30.4,21.2,352.0,11.1,14.1,255.0
2023-11-13T14:00,22.2,15.5,297.0,7.8,10.4,240.0
2023-11-13T15:00,21.1,14.8,252.0,5.4,7.4,224.0
2023-11-13T16:00,21.4,15.0,218.0,3.4,5.5,207.0
2023-11-13T17:00,14.8,10.3,194.0,2.2,4.3,188.0
2023-11-13T18:00,11.1,7.8,205.0,4.9,3.7,169.0
2023-11-13T19:00,10.5,7.3,277.0,14.8,4.0,149.0
2023-11-13T20:00,14.4,10.0,384.0,28.7,5.0,128.0
2023-11-13T21:00,24.7,17.2,476.0,39.9,6.2,107.0
2023-11-13T22:00,34.0,23.6,543.0,46.8,7.5,82.0
2023-11-13T23:00,40.7,28.3,595.0,51.2,9.0,57.0
2023-11-14T00:00,34.1,23.5,331.0,19.1,6.2,102.0
2023-11-14T01:00,38.5,26.6,350.0,19.4,6.3,106.0
2023-11-14T02:00,42.3,29.2,375.0,19.7,6.6,112.0
2023-11-14T03:00,47.5,32.9,396.0,19.7,7.2,115.0
2023-11-14T04:00,52.5,36.4,404.0,18.7,8.4,113.0
2023-11-14T05:00,55.1,38.3,407.0,17.4,9.9,108.0
2023-11-14T06:00,56.9,39.7,413.0,17.3,11.4,103.0
2023-11-14T07:00,58.3,40.7,431.0,20.2,12.9,94.0
2023-11-14T08:00,59.6,41.6,452.0,24.3,14.2,84.0
2023-11-14T09:00,61.2,42.7,460.0,26.2,15.1,91.0
2023-11-14T10:00,60.8,42.3,444.0,23.7,15.1,129.0
2023-11-14T11:00,49.5,34.2,415.0,18.9,14.6,184.0
2023-11-14T12:00,46.2,32.0,357.0,12.7,10.8,213.0
2023-11-14T13:00,43.3,30.2,331.0,10.4,9.2,211.0
2023-11-14T14:00,35.6,24.8,296.0,7.3,7.0,208.0
2023-11-14T15:00,30.3,21.0,271.0,5.3,5.5,204.0
2023-11-14T16:00,29.4,20.3,264.0,5.1,5.2,199.0
2023-11-14T17:00,30.4,21.0,268.0,6.0,5.6,193.0
2023-11-14T18:00,37.3,25.7,279.0,8.2,5.9,184.0
2023-11-14T19:00,41.9,28.9,304.0,12.7,6.0,172.0
2023-11-14T20:00,46.3,32.0,336.0,18.5,6.0,158.0
2023-11-14T21:00,41.3,28.7,355.0,22.2,5.7,143.0
2023-11-14T22:00,39.3,27.4,346.0,21.8,4.8,127.0
2023-11-14T23:00,34.9,24.3,325.0,19.3,3.7,110.0
2023-11-15T00:00,9.5,6.7,253.0,16.8,3.0,62.0
2023-11-15T01:00,12.0,8.4,249.0,15.8,2.8,61.0
2023-11-15T02:00,10.7,7.4,243.0,14.5,2.4,60.0
2023-11-15T03:00,11.4,7.9,240.0,13.7,2.4,58.0
2023-11-15T04:00,12.7,8.9,239.0,13.7,2.8,55.0
2023-11-15T05:00,14.1,9.8,240.0,14.2,3.4,52.0
2023-11-15T06:00,15.8,11.0,245.0,15.2,4.3,49.0
2023-11-15T07:00,16.1,11.3,253.0,17.1,5.7,42.0
2023-11-15T08:00,14.7,10.3,265.0,19.5,7.3,35.0
2023-11-15T09:00,14.1,9.9,282.0,20.5,8.8,45.0
2023-11-15T10:00,15.3,10.7,311.0,19.2,10.2,87.0
2023-11-15T11:00,23.2,16.2,345.0,16.6,11.5,145.0
2023-11-15T12:00,21.7,15.2,341.0,13.3,11.6,178.0
2023-11-15T13:00,25.2,17.6,321.0,10.7,10.0,184.0
2023-11-15T14:00,21.9,15.3,294.0,7.1,7.8,193.0
2023-11-15T15:00,18.2,12.7,271.0,4.6,6.0,194.0
2023-11-15T16:00,14.4,10.1,251.0,3.4,4.8,183.0
2023-11-15T17:00,12.7,8.8,235.0,3.3,4.0,165.0
2023-11-15T18:00,13.3,9.3,242.0,5.8,4.0,148.0
2023-11-15T19:00,14.2,9.9,279.0,11.9,5.0,137.0
2023-11-15T20:00,18.9,13.2,339.0,20.6,6.8,128.0
2023-11-15T21:00,27.5,19.2,416.0,31.0,8.7,113.0
2023-11-15T22:00,36.9,25.8,533.0,45.3,10.9,86.0
2023-11-15T23:00,40.6,28.4,667.0,61.2,13.3,54.0
2023-11-16T00:00,37.8,26.4,590.0,54.0,14.2,54.0
2023-11-16T01:00,26.7,18.7,534.0,46.7,12.2,53.0
2023-11-16T02:00,22.1,15.4,456.0,36.5,9.5,53.0
2023-11-16T03:00,18.6,13.0,386.0,27.8,7.4,53.0
2023-11-16T04:00,14.2,10.0,332.0,22.1,6.7,56.0
2023-11-16T05:00,11.7,8.2,286.0,17.9,6.6,60.0
2023-11-16T06:00,11.9,8.3,260.0,15.7,6.8,62.0
2023-11-16T07:00,12.5,8.8,265.0,16.8,7.3,58.0
2023-11-16T08:00,13.1,9.2,289.0,19.8,8.1,53.0
2023-11-16T09:00,14.6,10.2,308.0,21.1,8.6,58.0
2023-11-16T10:00,19.6,13.7,316.0,19.0,8.6,83.0
2023-11-16T11:00,21.5,15.0,319.0,15.2,8.4,117.0
2023-11-16T12:00,16.9,11.8,291.0,10.3,6.7,126.0
2023-11-16T13:00,15.0,10.5,276.0,8.2,5.6,129.0
2023-11-16T14:00,13.6,9.5,255.0,5.4,4.1,134.0
2023-11-16T15:00,12.7,8.8,242.0,3.5,3.0,135.0
2023-11-16T16:00,12.2,8.5,239.0,2.7,2.5,131.0
2023-11-16T17:00,12.1,8.4,243.0,2.8,2.4,124.0
2023-11-16T18:00,12.6,8.7,261.0,5.0,2.6,115.0
2023-11-16T19:00,12.8,8.9,294.0,10.0,3.1,106.0
2023-11-16T20:00,15.7,10.9,341.0,17.1,3.9,95.0
2023-11-16T21:00,20.2,14.1,402.0,25.4,5.2,81.0
2023-11-16T22:00,28.7,20.0,489.0,35.9,7.3,61.0
2023-11-16T23:00,28.8,20.1,589.0,47.6,9.8,39.0
2023-11-17T00:00,52.5,36.3,808.0,76.8,16.7,18.0
2023-11-17T01:00,60.8,42.0,873.0,81.3,17.8,14.0
2023-11-17T02:00,64.3,44.6,960.0,87.0,19.3,9.0
2023-11-17T03:00,63.3,44.0,999.0,88.5,20.1,6.0
2023-11-17T04:00,61.0,42.4,949.0,82.1,19.8,6.0
2023-11-17T05:00,58.6,40.6,852.0,71.4,18.8,8.0
2023-11-17T06:00,55.4,38.5,764.0,61.3,17.9,12.0
2023-11-17T07:00,52.0,36.2,712.0,54.1,17.6,16.0
2023-11-17T08:00,48.9,34.0,669.0,47.7,17.4,23.0
2023-11-17T09:00,47.8,33.3,615.0,40.2,16.5,41.0
2023-11-17T10:00,50.4,35.2,533.0,30.0,14.2,81.0
2023-11-17T11:00,44.5,31.0,439.0,18.8,11.0,133.0
2023-11-17T12:00,33.9,23.6,373.0,10.1,8.3,165.0
2023-11-17T13:00,27.4,19.1,339.0,8.1,6.6,154.0
2023-11-17T14:00,22.0,15.3,293.0,5.3,4.2,138.0
2023-11-17T15:00,18.5,12.8,257.0,3.3,2.5,126.0
2023-11-17T16:00,17.2,11.9,231.0,1.7,1.8,120.0
2023-11-17T17:00,16.3,11.3,215.0,0.8,1.6,116.0
2023-11-17T18:00,15.5,10.8,235.0,3.8,2.2,114.0
2023-11-17T19:00,20.4,14.1,312.0,13.3,3.7,116.0
2023-11-17T20:00,28.8,20.1,425.0,26.6,5.9,119.0
2023-11-17T21:00,39.2,27.3,533.0,38.6,8.2,114.0
2023-11-17T22:00,51.9,36.2,644.0,48.9,11.0,93.0
2023-11-17T23:00,58.6,40.9,751.0,57.9,13.9,65.0
2023-11-18T00:00,61.2,42.0,573.0,37.6,11.1,100.0
2023-11-18T01:00,66.4,45.5,626.0,40.7,11.9,87.0
2023-11-18T02:00,73.3,50.5,699.0,44.7,13.1,69.0
2023-11-18T03:00,78.9,54.8,752.0,46.9,14.1,53.0
2023-11-18T04:00,83.1,57.9,773.0,45.7,15.0,42.0
2023-11-18T05:00,84.1,58.6,774.0,42.6,15.8,33.0
2023-11-18T06:00,80.6,56.1,747.0,38.9,15.9,29.0
2023-11-18T07:00,71.0,49.5,678.0,35.2,15.0,29.0
2023-11-18T08:00,54.6,38.1,581.0,30.9,13.3,34.0
2023-11-18T09:00,36.3,25.3,491.0,26.0,11.5,46.0
2023-11-18T10:00,26.2,18.2,417.0,19.8,9.5,72.0
2023-11-18T11:00,20.0,13.9,351.0,13.1,7.3,104.0
2023-11-18T12:00,16.0,11.2,273.0,7.9,4.9,110.0
2023-11-18T13:00,18.5,12.9,266.0,6.4,4.2,113.0
2023-11-18T14:00,19.6,13.6,256.0,4.3,3.1,116.0
2023-11-18T15:00,19.7,13.8,248.0,2.8,2.3,118.0
2023-11-18T16:00,19.0,13.3,240.0,1.7,1.8,118.0
2023-11-18T17:00,18.1,12.7,233.0,1.2,1.6,116.0
2023-11-18T18:00,16.5,11.6,243.0,3.2,1.7,111.0
2023-11-18T19:00,15.3,10.7,277.0,9.1,2.3,100.0
2023-11-18T20:00,17.7,12.4,328.0,17.4,3.3,86.0
2023-11-18T21:00,21.1,14.8,382.0,25.4,4.6,71.0
2023-11-18T22:00,24.0,16.8,444.0,32.8,6.3,56.0
2023-11-18T23:00,26.6,18.6,509.0,40.0,8.3,41.0
2023-11-19T00:00,18.7,13.0,316.0,19.9,6.3,66.0
2023-11-19T01:00,20.6,14.3,317.0,19.6,6.1,63.0
2023-11-19T02:00,22.2,15.3,319.0,19.2,5.9,58.0
2023-11-19T03:00,25.0,17.1,319.0,18.8,5.8,54.0
2023-11-19T04:00,25.2,17.4,314.0,18.1,6.0,50.0
2023-11-19T05:00,25.1,17.5,307.0,17.3,6.4,47.0
2023-11-19T06:00,24.8,17.4,308.0,17.4,7.0,43.0
2023-11-19T07:00,24.7,17.3,321.0,19.3,7.7,35.0
2023-11-19T08:00,24.8,17.4,341.0,22.1,8.5,27.0
2023-11-19T09:00,26.7,18.7,362.0,23.7,9.5,32.0
2023-11-19T10:00,32.4,22.6,386.0,23.0,10.9,64.0
2023-11-19T11:00,37.4,26.0,410.0,21.0,12.4,110.0
2023-11-19T12:00,32.5,22.5,362.0,19.3,9.9,95.0
2023-11-19T13:00,33.2,22.9,359.0,16.8,9.2,107.0
2023-11-19T14:00,34.3,23.6,354.0,13.3,8.2,124.0
2023-11-19T15:00,33.3,22.8,345.0,11.1,7.3,132.0
2023-11-19T16:00,32.9,22.7,329.0,11.1,6.5,124.0
2023-11-19T17:00,25.8,17.8,310.0,12.3,5.8,107.0
2023-11-19T18:00,20.8,14.3,296.0,14.0,5.3,91.0
2023-11-19T19:00,20.2,13.6,293.0,16.5,5.0,79.0
2023-11-19T20:00,20.0,13.5,296.0,19.5,4.9,69.0
2023-11-19T21:00,20.9,14.0,297.0,21.4,5.0,62.0
2023-11-19T22:00,20.9,14.1,294.0,21.4,5.3,60.0
2023-11-19T23:00,23.9,16.1,289.0,20.3,5.8,62.0
2023-11-20T00:00,17.9,12.2,294.0,17.0,6.0,67.0
2023-11-20T01:00,22.1,15.0,296.0,17.1,6.2,66.0
2023-11-20T02:00,24.6,16.8,299.0,17.1,6.4,64.0
2023-11-20T03:00,27.4,18.8,299.0,16.9,6.5,63.0
2023-11-20T04:00,29.7,20.4,294.0,16.1,6.5,62.0
2023-11-20T05:00,31.4,21.6,287.0,14.9,6.5,61.0
2023-11-20T06:00,32.7,22.5,282.0,14.1,6.3,61.0
2023-11-20T07:00,33.6,23.1,280.0,13.8,5.9,61.0
2023-11-20T08:00,33.2,22.8,282.0,13.7,5.4,62.0
2023-11-20T09:00,32.8,22.4,291.0,13.9,5.2,65.0
2023-11-20T10:00,32.5,22.2,316.0,14.7,5.8,70.0
2023-11-20T11:00,31.3,21.4,349.0,15.8,6.7,77.0
2023-11-20T12:00,30.7,21.2,391.0,16.9,7.9,94.0
2023-11-20T13:00,30.6,21.0,389.0,13.8,7.7,114.0
2023-11-20T14:00,31.8,21.8,385.0,9.5,7.4,141.0
2023-11-20T15:00,33.1,22.6,374.0,7.0,7.2,155.0
2023-11-20T16:00,31.2,21.4,350.0,7.4,7.2,147.0
2023-11-20T17:00,27.5,18.8,319.0,9.6,7.3,128.0
2023-11-20T18:00,24.0,16.3,290.0,12.2,7.3,106.0
2023-11-20T19:00,19.2,13.0,267.0,15.7,7.1,83.0
2023-11-20T20:00,16.2,10.9,247.0,19.7,6.7,58.0
2023-11-20T21:00,13.6,9.1,229.0,22.2,6.5,40.0
2023-11-20T22:00,11.1,7.5,211.0,21.9,6.4,34.0
2023-11-20T23:00,9.8,6.6,195.0,20.1,6.3,36.0
2023-11-21T00:00,12.7,8.5,226.0,19.9,6.9,37.0
2023-11-21T01:00,13.0,8.8,221.0,19.8,7.1,37.0
2023-11-21T02:00,13.9,9.5,215.0,19.5,7.3,37.0
2023-11-21T03:00,14.2,9.9,210.0,19.3,7.6,37.0
2023-11-21T04:00,13.8,9.7,206.0,18.8,7.9,36.0
2023-11-21T05:00,13.3,9.4,203.0,18.3,8.2,34.0
2023-11-21T06:00,13.9,9.8,205.0,18.5,8.8,32.0
2023-11-21T07:00,15.1,10.6,210.0,20.3,10.0,26.0
2023-11-21T08:00,16.7,11.8,219.0,22.7,11.4,19.0
2023-11-21T09:00,18.7,13.1,238.0,23.7,12.5,25.0
2023-11-21T10:00,22.4,15.7,277.0,22.2,13.0,56.0
2023-11-21T11:00,26.4,18.6,325.0,19.2,13.2,100.0
2023-11-21T12:00,32.7,22.9,347.0,12.7,12.1,154.0
2023-11-21T13:00,34.2,24.0,328.0,10.6,9.7,150.0
2023-11-21T14:00,28.0,19.6,302.0,7.7,6.3,143.0
2023-11-21T15:00,25.1,17.6,285.0,6.0,4.1,139.0
2023-11-21T16:00,28.0,19.6,282.0,6.0,4.0,138.0
2023-11-21T17:00,28.3,19.7,287.0,7.2,5.0,139.0
2023-11-21T18:00,29.4,20.4,302.0,9.6,6.1,139.0
2023-11-21T19:00,29.5,20.4,330.0,13.7,6.9,140.0
2023-11-21T20:00,28.1,19.5,367.0,19.0,7.8,142.0
2023-11-21T21:00,30.2,21.0,403.0,24.1,9.1,137.0
2023-11-21T22:00,33.1,23.0,436.0,29.0,11.2,123.0
2023-11-21T23:00,37.3,25.9,469.0,33.7,13.7,103.0
2023-11-22T00:00,45.2,30.9,398.0,30.3,16.1,97.0
2023-11-22T01:00,46.9,32.2,419.0,32.9,15.9,84.0
2023-11-22T02:00,49.6,34.3,448.0,36.2,15.7,65.0
2023-11-22T03:00,49.2,34.1,460.0,37.5,15.1,50.0
2023-11-22T04:00,46.0,32.0,443.0,34.8,14.1,43.0
2023-11-22T05:00,41.0,28.6,410.0,30.0,12.8,39.0
2023-11-22T06:00,35.5,24.9,380.0,25.8,11.6,38.0
2023-11-22T07:00,29.7,20.8,362.0,23.6,10.7,37.0
2023-11-22T08:00,24.7,17.3,347.0,22.1,9.9,39.0
2023-11-22T09:00,21.8,15.3,331.0,19.8,8.9,46.0
2023-11-22T10:00,20.1,14.1,311.0,15.6,7.4,63.0
2023-11-22T11:00,17.0,11.9,291.0,10.6,5.8,87.0
2023-11-22T12:00,12.6,8.9,277.0,7.0,4.0,96.0
2023-11-22T13:00,15.0,10.5,277.0,5.8,3.8,105.0
2023-11-22T14:00,15.7,11.0,278.0,4.3,3.4,118.0
2023-11-22T15:00,15.8,11.1,278.0,3.3,3.1,125.0
2023-11-22T16:00,15.5,10.9,271.0,2.6,2.7,123.0
2023-11-22T17:00,14.6,10.2,264.0,2.4,2.3,115.0
2023-11-22T18:00,13.4,9.3,275.0,4.8,2.4,106.0
2023-11-22T19:00,14.4,10.1,315.0,11.3,3.4,95.0
2023-11-22T20:00,16.7,11.7,373.0,20.3,4.9,82.0
2023-11-22T21:00,21.7,15.2,439.0,28.9,6.4,69.0
2023-11-22T22:00,28.8,20.1,526.0,37.3,8.1,54.0
2023-11-22T23:00,32.1,22.5,621.0,45.3,9.9,38.0
2023-11-23T00:00,36.8,25.8,793.0,67.0,13.4,16.0
2023-11-23T01:00,30.9,21.6,667.0,52.9,11.3,28.0
2023-11-23T02:00,21.8,15.3,493.0,33.3,8.4,45.0
2023-11-23T03:00,13.6,9.6,361.0,18.4,6.2,58.0
2023-11-23T04:00,10.9,7.6,312.0,12.6,5.5,63.0
2023-11-23T05:00,9.8,6.9,305.0,11.4,5.6,64.0
2023-11-23T06:00,9.5,6.7,305.0,11.3,5.8,64.0
2023-11-23T07:00,10.1,7.1,304.0,11.6,6.1,61.0
2023-11-23T08:00,11.2,7.9,311.0,12.9,6.6,56.0
2023-11-23T09:00,12.4,8.7,318.0,13.5,6.7,56.0
2023-11-23T10:00,12.5,8.7,323.0,12.5,6.2,63.0
2023-11-23T11:00,11.3,7.9,327.0,10.7,5.3,75.0
2023-11-23T12:00,10.4,7.3,338.0,12.2,5.0,67.0
2023-11-23T13:00,12.2,8.6,331.0,9.6,4.6,84.0
2023-11-23T14:00,12.8,9.0,323.0,6.0,4.0,106.0
2023-11-23T15:00,13.3,9.3,320.0,4.1,3.7,119.0
2023-11-23T16:00,11.9,8.4,327.0,4.9,3.8,114.0
2023-11-23T17:00,13.4,9.4,339.0,7.4,4.2,100.0
2023-11-23T18:00,13.8,9.6,353.0,10.8,4.6,86.0
2023-11-23T19:00,15.5,10.8,374.0,15.9,5.2,75.0
2023-11-23T20:00,16.5,11.5,396.0,21.9,5.9,64.0
2023-11-23T21:00,14.6,10.1,398.0,25.5,6.4,56.0
2023-11-23T22:00,10.7,7.4,363.0,24.7,6.7,52.0
2023-11-23T23:00,9.1,6.2,307.0,21.5,6.7,50.0
2023-11-24T00:00,6.6,4.4,237.0,14.5,4.9,52.0
2023-11-24T01:00,6.9,4.6,222.0,12.9,4.3,52.0
2023-11-24T02:00,6.1,4.1,201.0,10.8,3.5,51.0
2023-11-24T03:00,5.0,3.3,183.0,9.0,2.9,51.0
2023-11-24T04:00,4.4,2.8,170.0,7.9,2.7,50.0
2023-11-24T05:00,3.8,2.5,159.0,7.3,2.7,50.0
2023-11-24T06:00,3.7,2.4,152.0,7.0,2.7,49.0
2023-11-24T07:00,4.0,2.6,149.0,7.2,2.8,48.0
2023-11-24T08:00,4.4,2.8,150.0,7.8,2.9,48.0
2023-11-24T09:00,5.4,3.5,155.0,8.7,3.1,48.0
2023-11-24T10:00,7.1,4.5,170.0,10.3,3.5,48.0
2023-11-24T11:00,8.5,5.5,188.0,12.3,3.9,48.0
2023-11-24T12:00,7.0,4.7,175.0,11.2,3.6,53.0
2023-11-24T13:00,9.1,6.0,165.0,10.5,3.7,55.0
2023-11-24T14:00,8.8,5.8,152.0,9.6,3.8,58.0
2023-11-24T15:00,9.7,6.4,145.0,9.2,4.1,61.0
2023-11-24T16:00,12.7,8.5,148.0,9.3,4.8,66.0
2023-11-24T17:00,16.6,11.1,156.0,9.9,5.7,71.0
2023-11-24T18:00,18.0,11.9,166.0,11.4,6.4,72.0
2023-11-24T19:00,18.3,12.0,179.0,14.6,6.8,65.0
2023-11-24T20:00,19.3,12.5,195.0,18.7,7.1,53.0
2023-11-24T21:00,20.2,13.0,203.0,21.6,7.3,43.0
2023-11-24T22:00,19.0,12.3,200.0,22.3,7.6,37.0
2023-11-24T23:00,18.9,12.2,191.0,21.7,7.9,33.0
2023-11-25T00:00,19.3,12.3,166.0,17.2,6.8,39.0
2023-11-25T01:00,19.3,12.3,164.0,17.0,6.8,38.0
2023-11-25T02:00,19.1,12.4,161.0,16.8,6.8,36.0
2023-11-25T03:00,18.5,12.0,157.0,16.4,6.9,35.0
2023-11-25T04:00,16.4,10.7,151.0,15.6,7.0,35.0
2023-11-25T05:00,15.6,10.2,144.0,14.7,7.1,35.0
2023-11-25T06:00,14.2,9.4,140.0,14.2,7.3,36.0
2023-11-25T07:00,13.9,9.3,141.0,14.6,7.9,36.0
2023-11-25T08:00,13.6,9.1,145.0,15.5,8.6,36.0
2023-11-25T09:00,14.1,9.5,154.0,16.0,9.0,38.0
2023-11-25T10:00,16.1,10.8,170.0,15.9,8.9,44.0
2023-11-25T11:00,17.6,11.7,190.0,15.5,8.4,52.0
2023-11-25T12:00,15.9,10.8,237.0,18.7,9.3,54.0
2023-11-25T13:00,16.1,10.9,235.0,16.7,9.0,61.0
2023-11-25T14:00,15.8,10.7,233.0,13.9,8.5,70.0
2023-11-25T15:00,15.3,10.4,232.0,11.9,8.2,77.0
2023-11-25T16:00,15.7,10.6,232.0,11.1,8.2,82.0
2023-11-25T17:00,16.1,10.9,233.0,11.1,8.4,86.0
2023-11-25T18:00,16.8,11.4,235.0,12.2,8.6,85.0
2023-11-25T19:00,16.0,10.8,241.0,15.3,8.8,77.0
2023-11-25T20:00,15.8,10.7,249.0,19.5,9.1,65.0
2023-11-25T21:00,15.3,10.4,254.0,23.1,9.5,54.0
2023-11-25T22:00,15.3,10.4,254.0,25.6,10.1,45.0
2023-11-25T23:00,14.9,10.2,251.0,27.5,10.9,36.0
2023-11-26T00:00,16.5,11.2,224.0,25.4,10.6,34.0
2023-11-26T01:00,16.1,10.9,225.0,25.7,10.4,32.0
2023-11-26T02:00,16.1,11.0,226.0,26.1,10.0,30.0
2023-11-26T03:00,16.1,11.0,223.0,25.9,9.8,29.0
2023-11-26T04:00,15.6,10.7,211.0,24.6,9.7,29.0
2023-11-26T05:00,15.2,10.4,195.0,22.8,9.6,29.0
2023-11-26T06:00,14.4,9.8,183.0,21.3,9.8,30.0
2023-11-26T07:00,12.8,8.8,175.0,20.9,10.4,28.0
2023-11-26T08:00,12.8,8.8,171.0,20.9,11.2,26.0
2023-11-26T09:00,13.5,9.4,180.0,20.3,12.0,36.0
2023-11-26T10:00,16.3,11.4,216.0,18.3,13.0,70.0
2023-11-26T11:00,22.2,15.5,266.0,15.7,14.0,116.0
2023-11-26T12:00,24.6,17.1,268.0,10.8,11.6,135.0
2023-11-26T13:00,26.5,18.4,269.0,10.5,11.3,135.0
2023-11-26T14:00,29.0,20.0,269.0,10.1,10.8,136.0
2023-11-26T15:00,33.5,23.0,269.0,9.9,10.3,136.0
2023-11-26T16:00,32.5,22.2,266.0,9.7,9.8,138.0
2023-11-26T17:00,32.2,21.7,262.0,9.7,9.3,139.0
2023-11-26T18:00,29.7,19.9,259.0,10.8,8.9,135.0
2023-11-26T19:00,28.8,19.0,260.0,14.0,8.4,121.0
2023-11-26T20:00,28.5,18.5,262.0,18.4,8.0,101.0
2023-11-26T21:00,26.4,17.2,263.0,21.8,7.9,85.0
2023-11-26T22:00,25.8,16.7,260.0,23.1,8.3,76.0
2023-11-26T23:00,26.3,17.0,256.0,23.4,8.9,71.0
2023-11-27T00:00,25.1,16.4,245.0,22.8,9.2,69.0
2023-11-27T01:00,26.9,17.7,259.0,24.6,9.3,63.0
2023-11-27T02:00,27.8,18.5,278.0,27.0,9.6,54.0
2023-11-27T03:00,27.2,18.3,289.0,28.3,9.8,46.0
2023-11-27T04:00,25.3,17.1,284.0,27.5,9.9,41.0
2023-11-27T05:00,25.6,17.3,271.0,25.7,10.1,38.0
2023-11-27T06:00,27.0,18.4,263.0,24.5,10.6,36.0
2023-11-27T07:00,28.8,19.7,264.0,25.2,11.7,31.0
2023-11-27T08:00,31.9,21.8,268.0,26.6,13.0,26.0
2023-11-27T09:00,36.6,25.1,277.0,26.8,14.2,33.0
2023-11-27T10:00,41.0,28.1,293.0,24.7,15.3,61.0
2023-11-27T11:00,41.9,28.8,312.0,21.5,16.3,100.0
2023-11-27T12:00,39.2,26.8,318.0,19.2,16.0,123.0
2023-11-27T13:00,39.9,27.6,299.0,15.2,12.8,124.0
2023-11-27T14:00,29.1,20.3,274.0,9.9,8.4,126.0
2023-11-27T15:00,23.6,16.4,259.0,6.6,5.4,127.0
2023-11-27T16:00,26.2,18.0,262.0,6.8,4.8,128.0
2023-11-27T17:00,27.9,19.0,276.0,9.1,5.6,129.0
2023-11-27T18:00,30.4,20.7,296.0,12.5,6.8,128.0
2023-11-27T19:00,31.4,21.4,320.0,16.9,8.3,125.0
2023-11-27T20:00,32.2,22.1,351.0,22.4,10.3,121.0
2023-11-27T21:00,34.3,23.6,387.0,28.1,12.3,112.0
2023-11-27T22:00,35.5,24.6,432.0,34.3,14.3,96.0
2023-11-27T23:00,38.6,26.9,484.0,40.8,16.2,75.0
2023-11-28T00:00,32.8,22.8,443.0,40.5,15.2,53.0
2023-11-28T01:00,34.8,24.1,459.0,41.6,16.3,47.0
2023-11-28T02:00,39.8,27.7,481.0,43.1,17.8,38.0
2023-11-28T03:00,38.2,26.5,497.0,43.5,18.8,31.0
2023-11-28T04:00,37.5,26.1,500.0,41.8,18.6,26.0
2023-11-28T05:00,38.4,26.8,497.0,39.0,17.8,22.0
2023-11-28T06:00,40.2,28.1,495.0,36.9,17.5,20.0
2023-11-28T07:00,41.9,29.3,502.0,37.0,18.4,17.0
2023-11-28T08:00,43.8,30.6,511.0,37.8,19.7,17.0
2023-11-28T09:00,47.4,33.2,504.0,35.9,20.1,32.0
2023-11-28T10:00,45.8,32.0,470.0,28.8,19.1,79.0
2023-11-28T11:00,43.5,30.5,421.0,19.0,17.1,142.0
2023-11-28T12:00,39.7,27.8,374.0,11.3,14.8,183.0
2023-11-28T13:00,37.5,26.3,333.0,7.6,11.8,183.0
2023-11-28T14:00,33.1,23.1,295.0,5.9,8.3,162.0
2023-11-28T15:00,27.5,19.2,268.0,5.1,5.8,144.0
2023-11-28T16:00,23.1,16.2,255.0,4.5,4.7,140.0
2023-11-28T17:00,21.6,15.1,254.0,4.8,4.5,138.0
2023-11-28T18:00,22.2,15.4,264.0,7.1,4.8,133.0
2023-11-28T19:00,23.2,16.1,288.0,12.5,5.5,120.0
2023-11-28T20:00,23.9,16.6,322.0,19.9,6.7,102.0
2023-11-28T21:00,25.7,17.9,359.0,26.7,8.3,86.0
2023-11-28T22:00,28.9,20.2,398.0,32.3,10.6,73.0
2023-11-28T23:00,33.5,23.5,438.0,37.2,13.2,62.0
2023-11-29T00:00,31.9,22.4,514.0,43.0,9.7,34.0
2023-11-29T01:00,27.2,19.2,483.0,39.3,9.2,36.0
2023-11-29T02:00,24.0,16.9,438.0,34.0,8.4,38.0
2023-11-29T03:00,20.5,14.4,390.0,28.5,7.7,42.0
2023-11-29T04:00,16.4,11.5,337.0,22.7,7.1,47.0
2023-11-29T05:00,12.8,9.0,282.0,16.7,6.5,54.0
2023-11-29T06:00,10.7,7.5,241.0,12.4,6.1,58.0
2023-11-29T07:00,9.9,7.0,225.0,10.9,5.9,58.0
2023-11-29T08:00,9.2,6.5,223.0,11.0,5.8,57.0
2023-11-29T09:00,8.3,5.9,227.0,11.1,5.7,58.0
2023-11-29T10:00,8.8,6.2,237.0,10.8,5.4,65.0
2023-11-29T11:00,11.3,7.9,252.0,10.5,5.0,74.0
2023-11-29T12:00,11.1,7.8,254.0,8.6,4.5,88.0
2023-11-29T13:00,10.6,7.4,246.0,7.0,3.9,93.0
2023-11-29T14:00,10.5,7.3,235.0,4.9,3.0,99.0
2023-11-29T15:00,10.0,7.0,228.0,3.6,2.4,102.0
2023-11-29T16:00,8.9,6.2,226.0,3.5,2.3,98.0
2023-11-29T17:00,9.0,6.3,229.0,4.3,2.5,91.0
2023-11-29T18:00,9.5,6.6,239.0,6.2,2.9,84.0
2023-11-29T19:00,10.3,7.2,263.0,10.2,3.4,78.0
2023-11-29T20:00,12.5,8.7,295.0,15.4,4.1,72.0
2023-11-29T21:00,13.4,9.4,319.0,19.4,4.8,66.0
2023-11-29T22:00,15.1,10.6,327.0,21.5,5.5,59.0
2023-11-29T23:00,13.1,9.2,327.0,22.5,6.3,53.0
2023-11-30T00:00,20.1,14.1,315.0,22.8,7.5,54.0
2023-11-30T01:00,18.3,12.8,299.0,20.3,6.8,56.0
2023-11-30T02:00,14.2,10.0,276.0,16.8,5.8,59.0
2023-11-30T03:00,10.7,7.5,256.0,13.9,5.1,61.0
2023-11-30T04:00,9.1,6.4,242.0,12.0,4.8,61.0
2023-11-30T05:00,9.0,6.3,231.0,10.7,4.7,59.0
2023-11-30T06:00,9.6,6.7,225.0,10.0,4.6,57.0
2023-11-30T07:00,9.9,6.9,225.0,10.4,4.7,53.0
2023-11-30T08:00,10.3,7.2,229.0,11.4,4.8,48.0
2023-11-30T09:00,11.2,7.8,234.0,11.8,4.7,47.0
2023-11-30T10:00,11.8,8.3,241.0,10.9,4.2,55.0
2023-11-30T11:00,11.1,7.8,248.0,9.4,3.6,67.0
2023-11-30T12:00,4.4,3.1,250.0,6.6,3.3,86.0
2023-11-30T13:00,4.7,3.3,247.0,5.6,3.2,94.0
2023-11-30T14:00,5.6,3.9,244.0,4.2,3.1,106.0
2023-11-30T15:00,6.7,4.7,240.0,3.4,3.0,113.0
2023-11-30T16:00,7.7,5.4,233.0,3.2,2.8,112.0
2023-11-30T17:00,6.8,4.8,226.0,3.4,2.5,107.0
2023-11-30T18:00,6.9,4.8,228.0,5.0,2.6,102.0
2023-11-30T19:00,8.3,5.7,243.0,8.2,3.1,99.0
2023-11-30T20:00,10.6,7.3,268.0,12.8,3.9,96.0
2023-11-30T21:00,15.3,10.6,300.0,18.1,5.4,92.0
2023-11-30T22:00,21.5,15.0,342.0,24.7,8.1,86.0
2023-11-30T23:00,27.3,19.0,392.0,32.1,11.4,78.0
2023-12-01T00:00,34.8,24.3,530.0,47.2,12.1,56.0
2023-12-01T01:00,39.3,27.4,519.0,43.9,11.4,58.0
2023-12-01T02:00,43.1,29.9,503.0,39.3,10.3,62.0
2023-12-01T03:00,45.3,31.4,482.0,34.6,9.3,63.0
2023-12-01T04:00,49.6,34.6,455.0,29.9,8.2,61.0
2023-12-01T05:00,44.8,31.2,424.0,25.2,7.1,56.0
2023-12-01T06:00,44.5,31.0,395.0,21.6,6.4,52.0
2023-12-01T07:00,41.8,29.1,371.0,20.0,6.2,46.0
2023-12-01T08:00,38.4,26.8,350.0,19.5,6.3,40.0
2023-12-01T09:00,32.5,22.6,329.0,18.3,6.5,45.0
2023-12-01T10:00,27.5,19.2,306.0,15.5,6.8,70.0
2023-12-01T11:00,24.0,16.7,284.0,12.0,7.2,105.0
2023-12-01T12:00,30.2,20.8,271.0,8.8,8.2,151.0
2023-12-01T13:00,32.2,22.2,262.0,7.4,7.7,161.0
2023-12-01T14:00,33.1,22.7,248.0,5.6,7.1,174.0
2023-12-01T15:00,31.2,21.4,237.0,4.4,6.6,182.0
2023-12-01T16:00,30.5,20.8,228.0,4.0,6.4,183.0
2023-12-01T17:00,31.2,21.1,221.0,4.2,6.4,178.0
2023-12-01T18:00,31.4,21.2,220.0,5.8,6.6,167.0
2023-12-01T19:00,31.2,21.1,229.0,9.8,7.0,147.0
2023-12-01T20:00,28.8,19.3,244.0,15.1,7.7,120.0
2023-12-01T21:00,26.7,18.2,256.0,20.0,8.4,95.0
2023-12-01T22:00,24.2,16.5,259.0,23.4,9.1,74.0
2023-12-01T23:00,23.8,16.3,259.0,26.3,9.9,56.0
2023-12-02T00:00,42.5,29.1,375.0,41.6,13.8,39.0
2023-12-02T01:00,49.9,34.5,403.0,45.4,14.4,31.0
2023-12-02T02:00,54.5,37.7,442.0,50.5,15.3,20.0
2023-12-02T03:00,57.4,39.8,465.0,53.4,15.9,12.0
2023-12-02T04:00,59.1,40.9,459.0,52.5,16.0,8.0
2023-12-02T05:00,59.6,41.2,438.0,49.4,15.9,7.0
2023-12-02T06:00,61.0,42.1,416.0,45.9,15.6,8.0
2023-12-02T07:00,59.6,41.3,397.0,42.8,15.1,4.0
2023-12-02T08:00,58.1,40.4,378.0,39.3,14.5,3.0
2023-12-02T09:00,57.6,40.0,363.0,34.8,14.3,20.0
2023-12-02T10:00,61.5,42.5,358.0,28.5,15.2,74.0
2023-12-02T11:00,61.5,42.6,358.0,21.2,16.6,148.0
2023-12-02T12:00,39.2,27.4,343.0,15.2,15.5,200.0
2023-12-02T13:00,32.6,22.8,319.0,12.0,13.4,205.0
2023-12-02T14:00,29.9,20.9,287.0,7.7,10.4,213.0
2023-12-02T15:00,27.9,19.5,262.0,4.6,8.2,218.0
2023-12-02T16:00,27.0,18.9,248.0,3.4,7.2,219.0
2023-12-02T17:00,27.0,18.8,242.0,3.4,6.9,217.0
2023-12-02T18:00,27.4,19.0,251.0,5.1,7.3,217.0
2023-12-02T19:00,29.6,20.5,278.0,9.2,8.4,222.0
2023-12-02T20:00,36.3,25.1,319.0,15.0,10.1,227.0
2023-12-02T21:00,45.9,31.7,371.0,20.9,12.0,224.0
2023-12-02T22:00,55.1,38.2,434.0,26.6,14.2,206.0
2023-12-02T23:00,64.5,44.7,507.0,32.4,16.6,179.0
2023-12-03T00:00,72.6,50.5,605.0,40.3,18.4,139.0
2023-12-03T01:00,84.3,58.8,685.0,43.7,17.2,115.0
2023-12-03T02:00,89.9,62.6,793.0,48.0,15.4,81.0
2023-12-03T03:00,90.3,63.1,857.0,49.3,13.8,55.0
2023-12-03T04:00,87.3,61.0,841.0,44.7,12.3,44.0
2023-12-03T05:00,82.9,57.9,780.0,37.0,10.8,40.0
2023-12-03T06:00,78.2,54.7,711.0,30.7,10.2,39.0
2023-12-03T07:00,72.4,50.6,638.0,27.9,10.9,36.0
2023-12-03T08:00,63.8,44.7,556.0,26.4,12.4,36.0
2023-12-03T09:00,57.4,40.2,484.0,24.3,13.7,52.0
2023-12-03T10:00,57.4,40.0,427.0,20.6,14.8,97.0
2023-12-03T11:00,51.6,35.9,380.0,16.3,15.8,158.0
2023-12-03T12:00,49.1,33.9,334.0,14.5,19.0,209.0
2023-12-03T13:00,50.5,34.9,319.0,11.7,16.8,221.0
2023-12-03T14:00,46.9,32.4,298.0,7.8,13.6,236.0
2023-12-03T15:00,43.9,30.2,280.0,5.1,11.0,245.0
2023-12-03T16:00,41.6,28.5,266.0,4.1,9.3,241.0
2023-12-03T17:00,39.6,27.1,254.0,4.1,8.0,231.0
2023-12-03T18:00,37.8,25.8,253.0,5.6,7.4,219.0
2023-12-03T19:00,37.4,25.4,268.0,9.2,7.7,209.0
2023-12-03T20:00,39.0,26.5,293.0,14.1,8.6,197.0
2023-12-03T21:00,43.2,29.5,314.0,18.8,9.7,181.0
2023-12-03T22:00,45.2,31.1,324.0,22.4,11.0,156.0
2023-12-03T23:00,46.0,31.8,331.0,25.7,12.5,125.0
2023-12-04T00:00,52.5,36.3,413.0,25.6,14.0,148.0
2023-12-04T01:00,54.8,38.0,418.0,26.2,14.0,135.0
2023-12-04T02:00,56.1,38.9,422.0,26.8,13.9,118.0
2023-12-04T03:00,54.2,37.6,415.0,26.5,13.7,103.0
2023-12-04T04:00,49.2,34.1,385.0,24.2,13.1,95.0
2023-12-04T05:00,48.2,33.3,342.0,21.0,12.4,89.0
2023-12-04T06:00,45.5,31.3,308.0,18.7,11.9,85.0
2023-12-04T07:00,43.7,29.9,289.0,18.6,11.8,78.0
2023-12-04T08:00,41.3,28.2,277.0,19.5,11.9,72.0
2023-12-04T09:00,44.7,30.5,275.0,19.3,12.0,79.0
2023-12-04T10:00,43.5,29.6,286.0,17.0,12.2,109.0
2023-12-04T11:00,45.6,31.0,306.0,13.7,12.4,152.0
2023-12-04T12:00,40.7,28.2,326.0,11.3,14.9,210.0
2023-12-04T13:00,44.0,30.6,328.0,9.7,14.3,233.0
2023-12-04T14:00,45.8,31.9,330.0,7.5,13.5,265.0
2023-12-04T15:00,45.8,31.9,327.0,6.0,12.5,282.0
2023-12-04T16:00,43.2,30.0,315.0,5.5,11.3,274.0
2023-12-04T17:00,39.8,27.6,298.0,5.7,9.9,252.0
2023-12-04T18:00,37.8,26.1,287.0,7.0,8.9,225.0
2023-12-04T19:00,36.9,25.1,290.0,10.4,8.5,195.0
2023-12-04T20:00,36.9,25.0,298.0,14.9,8.4,161.0
2023-12-04T21:00,32.9,22.4,298.0,18.2,8.2,130.0
2023-12-04T22:00,27.8,18.7,281.0,19.2,7.6,104.0
2023-12-04T23:00,22.9,15.4,257.0,19.0,7.0,81.0
2023-12-05T00:00,24.0,16.1,255.0,20.9,7.8,59.0
2023-12-05T01:00,23.3,15.7,254.0,22.3,8.2,52.0
2023-12-05T02:00,23.3,15.7,251.0,24.3,8.8,42.0
2023-12-05T03:00,24.6,16.5,248.0,25.6,9.3,34.0
2023-12-05T04:00,27.0,18.3,242.0,25.8,9.4,29.0
2023-12-05T05:00,29.5,19.8,235.0,25.3,9.4,27.0
2023-12-05T06:00,30.7,20.7,229.0,24.7,9.6,26.0
2023-12-05T07:00,30.4,20.4,222.0,24.5,10.1,25.0
2023-12-05T08:00,31.2,20.9,215.0,24.2,10.8,25.0
2023-12-05T09:00,32.0,21.5,215.0,22.8,11.2,35.0
2023-12-05T10:00,33.5,22.4,229.0,19.5,11.1,62.0
2023-12-05T11:00,35.4,23.6,249.0,15.2,10.7,99.0
2023-12-05T12:00,39.9,26.8,283.0,9.7,11.6,163.0
2023-12-05T13:00,41.2,27.8,282.0,8.2,10.9,178.0
2023-12-05T14:00,39.9,26.9,280.0,6.1,10.0,199.0
2023-12-05T15:00,37.5,25.3,278.0,4.8,9.1,210.0
2023-12-05T16:00,35.6,24.0,273.0,4.8,8.3,203.0
2023-12-05T17:00,34.8,23.5,268.0,5.6,7.5,186.0
2023-12-05T18:00,37.5,25.4,268.0,7.2,7.3,169.0
2023-12-05T19:00,37.3,25.1,277.0,9.7,7.9,156.0
2023-12-05T20:00,36.7,24.6,290.0,13.1,9.0,144.0
2023-12-05T21:00,35.4,23.7,301.0,16.6,10.1,128.0
2023-12-05T22:00,33.5,22.4,306.0,20.2,11.2,106.0
2023-12-05T23:00,31.0,20.7,308.0,24.0,12.3,80.0
2023-12-06T00:00,25.9,17.2,272.0,24.8,11.3,48.0
2023-12-06T01:00,26.5,17.6,278.0,27.1,11.9,41.0
2023-12-06T02:00,27.5,18.5,286.0,30.4,12.7,32.0
2023-12-06T03:00,28.8,19.5,295.0,33.1,13.3,23.0
2023-12-06T04:00,30.4,20.7,303.0,34.7,13.3,16.0
2023-12-06T05:00,33.8,23.2,312.0,35.7,13.0,11.0
2023-12-06T06:00,37.1,25.6,320.0,36.2,13.0,8.0
2023-12-06T07:00,40.0,27.6,330.0,36.9,13.7,5.0
2023-12-06T08:00,42.8,29.7,341.0,37.1,14.6,5.0
2023-12-06T09:00,46.1,31.9,344.0,34.6,14.7,21.0
2023-12-06T10:00,49.0,33.9,335.0,26.9,13.5,67.0
2023-12-06T11:00,40.9,28.3,319.0,16.4,11.5,128.0
2023-12-06T12:00,31.8,22.3,326.0,9.5,12.1,177.0
2023-12-06T13:00,27.7,19.4,317.0,8.0,10.1,178.0
2023-12-06T14:00,26.1,18.3,304.0,5.9,7.3,179.0
2023-12-06T15:00,25.6,17.9,294.0,4.7,5.2,177.0
2023-12-06T16:00,24.9,17.4,287.0,4.4,4.5,171.0
2023-12-06T17:00,24.7,17.3,282.0,5.0,4.5,163.0
2023-12-06T18:00,24.4,17.0,289.0,7.1,5.0,154.0
2023-12-06T19:00,24.6,17.1,310.0,11.3,5.8,145.0
2023-12-06T20:00,27.1,18.9,343.0,17.0,7.1,134.0
2023-12-06T21:00,29.2,20.4,387.0,23.6,8.6,120.0
2023-12-06T22:00,37.8,26.4,460.0,32.6,10.8,97.0
2023-12-06T23:00,43.3,30.3,544.0,42.5,13.3,69.0
2023-12-07T00:00,44.8,31.3,700.0,66.8,16.7,42.0
2023-12-07T01:00,41.9,29.3,644.0,58.3,14.7,41.0
2023-12-07T02:00,32.8,22.9,564.0,46.3,12.0,41.0
2023-12-07T03:00,25.0,17.5,485.0,35.7,9.8,42.0
2023-12-07T04:00,18.9,13.2,411.0,27.9,8.5,46.0
2023-12-07T05:00,14.3,10.0,338.0,21.4,7.7,52.0
2023-12-07T06:00,11.8,8.3,285.0,17.0,7.3,56.0
2023-12-07T07:00,11.4,7.9,264.0,15.8,7.4,54.0
2023-12-07T08:00,11.5,8.0,264.0,16.6,7.8,50.0
2023-12-07T09:00,12.3,8.6,266.0,16.5,8.0,55.0
2023-12-07T10:00,14.5,10.2,269.0,14.1,7.8,80.0
2023-12-07T11:00,15.9,11.1,274.0,10.7,7.4,114.0
2023-12-07T12:00,13.4,9.4,271.0,7.8,7.2,143.0
2023-12-07T13:00,11.2,7.8,255.0,6.3,6.1,142.0
2023-12-07T14:00,9.9,6.9,234.0,4.3,4.6,140.0
2023-12-07T15:00,9.3,6.5,218.0,3.0,3.5,137.0
2023-12-07T16:00,8.7,6.1,210.0,2.6,3.1,135.0
2023-12-07T17:00,8.1,5.7,207.0,2.8,3.0,132.0
2023-12-07T18:00,8.7,6.1,213.0,4.4,3.2,127.0
2023-12-07T19:00,9.7,6.8,232.0,7.8,3.4,117.0
2023-12-07T20:00,11.4,8.0,261.0,12.5,3.8,105.0
2023-12-07T21:00,13.2,9.3,294.0,17.6,4.7,91.0
2023-12-07T22:00,12.1,8.5,333.0,23.4,6.4,75.0
2023-12-07T23:00,16.4,11.4,376.0,29.6,8.6,58.0
2023-12-08T00:00,16.9,11.9,338.0,26.1,7.7,51.0
2023-12-08T01:00,12.8,9.0,335.0,25.6,7.5,48.0
2023-12-08T02:00,13.8,9.7,331.0,24.9,7.2,44.0
2023-12-08T03:00,15.3,10.7,324.0,23.7,7.0,40.0
2023-12-08T04:00,15.4,10.7,312.0,21.6,6.8,38.0
2023-12-08T05:00,16.1,11.2,298.0,19.1,6.6,36.0
2023-12-08T06:00,15.8,11.0,290.0,17.5,6.7,34.0
2023-12-08T07:00,15.8,11.0,296.0,18.0,7.2,29.0
2023-12-08T08:00,16.3,11.4,309.0,19.4,7.9,23.0
2023-12-08T09:00,15.6,10.9,317.0,19.3,8.3,28.0
2023-12-08T10:00,15.9,11.2,318.0,16.1,8.0,53.0
2023-12-08T11:00,18.3,12.8,313.0,11.5,7.3,89.0
2023-12-08T12:00,15.0,10.5,312.0,12.8,8.4,92.0
2023-12-08T13:00,18.4,12.9,290.0,9.7,7.1,106.0
2023-12-08T14:00,17.8,12.5,260.0,5.6,5.2,124.0
2023-12-08T15:00,14.3,10.0,238.0,3.5,3.9,131.0
2023-12-08T16:00,12.0,8.3,235.0,5.1,3.7,116.0
2023-12-08T17:00,12.6,8.5,241.0,8.6,4.0,91.0
2023-12-08T18:00,14.3,9.6,242.0,11.8,4.2,69.0
2023-12-08T19:00,13.0,8.7,232.0,14.4,4.1,57.0
2023-12-08T20:00,11.3,7.4,218.0,16.7,4.0,48.0
2023-12-08T21:00,10.2,6.8,202.0,17.6,3.8,43.0
2023-12-08T22:00,9.5,6.2,184.0,16.2,3.6,42.0
2023-12-08T23:00,8.8,5.7,165.0,13.5,3.4,44.0
2023-12-09T00:00,8.4,5.4,153.0,11.9,4.2,47.0
2023-12-09T01:00,8.9,5.7,148.0,11.2,4.0,47.0
2023-12-09T02:00,9.5,6.0,140.0,10.1,3.8,47.0
2023-12-09T03:00,8.5,5.4,133.0,9.2,3.6,47.0
2023-12-09T04:00,8.4,5.3,126.0,8.4,3.4,46.0
2023-12-09T05:00,9.1,5.7,120.0,7.8,3.2,45.0
2023-12-09T06:00,9.3,5.8,115.0,7.4,3.1,44.0
2023-12-09T07:00,10.2,6.2,111.0,7.4,3.2,42.0
2023-12-09T08:00,10.3,6.3,110.0,7.7,3.4,41.0
2023-12-09T09:00,10.1,6.1,115.0,8.5,3.8,40.0
2023-12-09T10:00,10.9,6.6,135.0,10.3,4.4,40.0
2023-12-09T11:00,13.3,8.2,162.0,12.6,5.1,42.0
2023-12-09T12:00,15.7,10.0,175.0,13.4,6.0,51.0
2023-12-09T13:00,17.2,10.7,168.0,11.6,6.0,59.0
2023-12-09T14:00,19.3,12.1,157.0,9.1,5.9,70.0
2023-12-09T15:00,19.4,12.1,151.0,7.5,5.8,78.0
2023-12-09T16:00,19.9,12.4,152.0,7.3,5.7,80.0
2023-12-09T17:00,20.0,12.3,156.0,8.0,5.6,79.0
2023-12-09T18:00,19.7,12.3,160.0,9.2,5.5,74.0
2023-12-09T19:00,18.0,11.2,164.0,11.2,5.3,64.0
2023-12-09T20:00,16.9,10.6,168.0,13.6,5.2,52.0
2023-12-09T21:00,15.4,9.5,170.0,15.5,5.2,41.0
2023-12-09T22:00,14.3,9.0,167.0,16.3,5.6,35.0
2023-12-09T23:00,13.0,8.3,161.0,16.6,6.3,31.0
2023-12-10T00:00,8.8,5.7,154.0,14.7,6.4,31.0
2023-12-10T01:00,8.0,5.3,151.0,14.3,6.4,31.0
2023-12-10T02:00,8.0,5.3,147.0,13.7,6.4,31.0
2023-12-10T03:00,7.8,5.2,142.0,13.1,6.4,31.0
2023-12-10T04:00,7.7,5.2,136.0,12.6,6.4,31.0
2023-12-10T05:00,8.3,5.6,130.0,12.1,6.4,31.0
2023-12-10T06:00,8.6,5.9,127.0,12.0,6.6,31.0
2023-12-10T07:00,9.2,6.3,126.0,12.6,7.1,29.0
2023-12-10T08:00,9.2,6.4,128.0,13.5,7.8,27.0
2023-12-10T09:00,9.6,6.7,134.0,13.9,8.2,29.0
2023-12-10T10:00,10.0,7.0,150.0,13.5,8.0,37.0
2023-12-10T11:00,11.3,7.9,171.0,12.7,7.6,48.0
2023-12-10T12:00,15.1,10.6,186.0,9.2,7.4,80.0
2023-12-10T13:00,17.4,12.2,193.0,9.1,7.7,88.0
2023-12-10T14:00,20.9,14.6,202.0,9.0,8.0,100.0
2023-12-10T15:00,24.1,16.7,205.0,8.9,8.1,106.0
2023-12-10T16:00,23.7,16.2,197.0,8.5,7.7,104.0
2023-12-10T17:00,22.8,15.4,183.0,8.2,7.0,97.0
2023-12-10T18:00,19.7,13.0,175.0,9.0,6.5,88.0
2023-12-10T19:00,18.8,12.4,178.0,11.5,6.3,77.0
2023-12-10T20:00,15.9,10.5,187.0,15.1,6.3,63.0
2023-12-10T21:00,17.1,11.3,197.0,18.7,6.7,51.0
2023-12-10T22:00,17.8,11.7,206.0,22.3,7.9,42.0
2023-12-10T23:00,20.1,13.2,216.0,25.9,9.6,35.0
2023-12-11T00:00,14.5,9.6,184.0,18.7,6.7,43.0
2023-12-11T01:00,12.2,8.3,193.0,20.3,7.5,41.0
2023-12-11T02:00,11.6,7.9,205.0,22.4,8.7,38.0
2023-12-11T03:00,11.2,7.7,212.0,23.7,9.6,36.0
2023-12-11T04:00,11.3,7.8,211.0,23.6,10.2,35.0
2023-12-11T05:00,13.4,9.2,205.0,22.6,10.6,35.0
2023-12-11T06:00,15.2,10.5,200.0,21.2,10.6,37.0
2023-12-11T07:00,13.6,9.5,198.0,19.3,9.9,41.0
2023-12-11T08:00,12.6,8.7,197.0,16.9,8.7,47.0
2023-12-11T09:00,13.5,9.4,200.0,14.5,7.6,57.0
2023-12-11T10:00,14.3,10.0,213.0,11.9,6.6,73.0
2023-12-11T11:00,16.6,11.6,230.0,9.3,5.6,93.0
2023-12-11T12:00,20.2,14.1,247.0,7.9,6.6,123.0
2023-12-11T13:00,18.3,12.8,233.0,6.9,5.5,118.0
2023-12-11T14:00,14.2,9.9,213.0,5.6,4.0,112.0
2023-12-11T15:00,15.2,10.5,195.0,4.6,2.9,106.0
2023-12-11T16:00,13.9,9.7,182.0,3.9,2.5,103.0
2023-12-11T17:00,10.4,7.2,171.0,3.4,2.4,100.0
2023-12-11T18:00,10.6,7.1,164.0,4.1,2.6,93.0
2023-12-11T19:00,11.6,7.7,164.0,6.9,3.1,78.0
2023-12-11T20:00,10.7,7.2,167.0,10.8,3.8,59.0
2023-12-11T21:00,9.1,6.0,168.0,13.5,4.3,45.0
2023-12-11T22:00,8.3,5.4,161.0,13.9,4.5,39.0
2023-12-11T23:00,7.5,4.9,152.0,13.2,4.6,37.0
2023-12-12T00:00,9.6,6.1,136.0,11.7,4.5,36.0
2023-12-12T01:00,8.9,5.7,136.0,11.6,4.5,36.0
2023-12-12T02:00,8.5,5.5,136.0,11.5,4.4,37.0
2023-12-12T03:00,8.2,5.4,135.0,11.5,4.6,37.0
2023-12-12T04:00,8.6,5.7,133.0,11.8,5.1,36.0
2023-12-12T05:00,9.3,6.2,131.0,12.2,5.9,35.0
2023-12-12T06:00,10.2,6.7,131.0,12.7,6.6,34.0
2023-12-12T07:00,10.9,7.2,132.0,13.6,7.4,31.0
2023-12-12T08:00,11.8,7.9,135.0,14.5,8.1,29.0
2023-12-12T09:00,12.5,8.4,141.0,14.6,8.6,33.0
2023-12-12T10:00,13.5,9.1,155.0,13.1,8.6,50.0
2023-12-12T11:00,15.3,10.3,172.0,10.6,8.3,73.0
2023-12-12T12:00,14.1,9.7,185.0,9.2,7.8,87.0
2023-12-12T13:00,16.5,11.3,181.0,7.6,7.3,99.0
2023-12-12T14:00,18.0,12.2,176.0,5.4,6.5,114.0
2023-12-12T15:00,18.9,12.7,172.0,3.9,5.9,125.0
2023-12-12T16:00,19.8,13.2,168.0,3.4,5.5,127.0
2023-12-12T17:00,18.9,12.5,165.0,3.4,5.2,124.0
2023-12-12T18:00,18.0,11.9,164.0,4.2,5.0,117.0
2023-12-12T19:00,17.1,11.3,166.0,5.7,4.9,106.0
2023-12-12T20:00,16.0,10.6,171.0,7.8,4.9,92.0
2023-12-12T21:00,15.0,9.9,177.0,10.5,5.3,78.0
2023-12-12T22:00,14.0,9.3,184.0,14.1,6.2,63.0
2023-12-12T23:00,14.1,9.3,193.0,18.1,7.5,47.0
2023-12-13T00:00,13.3,8.8,177.0,19.6,8.1,34.0
2023-12-13T01:00,14.3,9.5,183.0,21.1,8.5,31.0
2023-12-13T02:00,15.0,10.1,192.0,23.2,9.0,26.0
2023-12-13T03:00,16.2,11.0,198.0,24.9,9.4,22.0
2023-12-13T04:00,18.3,12.5,198.0,25.8,9.5,19.0
2023-12-13T05:00,20.9,14.5,194.0,26.3,9.4,16.0
2023-12-13T06:00,22.5,15.6,192.0,26.3,9.4,15.0
2023-12-13T07:00,22.5,15.7,192.0,26.1,9.7,11.0
2023-12-13T08:00,22.8,15.8,193.0,25.4,10.1,8.0
2023-12-13T09:00,24.5,17.1,198.0,23.4,10.5,20.0
2023-12-13T10:00,26.5,18.4,212.0,19.2,11.1,61.0
2023-12-13T11:00,29.6,20.5,230.0,13.7,11.8,117.0
2023-12-13T12:00,35.5,22.9,247.0,9.7,12.3,166.0
2023-12-13T13:00,32.5,23.0,237.0,8.0,11.1,172.0
2023-12-13T14:00,28.8,21.9,224.0,5.7,9.5,180.0
2023-12-13T15:00,28.9,23.1,214.0,4.1,8.2,187.0
2023-12-13T16:00,28.9,23.1,209.0,3.5,7.6,193.0
2023-12-13T17:00,28.9,24.5,208.0,3.5,7.5,197.0
2023-12-13T18:00,29.0,23.6,211.0,4.8,7.5,193.0
2023-12-13T19:00,30.2,22.9,220.0,8.0,7.8,176.0
2023-12-13T20:00,30.7,21.8,233.0,12.3,8.4,151.0
2023-12-13T21:00,29.1,20.8,244.0,16.2,8.9,128.0
2023-12-13T22:00,28.1,19.8,248.0,18.7,9.2,109.0
2023-12-13T23:00,29.6,20.7,250.0,20.6,9.4,91.0
2023-12-14T00:00,29.8,19.6,235.0,17.9,9.2,94.0
2023-12-14T01:00,30.3,20.3,254.0,21.4,9.5,79.0
2023-12-14T02:00,33.2,21.0,279.0,26.2,9.9,58.0
2023-12-14T03:00,36.1,21.3,295.0,29.6,10.4,41.0
2023-12-14T04:00,38.8,21.8,294.0,30.4,11.2,33.0
2023-12-14T05:00,41.2,22.9,284.0,29.8,12.2,29.0
2023-12-14T06:00,43.1,24.0,272.0,28.7,13.0,28.0
2023-12-14T07:00,44.2,24.9,257.0,27.5,13.8,27.0
2023-12-14T08:00,44.8,27.0,240.0,25.7,14.4,30.0
2023-12-14T09:00,42.8,29.1,232.0,22.9,14.5,45.0
2023-12-14T10:00,41.0,31.2,244.0,18.3,13.6,85.0
2023-12-14T11:00,39.2,30.7,265.0,12.6,12.0,138.0
2023-12-14T12:00,37.5,27.7,287.0,10.2,13.1,198.0
2023-12-14T13:00,30.0,23.8,270.0,8.4,11.4,200.0
2023-12-14T14:00,24.3,18.4,247.0,6.0,9.2,202.0
2023-12-14T15:00,23.1,17.3,228.0,4.2,7.3,201.0
2023-12-14T16:00,22.2,16.9,214.0,3.4,6.3,196.0
2023-12-14T17:00,21.2,16.5,204.0,3.2,5.7,188.0
2023-12-14T18:00,21.7,16.2,204.0,4.3,5.5,181.0
2023-12-14T19:00,25.0,16.2,217.0,7.2,5.9,178.0
2023-12-14T20:00,30.2,18.3,241.0,11.3,6.7,176.0
2023-12-14T21:00,34.8,22.2,276.0,16.0,7.7,168.0
2023-12-14T22:00,41.9,26.6,329.0,22.0,8.9,146.0
2023-12-14T23:00,50.6,31.3,393.0,28.6,10.2,118.0
2023-12-15T00:00,54.6,35.6,434.0,31.9,12.5,107.0
2023-12-15T01:00,60.1,39.2,452.0,31.4,12.2,100.0
2023-12-15T02:00,64.0,41.3,477.0,30.6,11.8,89.0
2023-12-15T03:00,65.9,41.9,488.0,29.1,11.2,81.0
2023-12-15T04:00,65.7,42.6,475.0,26.3,10.4,76.0
2023-12-15T05:00,64.3,42.8,448.0,22.9,9.4,73.0
2023-12-15T06:00,62.4,41.4,421.0,20.4,8.9,72.0
2023-12-15T07:00,61.7,37.5,397.0,19.9,8.9,66.0
2023-12-15T08:00,60.5,34.5,372.0,20.3,9.2,62.0
2023-12-15T09:00,58.6,33.6,354.0,19.7,10.2,75.0
2023-12-15T10:00,61.7,32.6,349.0,17.0,12.7,123.0
2023-12-15T11:00,55.8,27.9,349.0,13.4,15.8,189.0
2023-12-15T12:00,39.1,27.4,306.0,11.7,16.4,227.0
2023-12-15T13:00,36.7,25.6,286.0,9.5,14.2,224.0
2023-12-15T14:00,29.6,20.6,258.0,6.5,11.2,220.0
2023-12-15T15:00,27.1,18.9,239.0,4.5,8.8,216.0
2023-12-15T16:00,25.5,17.8,232.0,3.9,7.5,214.0
2023-12-15T17:00,27.5,19.0,234.0,4.3,6.9,213.0
2023-12-15T18:00,30.3,20.8,244.0,5.7,6.5,211.0
2023-12-15T19:00,35.9,24.5,264.0,8.7,6.4,211.0
2023-12-15T20:00,42.3,28.9,294.0,12.7,6.7,211.0
2023-12-15T21:00,45.4,31.1,329.0,16.7,7.0,204.0
2023-12-15T22:00,50.4,34.8,378.0,21.0,7.6,183.0
2023-12-15T23:00,56.9,39.5,433.0,25.2,8.2,155.0
2023-12-16T00:00,66.4,46.0,525.0,33.6,12.7,129.0
2023-12-16T01:00,76.1,52.7,544.0,31.4,11.2,126.0
2023-12-16T02:00,84.1,58.4,568.0,28.1,9.0,121.0
2023-12-16T03:00,86.6,60.3,576.0,24.8,7.2,117.0
2023-12-16T04:00,87.8,61.2,555.0,21.3,6.1,114.0
2023-12-16T05:00,88.2,61.5,517.0,17.6,5.2,111.0
2023-12-16T06:00,84.8,59.0,479.0,15.1,4.7,108.0
2023-12-16T07:00,78.5,54.6,446.0,14.6,4.3,99.0
2023-12-16T08:00,67.1,46.7,413.0,15.2,4.2,88.0
2023-12-16T09:00,60.8,42.3,383.0,15.1,4.6,91.0
2023-12-16T10:00,57.6,40.0,360.0,13.4,6.2,119.0
2023-12-16T11:00,53.0,36.7,341.0,10.9,8.3,160.0
2023-12-16T12:00,45.3,31.5,328.0,8.9,9.6,199.0
2023-12-16T13:00,38.2,26.7,299.0,7.5,8.9,199.0
2023-12-16T14:00,31.8,22.2,260.0,5.6,8.0,198.0
2023-12-16T15:00,28.7,20.0,231.0,4.3,7.2,198.0
2023-12-16T16:00,28.2,19.6,221.0,3.8,6.8,200.0
2023-12-16T17:00,28.7,19.8,222.0,4.0,6.5,202.0
2023-12-16T18:00,29.2,20.1,233.0,5.4,6.6,202.0
2023-12-16T19:00,31.8,22.0,258.0,9.1,7.4,199.0
2023-12-16T20:00,33.6,23.2,293.0,14.2,8.5,193.0
2023-12-16T21:00,35.4,24.5,323.0,18.0,9.0,184.0
2023-12-16T22:00,36.8,25.6,345.0,19.5,8.4,172.0
2023-12-16T23:00,42.4,29.5,363.0,19.9,7.2,157.0
2023-12-17T00:00,34.0,23.7,356.0,22.5,8.1,123.0
2023-12-17T01:00,38.4,26.8,377.0,24.4,8.9,107.0
2023-12-17T02:00,42.5,29.7,404.0,27.0,9.9,84.0
2023-12-17T03:00,45.3,31.7,416.0,28.2,10.7,67.0
2023-12-17T04:00,46.2,32.4,398.0,26.6,10.9,61.0
2023-12-17T05:00,44.8,31.3,364.0,23.6,10.8,60.0
2023-12-17T06:00,44.0,30.6,336.0,21.5,10.8,59.0
2023-12-17T07:00,44.2,30.7,323.0,21.9,11.2,52.0
2023-12-17T08:00,45.2,31.4,315.0,23.2,11.7,45.0
2023-12-17T09:00,48.0,33.4,307.0,22.7,11.9,53.0
2023-12-17T10:00,48.8,34.0,298.0,18.5,11.6,89.0
2023-12-17T11:00,43.1,30.0,288.0,12.4,11.0,139.0
2023-12-17T12:00,37.8,26.4,278.0,8.1,10.4,178.0
2023-12-17T13:00,30.2,21.0,252.0,6.8,9.1,173.0
2023-12-17T14:00,24.8,17.3,217.0,5.0,7.4,168.0
2023-12-17T15:00,23.3,16.1,198.0,4.0,6.2,168.0
2023-12-17T16:00,25.6,17.6,209.0,4.0,6.1,182.0
2023-12-17T17:00,32.2,22.2,235.0,4.8,6.7,201.0
2023-12-17T18:00,35.0,24.2,264.0,6.6,7.2,214.0
2023-12-17T19:00,35.9,24.7,286.0,9.6,7.4,214.0
2023-12-17T20:00,38.5,26.6,310.0,13.5,7.6,208.0
2023-12-17T21:00,42.3,29.2,345.0,17.9,8.3,195.0
2023-12-17T22:00,48.5,33.6,407.0,23.8,10.1,173.0
2023-12-17T23:00,57.9,40.3,480.0,30.3,12.4,145.0
2023-12-18T00:00,64.5,44.9,527.0,33.8,13.9,123.0
2023-12-18T01:00,70.8,49.4,526.0,32.0,13.6,113.0
2023-12-18T02:00,72.2,50.2,498.0,27.3,12.5,108.0
2023-12-18T03:00,71.5,49.6,469.0,23.3,11.8,103.0
2023-12-18T04:00,65.2,45.3,448.0,21.1,12.1,93.0
2023-12-18T05:00,64.5,44.7,426.0,19.5,12.8,83.0
2023-12-18T06:00,62.6,43.5,406.0,18.6,13.3,73.0
2023-12-18T07:00,60.5,42.1,389.0,19.0,13.4,60.0
2023-12-18T08:00,58.3,40.5,374.0,20.1,13.3,48.0
2023-12-18T09:00,56.1,38.9,359.0,19.8,13.2,53.0
2023-12-18T10:00,51.2,35.4,345.0,16.8,13.1,89.0
2023-12-18T11:00,49.5,34.1,331.0,12.5,12.9,141.0
2023-12-18T12:00,46.7,32.6,330.0,8.9,14.3,219.0
2023-12-18T13:00,40.2,27.9,307.0,7.6,13.0,220.0
2023-12-18T14:00,35.4,24.6,275.0,5.9,11.2,220.0
2023-12-18T15:00,35.6,24.6,250.0,4.7,9.7,220.0
2023-12-18T16:00,34.1,23.5,241.0,4.5,9.0,220.0
2023-12-18T17:00,34.2,23.5,238.0,4.8,8.6,219.0
2023-12-18T18:00,33.1,22.5,235.0,5.8,8.4,210.0
2023-12-18T19:00,30.7,20.7,225.0,7.5,8.1,189.0
2023-12-18T20:00,28.2,18.6,215.0,9.9,8.0,160.0
2023-12-18T21:00,25.7,16.7,209.0,12.9,8.2,132.0
2023-12-18T22:00,24.2,15.8,213.0,17.1,9.1,106.0
2023-12-18T23:00,25.3,16.8,222.0,21.9,10.5,81.0
2023-12-19T00:00,22.5,14.8,193.0,21.9,10.4,67.0
2023-12-19T01:00,23.9,15.8,192.0,22.3,10.2,62.0
2023-12-19T02:00,25.8,17.2,191.0,22.7,10.0,56.0
2023-12-19T03:00,26.1,17.5,185.0,22.5,9.8,51.0
2023-12-19T04:00,25.8,17.5,172.0,21.0,9.5,48.0
2023-12-19T05:00,24.8,16.9,154.0,18.9,9.1,47.0
2023-12-19T06:00,23.7,16.1,142.0,17.6,9.2,46.0
2023-12-19T07:00,22.6,15.4,137.0,18.2,10.1,40.0
2023-12-19T08:00,21.7,14.7,138.0,19.6,11.3,35.0
2023-12-19T09:00,21.4,14.6,145.0,19.6,12.2,42.0
2023-12-19T10:00,22.8,15.4,165.0,16.6,12.4,73.0
2023-12-19T11:00,26.6,18.2,193.0,12.2,12.2,117.0
2023-12-19T12:00,18.6,13.0,203.0,8.5,11.4,146.0
2023-12-19T13:00,22.3,15.6,206.0,7.2,11.0,162.0
2023-12-19T14:00,24.3,17.0,209.0,5.3,10.4,183.0
2023-12-19T15:00,25.6,17.9,209.0,4.1,9.8,195.0
2023-12-19T16:00,25.0,17.4,202.0,3.8,9.1,192.0
2023-12-19T17:00,24.6,16.9,192.0,4.2,8.3,181.0
2023-12-19T18:00,23.7,16.1,184.0,5.2,7.7,164.0
2023-12-19T19:00,23.1,15.4,181.0,7.4,7.3,141.0
2023-12-19T20:00,20.4,13.4,179.0,10.2,6.9,113.0
2023-12-19T21:00,17.4,11.5,174.0,12.4,6.7,88.0
2023-12-19T22:00,14.3,9.5,162.0,13.1,6.5,66.0
2023-12-19T23:00,9.8,6.4,146.0,13.0,6.3,47.0
2023-12-20T00:00,9.7,6.3,148.0,14.6,6.6,37.0
2023-12-20T01:00,8.8,5.8,148.0,14.8,6.6,34.0
2023-12-20T02:00,8.9,5.9,148.0,15.2,6.7,30.0
2023-12-20T03:00,9.1,6.1,147.0,15.6,6.8,27.0
2023-12-20T04:00,9.5,6.4,144.0,16.1,7.0,24.0
2023-12-20T05:00,11.0,7.5,140.0,16.6,7.2,22.0
2023-12-20T06:00,11.3,7.7,137.0,16.9,7.5,21.0
2023-12-20T07:00,12.5,8.5,134.0,17.2,7.8,19.0
2023-12-20T08:00,13.1,8.9,132.0,17.3,8.0,18.0
2023-12-20T09:00,13.5,9.2,136.0,16.4,8.2,26.0
2023-12-20T10:00,14.4,9.8,151.0,13.8,8.4,49.0
2023-12-20T11:00,15.7,10.7,172.0,10.4,8.5,81.0
2023-12-20T12:00,17.1,11.6,185.0,7.4,8.4,106.0
2023-12-20T13:00,17.9,12.3,183.0,5.5,7.7,119.0
2023-12-20T14:00,17.9,12.2,172.0,4.1,6.8,127.0
2023-12-20T15:00,17.3,11.7,164.0,3.3,6.0,130.0
2023-12-20T16:00,17.6,11.8,161.0,3.0,5.7,131.0
2023-12-20T17:00,18.1,12.0,159.0,3.2,5.5,127.0
2023-12-20T18:00,17.1,11.3,159.0,4.2,5.5,119.0
2023-12-20T19:00,15.8,10.3,163.0,6.5,5.5,102.0
2023-12-20T20:00,14.9,9.7,169.0,9.6,5.7,80.0
2023-12-20T21:00,12.4,8.1,171.0,12.2,5.8,61.0
2023-12-20T22:00,9.5,6.2,167.0,13.6,5.9,47.0
2023-12-20T23:00,7.7,5.1,159.0,14.5,6.1,36.0
2023-12-21T00:00,10.1,6.8,146.0,14.8,5.5,29.0
2023-12-21T01:00,9.6,6.5,147.0,15.3,5.9,27.0
2023-12-21T02:00,9.6,6.5,147.0,16.0,6.4,24.0
2023-12-21T03:00,8.7,6.0,147.0,16.7,6.8,21.0
2023-12-21T04:00,9.2,6.4,145.0,17.1,7.0,19.0
2023-12-21T05:00,10.1,7.0,142.0,17.5,7.1,18.0
2023-12-21T06:00,11.0,7.6,141.0,17.9,7.5,17.0
2023-12-21T07:00,11.9,8.3,141.0,18.9,8.4,13.0
2023-12-21T08:00,12.9,9.0,144.0,20.0,9.5,9.0
2023-12-21T09:00,14.3,9.9,155.0,19.8,10.7,22.0
2023-12-21T10:00,18.2,12.6,183.0,17.3,12.1,65.0
2023-12-21T11:00,26.1,18.0,219.0,13.4,13.5,123.0
2023-12-21T12:00,29.1,20.1,248.0,9.4,13.6,167.0
2023-12-21T13:00,31.1,21.5,246.0,7.9,12.5,178.0
2023-12-21T14:00,32.2,22.2,243.0,5.9,10.9,194.0
2023-12-21T15:00,33.3,22.9,241.0,4.6,9.5,203.0
2023-12-21T16:00,32.8,22.6,238.0,4.5,8.4,201.0
2023-12-21T17:00,38.6,26.5,236.0,5.2,7.5,192.0
2023-12-21T18:00,34.1,23.3,237.0,6.5,7.0,182.0
2023-12-21T19:00,32.6,22.2,246.0,8.8,7.0,174.0
2023-12-21T20:00,31.5,21.4,259.0,11.7,7.4,164.0
2023-12-21T21:00,29.5,20.1,266.0,14.5,7.9,150.0
2023-12-21T22:00,29.1,19.8,261.0,16.7,8.6,129.0
2023-12-21T23:00,27.4,18.6,250.0,18.8,9.5,103.0
2023-12-22T00:00,19.9,13.6,245.0,24.5,10.6,55.0
2023-12-22T01:00,19.8,13.5,247.0,26.4,10.8,45.0
2023-12-22T02:00,21.0,14.3,249.0,29.1,11.1,31.0
2023-12-22T03:00,22.6,15.5,247.0,30.9,11.5,21.0
2023-12-22T04:00,24.2,16.8,238.0,31.0,11.9,17.0
2023-12-22T05:00,25.0,17.3,225.0,30.2,12.3,16.0
2023-12-22T06:00,25.6,17.8,216.0,29.5,12.8,17.0
2023-12-22T07:00,26.1,18.1,212.0,29.8,13.7,14.0
2023-12-22T08:00,27.3,18.9,212.0,30.1,14.8,13.0
2023-12-22T09:00,28.6,19.8,218.0,28.3,15.3,27.0
2023-12-22T10:00,31.5,21.9,236.0,22.6,14.8,72.0
2023-12-22T11:00,37.4,26.0,259.0,14.8,13.7,132.0
2023-12-22T12:00,25.1,17.5,272.0,8.8,11.5,166.0
2023-12-22T13:00,21.2,14.8,256.0,7.2,9.5,163.0
2023-12-22T14:00,19.6,13.6,235.0,5.1,6.6,158.0
2023-12-22T15:00,16.5,11.5,218.0,3.9,4.6,152.0
2023-12-22T16:00,14.8,10.3,208.0,4.3,4.1,142.0
2023-12-22T17:00,15.6,10.8,203.0,5.7,4.3,130.0
2023-12-22T18:00,19.4,13.4,207.0,7.7,4.7,121.0
2023-12-22T19:00,21.2,14.8,222.0,10.4,5.0,120.0
2023-12-22T20:00,22.4,15.6,246.0,13.7,5.4,123.0
2023-12-22T21:00,24.2,16.9,274.0,17.5,6.4,121.0
2023-12-22T22:00,26.5,18.6,307.0,22.3,8.4,110.0
2023-12-22T23:00,29.5,20.6,344.0,27.6,10.9,94.0
2023-12-23T00:00,37.3,26.0,450.0,41.3,16.2,53.0
2023-12-23T01:00,38.1,26.6,453.0,41.4,16.7,48.0
2023-12-23T02:00,39.3,27.5,457.0,41.4,17.5,41.0
2023-12-23T03:00,40.3,28.2,456.0,40.6,17.6,34.0
2023-12-23T04:00,40.4,28.3,448.0,38.4,16.8,28.0
2023-12-23T05:00,39.3,27.5,435.0,35.3,15.4,23.0
2023-12-23T06:00,38.3,26.8,421.0,32.3,14.0,21.0
2023-12-23T07:00,37.1,26.0,409.0,30.1,12.9,20.0
2023-12-23T08:00,35.5,24.9,395.0,28.0,11.9,21.0
2023-12-23T09:00,33.3,23.3,375.0,24.9,10.8,30.0
2023-12-23T10:00,26.8,18.7,342.0,19.6,9.4,56.0
2023-12-23T11:00,21.2,14.8,301.0,13.4,7.9,90.0
2023-12-23T12:00,13.5,9.5,251.0,8.0,5.7,114.0
2023-12-23T13:00,12.6,8.8,240.0,6.4,5.1,122.0
2023-12-23T14:00,12.3,8.6,224.0,4.4,4.4,133.0
2023-12-23T15:00,10.9,7.6,214.0,3.4,3.9,138.0
2023-12-23T16:00,9.4,6.6,209.0,4.0,3.7,131.0
2023-12-23T17:00,9.5,6.6,208.0,5.6,3.8,119.0
2023-12-23T18:00,13.4,9.3,221.0,8.6,4.6,110.0
2023-12-23T19:00,21.4,14.9,257.0,13.5,6.5,110.0
2023-12-23T20:00,27.2,19.0,306.0,19.8,9.1,114.0
2023-12-23T21:00,31.1,21.7,350.0,25.4,11.4,112.0
2023-12-23T22:00,33.8,23.6,382.0,29.7,13.3,98.0
2023-12-23T23:00,35.5,24.8,410.0,33.4,15.0,79.0
2023-12-24T00:00,26.4,18.5,387.0,35.4,12.2,42.0
2023-12-24T01:00,28.0,19.6,401.0,37.0,12.0,35.0
2023-12-24T02:00,27.6,19.3,419.0,39.0,11.8,24.0
2023-12-24T03:00,26.4,18.5,419.0,39.1,11.5,18.0
2023-12-24T04:00,24.2,16.9,385.0,35.6,11.1,18.0
2023-12-24T05:00,20.8,14.5,333.0,30.3,10.7,23.0
2023-12-24T06:00,19.1,13.4,290.0,25.5,10.1,27.0
2023-12-24T07:00,18.5,12.9,264.0,22.5,9.4,29.0
2023-12-24T08:00,17.9,12.6,247.0,20.2,8.6,30.0
2023-12-24T09:00,16.9,11.9,235.0,17.6,7.8,38.0
2023-12-24T10:00,16.1,11.3,231.0,14.1,6.9,57.0
2023-12-24T11:00,16.6,11.6,233.0,10.4,6.0,82.0
2023-12-24T12:00,7.3,5.1,227.0,8.2,5.1,90.0
2023-12-24T13:00,8.6,6.0,220.0,6.7,4.7,102.0
2023-12-24T14:00,10.0,7.0,211.0,4.7,4.2,119.0
2023-12-24T15:00,10.4,7.3,203.0,3.3,3.8,131.0
2023-12-24T16:00,10.5,7.3,196.0,2.7,3.5,135.0
2023-12-24T17:00,10.8,7.5,189.0,2.6,3.2,134.0
2023-12-24T18:00,11.2,7.7,189.0,3.6,3.2,131.0
2023-12-24T19:00,11.2,7.8,196.0,5.8,3.5,125.0
2023-12-24T20:00,12.7,8.8,208.0,9.0,4.1,117.0
2023-12-24T21:00,15.4,10.6,231.0,13.2,5.2,107.0
2023-12-24T22:00,19.2,13.3,267.0,19.1,7.2,95.0
2023-12-24T23:00,24.2,16.8,313.0,26.0,9.8,82.0
2023-12-25T00:00,27.8,19.3,424.0,40.7,12.6,53.0
2023-12-25T01:00,36.8,25.7,488.0,47.0,13.6,43.0
2023-12-25T02:00,46.0,32.0,576.0,55.4,14.9,30.0
2023-12-25T03:00,52.5,36.7,632.0,59.7,15.6,20.0
2023-12-25T04:00,53.3,37.3,627.0,56.2,15.2,16.0
2023-12-25T05:00,53.7,37.6,590.0,48.6,14.1,15.0
2023-12-25T06:00,53.0,37.1,556.0,42.2,13.4,16.0
2023-12-25T07:00,51.9,36.3,544.0,39.7,13.4,15.0
2023-12-25T08:00,50.4,35.3,535.0,38.3,13.6,16.0
2023-12-25T09:00,49.0,34.3,510.0,34.9,13.7,32.0
2023-12-25T10:00,52.4,36.7,454.0,27.0,13.8,80.0
2023-12-25T11:00,37.7,26.4,382.0,17.2,13.7,143.0
2023-12-25T12:00,12.0,8.4,271.0,7.7,8.9,161.0
2023-12-25T13:00,7.5,5.3,245.0,6.2,7.3,153.0
2023-12-25T14:00,7.5,5.2,209.0,4.2,5.1,142.0
2023-12-25T15:00,8.4,5.8,182.0,2.9,3.4,132.0
2023-12-25T16:00,8.6,6.0,171.0,2.6,2.7,126.0
2023-12-25T17:00,8.0,5.6,168.0,2.9,2.5,121.0
2023-12-25T18:00,7.1,4.9,172.0,4.0,2.5,116.0
2023-12-25T19:00,6.7,4.6,185.0,6.3,2.7,109.0
2023-12-25T20:00,7.0,4.9,204.0,9.4,3.0,101.0
2023-12-25T21:00,8.9,6.2,221.0,12.3,3.5,92.0
2023-12-25T22:00,9.7,6.8,234.0,14.9,4.2,80.0
2023-12-25T23:00,10.7,7.5,245.0,17.3,5.0,67.0
2023-12-26T00:00,12.8,8.9,249.0,18.0,5.5,59.0
2023-12-26T01:00,13.8,9.6,244.0,17.2,5.3,57.0
2023-12-26T02:00,13.7,9.6,237.0,16.0,5.0,55.0
2023-12-26T03:00,13.7,9.6,229.0,14.9,4.8,53.0
2023-12-26T04:00,13.7,9.6,221.0,13.7,4.8,51.0
2023-12-26T05:00,13.3,9.3,212.0,12.5,4.9,50.0
2023-12-26T06:00,12.5,8.7,207.0,11.8,5.0,48.0
2023-12-26T07:00,12.0,8.4,209.0,12.0,5.2,44.0
2023-12-26T08:00,11.9,8.3,214.0,12.7,5.5,39.0
2023-12-26T09:00,12.8,9.0,220.0,12.6,5.7,42.0
2023-12-26T10:00,15.6,10.9,227.0,10.9,5.6,59.0
2023-12-26T11:00,18.3,12.7,234.0,8.4,5.4,84.0
2023-12-26T12:00,18.8,13.0,236.0,6.4,5.5,103.0
2023-12-26T13:00,19.7,13.4,226.0,6.1,5.0,98.0
2023-12-26T14:00,16.7,11.1,212.0,5.8,4.3,91.0
2023-12-26T15:00,17.4,11.4,200.0,5.6,3.8,87.0
2023-12-26T16:00,19.8,12.9,190.0,5.4,3.6,91.0
2023-12-26T17:00,18.9,12.3,182.0,5.3,3.6,99.0
2023-12-26T18:00,16.9,10.9,181.0,6.2,3.9,103.0
2023-12-26T19:00,20.4,13.2,192.0,8.9,4.7,100.0
2023-12-26T20:00,24.7,16.0,210.0,12.5,5.7,94.0
2023-12-26T21:00,24.4,15.9,219.0,15.3,6.5,86.0
2023-12-26T22:00,24.0,15.5,213.0,16.5,6.7,75.0
2023-12-26T23:00,24.4,15.8,198.0,16.8,6.6,61.0
2023-12-27T00:00,19.6,12.5,146.0,12.5,4.9,52.0
2023-12-27T01:00,19.0,12.0,148.0,13.0,5.2,50.0
2023-12-27T02:00,18.0,11.3,150.0,13.6,5.7,47.0
2023-12-27T03:00,17.2,10.9,150.0,14.0,6.1,45.0
2023-12-27T04:00,17.4,10.9,146.0,13.9,6.4,43.0
2023-12-27T05:00,17.3,10.7,141.0,13.6,6.7,42.0
2023-12-27T06:00,17.2,10.7,136.0,13.3,6.9,41.0
2023-12-27T07:00,18.7,11.4,132.0,13.1,6.8,39.0
2023-12-27T08:00,18.5,11.3,129.0,13.0,6.7,37.0
2023-12-27T09:00,18.1,11.0,130.0,12.4,6.5,40.0
2023-12-27T10:00,17.1,10.4,139.0,11.2,6.4,49.0
2023-12-27T11:00,17.3,10.7,153.0,9.6,6.4,62.0
2023-12-27T12:00,18.9,12.4,168.0,7.4,6.7,91.0
2023-12-27T13:00,22.3,14.8,171.0,6.3,6.7,106.0
2023-12-27T14:00,25.0,16.6,175.0,4.8,6.7,127.0
2023-12-27T15:00,26.5,17.5,178.0,3.7,6.6,141.0
2023-12-27T16:00,26.2,17.1,177.0,3.3,6.2,144.0
2023-12-27T17:00,26.8,17.3,175.0,3.4,5.6,140.0
2023-12-27T18:00,26.6,16.9,174.0,4.0,5.3,133.0
2023-12-27T19:00,26.1,16.5,175.0,5.2,5.3,123.0
2023-12-27T20:00,25.1,15.8,177.0,7.0,5.5,109.0
2023-12-27T21:00,23.7,15.0,182.0,9.7,6.0,93.0
2023-12-27T22:00,21.9,14.0,191.0,14.0,7.1,73.0
2023-12-27T23:00,21.9,14.0,203.0,19.1,8.6,52.0
2023-12-28T00:00,19.8,12.4,185.0,19.8,8.5,33.0
2023-12-28T01:00,19.6,12.3,184.0,20.1,8.6,31.0
2023-12-28T02:00,18.5,11.9,183.0,20.5,8.7,28.0
2023-12-28T03:00,17.8,11.6,180.0,20.8,8.9,25.0
2023-12-28T04:00,17.2,11.3,174.0,20.7,9.1,23.0
2023-12-28T05:00,17.1,11.3,168.0,20.4,9.4,22.0
2023-12-28T06:00,16.7,11.2,166.0,20.5,9.8,21.0
2023-12-28T07:00,16.8,11.3,173.0,22.1,10.6,17.0
2023-12-28T08:00,17.6,12.0,184.0,24.2,11.6,13.0
2023-12-28T09:00,19.8,13.6,196.0,24.1,12.3,24.0
2023-12-28T10:00,22.4,15.5,207.0,20.0,12.7,61.0
2023-12-28T11:00,25.0,17.3,219.0,13.8,13.0,112.0
2023-12-28T12:00,24.3,16.9,209.0,8.3,11.9,149.0
2023-12-28T13:00,25.7,17.9,210.0,7.0,10.7,160.0
2023-12-28T14:00,25.3,17.6,211.0,5.2,9.0,174.0
2023-12-28T15:00,25.3,17.6,210.0,3.9,7.7,185.0
2023-12-28T16:00,25.7,17.8,205.0,3.3,6.9,189.0
2023-12-28T17:00,26.1,17.9,198.0,3.3,6.4,189.0
2023-12-28T18:00,26.0,17.6,197.0,4.1,6.3,185.0
2023-12-28T19:00,28.2,18.6,199.0,5.6,6.7,179.0
2023-12-28T20:00,31.5,20.4,206.0,8.0,7.5,169.0
2023-12-28T21:00,34.1,21.8,230.0,12.3,8.5,153.0
2023-12-28T22:00,38.2,25.0,285.0,20.2,9.9,125.0
2023-12-28T23:00,42.0,28.1,357.0,30.0,11.6,91.0
2023-12-29T00:00,44.9,30.0,380.0,36.4,14.8,67.0
2023-12-29T01:00,53.4,35.7,414.0,39.9,15.6,57.0
2023-12-29T02:00,60.1,40.5,460.0,44.5,16.7,43.0
2023-12-29T03:00,64.0,43.7,487.0,46.6,17.3,32.0
2023-12-29T04:00,65.0,44.5,478.0,43.9,16.9,28.0
2023-12-29T05:00,65.0,44.5,451.0,38.6,16.0,28.0
2023-12-29T06:00,63.6,43.7,425.0,34.1,15.5,30.0
2023-12-29T07:00,62.4,42.8,411.0,32.2,15.9,31.0
2023-12-29T08:00,61.7,42.3,399.0,31.0,16.8,34.0
2023-12-29T09:00,58.7,40.4,380.0,28.3,16.9,50.0
2023-12-29T10:00,58.1,40.0,348.0,22.4,16.0,94.0
2023-12-29T11:00,49.4,33.8,309.0,15.0,14.4,152.0
2023-12-29T12:00,27.8,19.2,256.0,8.6,11.1,185.0
2023-12-29T13:00,16.8,11.6,232.0,6.9,9.0,176.0
2023-12-29T14:00,13.5,9.4,200.0,4.5,6.1,163.0
2023-12-29T15:00,12.7,8.8,175.0,2.8,3.9,153.0
2023-12-29T16:00,12.0,8.4,160.0,1.7,2.9,148.0
2023-12-29T17:00,10.7,7.5,153.0,1.3,2.5,145.0
2023-12-29T18:00,8.9,6.2,165.0,3.2,2.6,140.0
2023-12-29T19:00,7.5,5.2,202.0,8.4,3.0,130.0
2023-12-29T20:00,10.7,7.4,257.0,15.9,3.8,118.0
2023-12-29T21:00,19.1,13.2,327.0,24.9,5.4,103.0
2023-12-29T22:00,28.8,20.0,424.0,37.0,8.5,82.0
2023-12-29T23:00,35.4,24.6,534.0,50.6,12.3,58.0
2023-12-30T00:00,34.3,23.9,585.0,59.8,13.9,31.0
2023-12-30T01:00,35.3,24.6,609.0,60.6,13.6,24.0
2023-12-30T02:00,35.4,24.7,638.0,61.2,13.3,14.0
2023-12-30T03:00,34.8,24.3,636.0,58.2,13.0,14.0
2023-12-30T04:00,33.6,23.5,581.0,48.8,13.3,32.0
2023-12-30T05:00,38.3,26.7,495.0,35.8,13.7,60.0
2023-12-30T06:00,51.2,34.9,407.0,24.6,13.1,78.0
2023-12-30T07:00,40.4,26.5,315.0,16.9,10.2,78.0
2023-12-30T08:00,24.0,15.3,221.0,10.9,6.2,70.0
2023-12-30T09:00,15.4,10.0,161.0,7.4,3.5,63.0
2023-12-30T10:00,14.6,9.6,161.0,7.7,3.4,61.0
2023-12-30T11:00,16.7,11.2,195.0,10.4,4.6,61.0
2023-12-30T12:00,21.3,14.1,226.0,14.5,6.1,54.0
2023-12-30T13:00,23.9,16.0,225.0,12.6,6.2,65.0
2023-12-30T14:00,21.7,14.7,225.0,10.0,6.3,81.0
2023-12-30T15:00,17.4,11.9,222.0,7.9,6.1,94.0
2023-12-30T16:00,18.2,12.5,217.0,6.6,5.4,102.0
2023-12-30T17:00,16.4,11.1,210.0,5.9,4.4,106.0
2023-12-30T18:00,16.5,11.1,204.0,5.9,3.7,106.0
2023-12-30T19:00,17.0,11.2,199.0,7.0,3.6,98.0
2023-12-30T20:00,18.2,11.8,195.0,8.9,3.8,84.0
2023-12-30T21:00,18.2,11.6,190.0,10.6,4.1,72.0
2023-12-30T22:00,18.5,11.7,184.0,12.1,4.7,63.0
2023-12-30T23:00,19.3,12.0,179.0,13.4,5.5,56.0
2023-12-31T00:00,22.1,13.9,183.0,16.1,6.9,47.0
2023-12-31T01:00,23.1,14.5,182.0,16.4,6.8,45.0
2023-12-31T02:00,24.1,15.3,181.0,16.7,6.7,43.0
2023-12-31T03:00,24.8,15.7,177.0,16.6,6.5,41.0
2023-12-31T04:00,23.5,15.0,168.0,15.8,6.1,40.0
2023-12-31T05:00,23.4,15.0,158.0,14.6,5.7,40.0
2023-12-31T06:00,22.4,14.3,149.0,13.8,5.6,40.0
2023-12-31T07:00,21.0,13.4,144.0,14.3,6.2,37.0
2023-12-31T08:00,19.1,12.2,142.0,15.2,7.1,34.0
2023-12-31T09:00,18.8,12.0,143.0,15.1,7.7,37.0
2023-12-31T10:00,17.9,11.3,150.0,12.7,7.5,52.0
2023-12-31T11:00,19.6,12.1,162.0,9.2,7.0,72.0
2023-12-31T12:00,18.0,11.6,177.0,6.9,6.8,91.0
2023-12-31T13:00,18.7,12.1,179.0,6.0,6.7,101.0
2023-12-31T14:00,20.0,13.1,183.0,4.8,6.5,116.0
2023-12-31T15:00,22.1,14.5,184.0,4.0,6.4,125.0
2023-12-31T16:00,22.4,14.6,182.0,3.8,6.3,127.0
2023-12-31T17:00,22.1,14.1,177.0,4.1,6.2,125.0
2023-12-31T18:00,21.4,13.4,173.0,4.9,6.0,116.0
2023-12-31T19:00,19.8,12.3,169.0,6.6,5.6,97.0
2023-12-31T20:00,17.6,10.5,164.0,9.0,5.0,71.0
2023-12-31T21:00,15.7,9.3,161.0,11.0,4.8,51.0
2023-12-31T22:00,15.4,9.2,159.0,12.3,5.0,41.0
2023-12-31T23:00,14.6,8.7,157.0,13.4,5.6,36.0
